evaluation,evaluation_kind,start,end,k,copies,policy,split,replacement_reserve,max_replacements_per_exit,offers,requested_copies,filled_copies,completed_fills,fill_rate,offer_coverage,full_copy_coverage,contract_hours,initial_stop_risk,delivered_raw_net,max_concurrent_contracts,initial_seat_cost,initial_capital,total_seat_spend,replacements,seats_bought,deaths,zero_seat_events,ruined,worst_death_cluster,worst_death_fraction,large_shock_events,min_live_seats,terminal_live_seats,terminal_frozen_seats,gross_payouts,net_payouts,terminal_cash,raw_prop_pnl,safe_withdrawable,realized_wealth,cashout_wealth,mark_to_model_wealth,cashout_return_on_initial,first_payout_days,live_assignment_std
train_2020_2022,holdout,2020-01-01,2023-01-01 00:00:00,1,1,round_robin,0.90000000,1000.00000000,1,5726,5726,4228,4228,0.73838631,0.73838631,0.73838631,6795.01694444,275736.00000000,2937.60000000,1,200.00000000,1200.00000000,600.00000000,2,3,2,2,False,1,1.00000000,0,0,1,1,1400.00000000,1260.00000000,1860.00000000,1577.60000000,0.00000000,660.00000000,660.00000000,2079.84000000,0.55000000,783.52083333,0.00000000
train_2020_2022,holdout,2020-01-01,2023-01-01 00:00:00,1,1,least_trades,0.90000000,1000.00000000,1,5726,5726,4228,4228,0.73838631,0.73838631,0.73838631,6795.01694444,275736.00000000,2937.60000000,1,200.00000000,1200.00000000,600.00000000,2,3,2,2,False,1,1.00000000,0,0,1,1,1400.00000000,1260.00000000,1860.00000000,1577.60000000,0.00000000,660.00000000,660.00000000,2079.84000000,0.55000000,783.52083333,0.00000000
train_2020_2022,holdout,2020-01-01,2023-01-01 00:00:00,1,1,max_headroom,0.90000000,1000.00000000,1,5726,5726,4228,4228,0.73838631,0.73838631,0.73838631,6795.01694444,275736.00000000,2937.60000000,1,200.00000000,1200.00000000,600.00000000,2,3,2,2,False,1,1.00000000,0,0,1,1,1400.00000000,1260.00000000,1860.00000000,1577.60000000,0.00000000,660.00000000,660.00000000,2079.84000000,0.55000000,783.52083333,0.00000000
train_2020_2022,holdout,2020-01-01,2023-01-01 00:00:00,1,1,min_headroom,0.90000000,1000.00000000,1,5726,5726,4228,4228,0.73838631,0.73838631,0.73838631,6795.01694444,275736.00000000,2937.60000000,1,200.00000000,1200.00000000,600.00000000,2,3,2,2,False,1,1.00000000,0,0,1,1,1400.00000000,1260.00000000,1860.00000000,1577.60000000,0.00000000,660.00000000,660.00000000,2079.84000000,0.55000000,783.52083333,0.00000000
train_2020_2022,holdout,2020-01-01,2023-01-01 00:00:00,1,1,protect_frozen,0.90000000,1000.00000000,1,5726,5726,4228,4228,0.73838631,0.73838631,0.73838631,6795.01694444,275736.00000000,2937.60000000,1,200.00000000,1200.00000000,600.00000000,2,3,2,2,False,1,1.00000000,0,0,1,1,1400.00000000,1260.00000000,1860.00000000,1577.60000000,0.00000000,660.00000000,660.00000000,2079.84000000,0.55000000,783.52083333,0.00000000
train_2020_2022,holdout,2020-01-01,2023-01-01 00:00:00,1,1,stable_hash,0.90000000,1000.00000000,1,5726,5726,4228,4228,0.73838631,0.73838631,0.73838631,6795.01694444,275736.00000000,2937.60000000,1,200.00000000,1200.00000000,600.00000000,2,3,2,2,False,1,1.00000000,0,0,1,1,1400.00000000,1260.00000000,1860.00000000,1577.60000000,0.00000000,660.00000000,660.00000000,2079.84000000,0.55000000,783.52083333,0.00000000
train_2020_2022,holdout,2020-01-01,2023-01-01 00:00:00,2,1,round_robin,0.90000000,1000.00000000,1,5726,5726,5479,5479,0.95686343,0.95686343,0.95686343,8456.00583333,341701.00000000,8844.05000000,2,400.00000000,1400.00000000,800.00000000,2,4,2,0,False,1,0.50000000,0,1,2,2,4800.00000000,4320.00000000,4920.00000000,7635.50000000,2948.53500000,3520.00000000,6468.53500000,10391.95000000,4.62038214,152.72916667,747.00000000
train_2020_2022,holdout,2020-01-01,2023-01-01 00:00:00,2,1,least_trades,0.90000000,1000.00000000,1,5726,5726,5479,5479,0.95686343,0.95686343,0.95686343,8456.00583333,341701.00000000,8844.05000000,2,400.00000000,1400.00000000,1400.00000000,5,7,5,0,False,1,0.50000000,0,1,2,2,5000.00000000,4500.00000000,4500.00000000,7522.80000000,2925.40500000,3100.00000000,6025.40500000,9870.52000000,4.30386071,316.50000000,419.00000000
train_2020_2022,holdout,2020-01-01,2023-01-01 00:00:00,2,1,max_headroom,0.90000000,1000.00000000,1,5726,5726,5479,5479,0.95686343,0.95686343,0.95686343,8456.00583333,341701.00000000,8844.05000000,2,400.00000000,1400.00000000,600.00000000,1,3,1,0,False,1,0.50000000,0,1,2,2,3400.00000000,3060.00000000,3860.00000000,5643.80000000,399.42000000,2460.00000000,2859.42000000,7539.42000000,2.04244286,373.10416667,61.00000000
train_2020_2022,holdout,2020-01-01,2023-01-01 00:00:00,2,1,min_headroom,0.90000000,1000.00000000,1,5726,5726,5479,5479,0.95686343,0.95686343,0.95686343,8456.00583333,341701.00000000,8844.05000000,2,400.00000000,1400.00000000,1200.00000000,4,6,4,0,False,1,0.50000000,0,1,2,2,4200.00000000,3780.00000000,3980.00000000,7159.00000000,2365.11000000,2580.00000000,4945.11000000,9023.10000000,3.53222143,665.66666667,637.00000000
train_2020_2022,holdout,2020-01-01,2023-01-01 00:00:00,2,1,protect_frozen,0.90000000,1000.00000000,1,5726,5726,5479,5479,0.95686343,0.95686343,0.95686343,8456.00583333,341701.00000000,8844.05000000,2,400.00000000,1400.00000000,1400.00000000,5,7,5,0,False,1,0.50000000,0,1,2,2,4200.00000000,3780.00000000,3780.00000000,6525.30000000,1976.26500000,2380.00000000,4356.26500000,8252.77000000,3.11161786,446.52083333,401.00000000
train_2020_2022,holdout,2020-01-01,2023-01-01 00:00:00,2,1,stable_hash,0.90000000,1000.00000000,1,5726,5726,5479,5479,0.95686343,0.95686343,0.95686343,8456.00583333,341701.00000000,8844.05000000,2,400.00000000,1400.00000000,1200.00000000,4,6,4,0,False,1,0.50000000,0,1,2,1,4800.00000000,4320.00000000,4520.00000000,5481.75000000,3325.77000000,3120.00000000,6445.77000000,8785.77000000,4.60412143,252.83333333,1271.50000000
train_2020_2022,holdout,2020-01-01,2023-01-01 00:00:00,3,1,round_robin,0.90000000,1000.00000000,1,5726,5726,5700,5700,0.99545931,0.99545931,0.99545931,8673.45583333,352188.00000000,9344.00000000,3,600.00000000,1600.00000000,800.00000000,1,4,1,0,False,1,0.33333333,0,2,3,3,3200.00000000,2880.00000000,3680.00000000,8200.85000000,1113.30000000,2080.00000000,3193.30000000,9460.76500000,1.99581250,698.70833333,224.66913945
train_2020_2022,holdout,2020-01-01,2023-01-01 00:00:00,3,1,least_trades,0.90000000,1000.00000000,1,5726,5726,5700,5700,0.99545931,0.99545931,0.99545931,8673.45583333,352188.00000000,9344.00000000,3,600.00000000,1600.00000000,1200.00000000,3,6,3,0,False,1,0.33333333,0,2,3,3,2400.00000000,2160.00000000,2560.00000000,7850.25000000,1062.22500000,960.00000000,2022.22500000,8025.22500000,1.26389062,446.52083333,287.55675768
train_2020_2022,holdout,2020-01-01,2023-01-01 00:00:00,3,1,max_headroom,0.90000000,1000.00000000,1,5726,5726,5700,5700,0.99545931,0.99545931,0.99545931,8673.45583333,352188.00000000,9344.00000000,3,600.00000000,1600.00000000,600.00000000,0,3,0,0,False,0,0.00000000,0,3,3,3,3800.00000000,3420.00000000,4420.00000000,5544.00000000,129.10500000,2820.00000000,2949.10500000,7809.60000000,1.84319062,233.97916667,252.92027729
train_2020_2022,holdout,2020-01-01,2023-01-01 00:00:00,3,1,min_headroom,0.90000000,1000.00000000,1,5726,5726,5700,5700,0.99545931,0.99545931,0.99545931,8673.45583333,352188.00000000,9344.00000000,3,600.00000000,1600.00000000,1400.00000000,4,7,4,0,False,1,0.33333333,0,2,3,3,2800.00000000,2520.00000000,2720.00000000,9082.50000000,2063.34000000,1120.00000000,3183.34000000,9294.25000000,1.98958750,751.39583333,224.37518183
train_2020_2022,holdout,2020-01-01,2023-01-01 00:00:00,3,1,protect_frozen,0.90000000,1000.00000000,1,5726,5726,5700,5700,0.99545931,0.99545931,0.99545931,8673.45583333,352188.00000000,9344.00000000,3,600.00000000,1600.00000000,1800.00000000,6,9,6,0,False,1,0.33333333,0,2,3,3,3800.00000000,3420.00000000,3220.00000000,9884.00000000,2477.61000000,1620.00000000,4097.61000000,10515.60000000,2.56100625,391.97916667,32.05550741
train_2020_2022,holdout,2020-01-01,2023-01-01 00:00:00,3,1,stable_hash,0.90000000,1000.00000000,1,5726,5726,5700,5700,0.99545931,0.99545931,0.99545931,8673.45583333,352188.00000000,9344.00000000,3,600.00000000,1600.00000000,1000.00000000,2,5,2,0,False,1,0.33333333,0,2,3,3,3400.00000000,3060.00000000,3660.00000000,7096.05000000,1752.16500000,2060.00000000,3812.16500000,8446.44500000,2.38260312,764.41666667,513.40518978
train_2020_2022,holdout,2020-01-01,2023-01-01 00:00:00,4,1,round_robin,0.90000000,1000.00000000,1,5726,5726,5725,5725,0.99982536,0.99982536,0.99982536,8687.91694444,353513.50000000,8566.25000000,4,800.00000000,1800.00000000,1400.00000000,3,7,3,0,False,1,0.25000000,0,3,4,3,3400.00000000,3060.00000000,3460.00000000,7433.60000000,897.03000000,1660.00000000,2557.03000000,9397.30000000,1.42057222,308.20833333,582.79391726
train_2020_2022,holdout,2020-01-01,2023-01-01 00:00:00,4,1,least_trades,0.90000000,1000.00000000,1,5726,5726,5725,5725,0.99982536,0.99982536,0.99982536,8687.91694444,353513.50000000,8566.25000000,4,800.00000000,1800.00000000,1200.00000000,2,6,2,0,False,1,0.25000000,0,3,4,4,2000.00000000,1800.00000000,2400.00000000,8603.85000000,255.82500000,600.00000000,855.82500000,8343.46500000,0.47545833,693.91666667,120.52256013
train_2020_2022,holdout,2020-01-01,2023-01-01 00:00:00,4,1,max_headroom,0.90000000,1000.00000000,1,5726,5726,5725,5725,0.99982536,0.99982536,0.99982536,8687.91694444,353513.50000000,8566.25000000,4,800.00000000,1800.00000000,1000.00000000,1,5,1,0,False,1,0.25000000,0,3,4,3,3800.00000000,3420.00000000,4220.00000000,6535.70000000,248.62500000,2420.00000000,2668.62500000,8302.13000000,1.48256944,140.70833333,917.19150127
train_2020_2022,holdout,2020-01-01,2023-01-01 00:00:00,4,1,min_headroom,0.90000000,1000.00000000,1,5726,5726,5725,5725,0.99982536,0.99982536,0.99982536,8687.91694444,353513.50000000,8566.25000000,4,800.00000000,1800.00000000,1600.00000000,4,8,4,0,False,1,0.25000000,0,3,4,4,1800.00000000,1620.00000000,1820.00000000,11073.90000000,1606.45500000,20.00000000,1626.45500000,9986.51000000,0.90358611,832.66666667,428.59888007
train_2020_2022,holdout,2020-01-01,2023-01-01 00:00:00,4,1,protect_frozen,0.90000000,1000.00000000,1,5726,5726,5725,5725,0.99982536,0.99982536,0.99982536,8687.91694444,353513.50000000,8566.25000000,4,800.00000000,1800.00000000,1600.00000000,4,8,4,0,False,1,0.25000000,0,3,4,4,1800.00000000,1620.00000000,1820.00000000,9787.00000000,394.11000000,20.00000000,414.11000000,8828.30000000,0.23006111,817.70833333,134.94443301
train_2020_2022,holdout,2020-01-01,2023-01-01 00:00:00,4,1,stable_hash,0.90000000,1000.00000000,1,5726,5726,5725,5725,0.99982536,0.99982536,0.99982536,8687.91694444,353513.50000000,8566.25000000,4,800.00000000,1800.00000000,1600.00000000,4,8,4,0,False,1,0.25000000,0,3,4,2,3600.00000000,3240.00000000,3440.00000000,8823.60000000,2417.22000000,1640.00000000,4057.22000000,9581.24000000,2.25401111,755.87500000,554.07873989
train_2020_2022,holdout,2020-01-01,2023-01-01 00:00:00,5,1,round_robin,0.90000000,1000.00000000,1,5726,5726,5726,5726,1.00000000,1.00000000,1.00000000,8688.48916667,353556.50000000,8622.70000000,5,1000.00000000,2000.00000000,1400.00000000,2,7,2,0,False,1,0.20000000,0,4,5,3,2400.00000000,2160.00000000,2760.00000000,9156.70000000,1080.09000000,760.00000000,1840.09000000,9001.03000000,0.92004500,308.20833333,262.62475131
train_2020_2022,holdout,2020-01-01,2023-01-01 00:00:00,5,1,least_trades,0.90000000,1000.00000000,1,5726,5726,5726,5726,1.00000000,1.00000000,1.00000000,8688.48916667,353556.50000000,8622.70000000,5,1000.00000000,2000.00000000,2200.00000000,6,11,6,0,False,1,0.20000000,0,4,5,5,2400.00000000,2160.00000000,1960.00000000,13056.15000000,1064.47500000,-40.00000000,1024.47500000,11710.53500000,0.51223750,468.91666667,0.48989795
train_2020_2022,holdout,2020-01-01,2023-01-01 00:00:00,5,1,max_headroom,0.90000000,1000.00000000,1,5726,5726,5726,5726,1.00000000,1.00000000,1.00000000,8688.48916667,353556.50000000,8622.70000000,5,1000.00000000,2000.00000000,1000.00000000,0,5,0,0,False,0,0.00000000,0,5,5,2,3600.00000000,3240.00000000,4240.00000000,5022.70000000,1953.36000000,2240.00000000,4193.36000000,8985.09500000,2.09668000,232.89583333,1186.08691081
train_2020_2022,holdout,2020-01-01,2023-01-01 00:00:00,5,1,min_headroom,0.90000000,1000.00000000,1,5726,5726,5726,5726,1.00000000,1.00000000,1.00000000,8688.48916667,353556.50000000,8622.70000000,5,1000.00000000,2000.00000000,1800.00000000,4,9,4,0,False,1,0.20000000,0,4,5,5,800.00000000,720.00000000,920.00000000,12608.70000000,1139.62500000,-1080.00000000,59.62500000,10267.83000000,0.02981250,926.97916667,362.22170007
train_2020_2022,holdout,2020-01-01,2023-01-01 00:00:00,5,1,protect_frozen,0.90000000,1000.00000000,1,5726,5726,5726,5726,1.00000000,1.00000000,1.00000000,8688.48916667,353556.50000000,8622.70000000,5,1000.00000000,2000.00000000,1800.00000000,4,9,4,0,False,1,0.20000000,0,4,5,5,1200.00000000,1080.00000000,1280.00000000,12335.45000000,199.48500000,-720.00000000,-520.51500000,10381.90500000,-0.26025750,876.60416667,116.18502485
train_2020_2022,holdout,2020-01-01,2023-01-01 00:00:00,5,1,stable_hash,0.90000000,1000.00000000,1,5726,5726,5726,5726,1.00000000,1.00000000,1.00000000,8688.48916667,353556.50000000,8622.70000000,5,1000.00000000,2000.00000000,1600.00000000,3,8,3,0,False,1,0.20000000,0,4,5,3,3600.00000000,3240.00000000,3640.00000000,10176.25000000,1891.93500000,1640.00000000,3531.93500000,11273.42000000,1.76596750,621.56250000,455.21291722
train_2020_2022,holdout,2020-01-01,2023-01-01 00:00:00,6,1,round_robin,0.90000000,1000.00000000,1,5726,5726,5726,5726,1.00000000,1.00000000,1.00000000,8688.48916667,353556.50000000,8622.70000000,5,1200.00000000,2200.00000000,1400.00000000,1,7,1,0,False,1,0.16666667,0,5,6,4,1400.00000000,1260.00000000,2060.00000000,8539.40000000,685.57500000,-140.00000000,545.57500000,9166.85500000,0.24798864,758.95833333,168.90102296
train_2020_2022,holdout,2020-01-01,2023-01-01 00:00:00,6,1,least_trades,0.90000000,1000.00000000,1,5726,5726,5726,5726,1.00000000,1.00000000,1.00000000,8688.48916667,353556.50000000,8622.70000000,5,1200.00000000,2200.00000000,2000.00000000,4,10,4,0,False,1,0.16666667,0,5,6,3,1400.00000000,1260.00000000,1460.00000000,10103.95000000,2.47500000,-740.00000000,-737.52500000,8867.23000000,-0.33523864,470.83333333,0.37267800
train_2020_2022,holdout,2020-01-01,2023-01-01 00:00:00,6,1,max_headroom,0.90000000,1000.00000000,1,5726,5726,5726,5726,1.00000000,1.00000000,1.00000000,8688.48916667,353556.50000000,8622.70000000,5,1200.00000000,2200.00000000,1200.00000000,0,6,0,0,False,0,0.00000000,0,6,6,4,4200.00000000,3780.00000000,4780.00000000,4422.70000000,310.32000000,2580.00000000,2890.32000000,8873.11500000,1.31378182,139.70833333,631.54035676
train_2020_2022,holdout,2020-01-01,2023-01-01 00:00:00,6,1,min_headroom,0.90000000,1000.00000000,1,5726,5726,5726,5726,1.00000000,1.00000000,1.00000000,8688.48916667,353556.50000000,8622.70000000,5,1200.00000000,2200.00000000,2000.00000000,4,10,4,0,False,1,0.16666667,0,5,6,4,0.00000000,0.00000000,200.00000000,11160.15000000,200.97000000,-2000.00000000,-1799.03000000,8152.40500000,-0.81774091,,253.37242023
train_2020_2022,holdout,2020-01-01,2023-01-01 00:00:00,6,1,protect_frozen,0.90000000,1000.00000000,1,5726,5726,5726,5726,1.00000000,1.00000000,1.00000000,8688.48916667,353556.50000000,8622.70000000,5,1200.00000000,2200.00000000,2000.00000000,4,10,4,0,False,1,0.16666667,0,5,6,6,400.00000000,360.00000000,560.00000000,14325.90000000,67.14000000,-1640.00000000,-1572.86000000,11253.31000000,-0.71493636,980.89583333,135.46668307
train_2020_2022,holdout,2020-01-01,2023-01-01 00:00:00,6,1,stable_hash,0.90000000,1000.00000000,1,5726,5726,5726,5726,1.00000000,1.00000000,1.00000000,8688.48916667,353556.50000000,8622.70000000,5,1200.00000000,2200.00000000,2000.00000000,4,10,4,0,False,1,0.16666667,0,5,6,3,3600.00000000,3240.00000000,3440.00000000,10887.05000000,1909.80000000,1240.00000000,3149.80000000,11506.21000000,1.43172727,617.62500000,380.00105994
train_2020_2022,holdout,2020-01-01,2023-01-01 00:00:00,8,1,round_robin,0.90000000,1000.00000000,1,5726,5726,5726,5726,1.00000000,1.00000000,1.00000000,8688.48916667,353556.50000000,8622.70000000,5,1600.00000000,2600.00000000,2000.00000000,2,10,2,0,False,1,0.12500000,0,7,8,4,1200.00000000,1080.00000000,1680.00000000,9399.25000000,546.48000000,-920.00000000,-373.52000000,8605.10500000,-0.14366154,818.87500000,190.53670086
train_2020_2022,holdout,2020-01-01,2023-01-01 00:00:00,8,1,least_trades,0.90000000,1000.00000000,1,5726,5726,5726,5726,1.00000000,1.00000000,1.00000000,8688.48916667,353556.50000000,8622.70000000,5,1600.00000000,2600.00000000,2400.00000000,4,12,4,0,False,1,0.12500000,0,7,8,3,2600.00000000,2340.00000000,2540.00000000,8786.60000000,1356.21000000,-60.00000000,1296.21000000,9909.03000000,0.49854231,783.72916667,0.00000000
train_2020_2022,holdout,2020-01-01,2023-01-01 00:00:00,8,1,max_headroom,0.90000000,1000.00000000,1,5726,5726,5726,5726,1.00000000,1.00000000,1.00000000,8688.48916667,353556.50000000,8622.70000000,5,1600.00000000,2600.00000000,1600.00000000,0,8,0,0,False,0,0.00000000,0,8,8,2,3800.00000000,3420.00000000,4420.00000000,4822.70000000,1718.19000000,1820.00000000,3538.19000000,8572.56500000,1.36084231,656.72916667,697.96037674
train_2020_2022,holdout,2020-01-01,2023-01-01 00:00:00,8,1,min_headroom,0.90000000,1000.00000000,1,5726,5726,5726,5726,1.00000000,1.00000000,1.00000000,8688.48916667,353556.50000000,8622.70000000,5,1600.00000000,2600.00000000,2400.00000000,4,12,4,0,False,1,0.12500000,0,7,8,3,0.00000000,0.00000000,200.00000000,11160.15000000,59.58000000,-2400.00000000,-2340.42000000,8181.34500000,-0.90016154,,294.65867436
train_2020_2022,holdout,2020-01-01,2023-01-01 00:00:00,8,1,protect_frozen,0.90000000,1000.00000000,1,5726,5726,5726,5726,1.00000000,1.00000000,1.00000000,8688.48916667,353556.50000000,8622.70000000,5,1600.00000000,2600.00000000,2600.00000000,5,13,5,0,False,1,0.12500000,0,7,8,5,0.00000000,0.00000000,0.00000000,15320.25000000,70.38000000,-2600.00000000,-2529.62000000,11325.88000000,-0.97293077,,137.90026967
train_2020_2022,holdout,2020-01-01,2023-01-01 00:00:00,8,1,stable_hash,0.90000000,1000.00000000,1,5726,5726,5726,5726,1.00000000,1.00000000,1.00000000,8688.48916667,353556.50000000,8622.70000000,5,1600.00000000,2600.00000000,2200.00000000,3,11,3,0,False,1,0.12500000,0,7,8,3,3800.00000000,3420.00000000,3820.00000000,9992.80000000,2023.11000000,1220.00000000,3243.11000000,13658.76500000,1.24735000,373.10416667,228.05372174
train_2020_2022,holdout,2020-01-01,2023-01-01 00:00:00,10,1,round_robin,0.90000000,1000.00000000,1,5726,5726,5726,5726,1.00000000,1.00000000,1.00000000,8688.48916667,353556.50000000,8622.70000000,5,2000.00000000,3000.00000000,3000.00000000,5,15,5,0,False,1,0.10000000,0,9,10,4,2000.00000000,1800.00000000,1800.00000000,12218.35000000,867.69000000,-1200.00000000,-332.31000000,10445.19000000,-0.11077000,800.56250000,199.63669502
train_2020_2022,holdout,2020-01-01,2023-01-01 00:00:00,10,1,least_trades,0.90000000,1000.00000000,1,5726,5726,5726,5726,1.00000000,1.00000000,1.00000000,8688.48916667,353556.50000000,8622.70000000,5,2000.00000000,3000.00000000,2800.00000000,4,14,4,0,False,1,0.10000000,0,9,10,5,2600.00000000,2340.00000000,2540.00000000,13682.00000000,1603.48500000,-460.00000000,1143.48500000,13279.26500000,0.38116167,433.87500000,0.00000000
train_2020_2022,holdout,2020-01-01,2023-01-01 00:00:00,10,1,max_headroom,0.90000000,1000.00000000,1,5726,5726,5726,5726,1.00000000,1.00000000,1.00000000,8688.48916667,353556.50000000,8622.70000000,5,2000.00000000,3000.00000000,2000.00000000,0,10,0,0,False,0,0.00000000,0,10,10,3,4000.00000000,3600.00000000,4600.00000000,4622.70000000,0.00000000,1600.00000000,1600.00000000,8068.75000000,0.53333333,225.14583333,693.59803921
train_2020_2022,holdout,2020-01-01,2023-01-01 00:00:00,10,1,min_headroom,0.90000000,1000.00000000,1,5726,5726,5726,5726,1.00000000,1.00000000,1.00000000,8688.48916667,353556.50000000,8622.70000000,5,2000.00000000,3000.00000000,2800.00000000,4,14,4,0,False,1,0.10000000,0,9,10,3,0.00000000,0.00000000,200.00000000,11160.15000000,59.58000000,-2800.00000000,-2740.42000000,7781.34500000,-0.91347333,,316.55427655
train_2020_2022,holdout,2020-01-01,2023-01-01 00:00:00,10,1,protect_frozen,0.90000000,1000.00000000,1,5726,5726,5726,5726,1.00000000,1.00000000,1.00000000,8688.48916667,353556.50000000,8622.70000000,5,2000.00000000,3000.00000000,3000.00000000,5,15,5,0,False,1,0.10000000,0,9,10,5,0.00000000,0.00000000,0.00000000,15175.45000000,179.32500000,-3000.00000000,-2820.67500000,11738.98500000,-0.94022500,,176.57658395
train_2020_2022,holdout,2020-01-01,2023-01-01 00:00:00,10,1,stable_hash,0.90000000,1000.00000000,1,5726,5726,5726,5726,1.00000000,1.00000000,1.00000000,8688.48916667,353556.50000000,8622.70000000,5,2000.00000000,3000.00000000,2600.00000000,3,13,3,0,False,1,0.10000000,0,9,10,4,2200.00000000,1980.00000000,2380.00000000,12501.65000000,1313.64000000,-620.00000000,693.64000000,11863.40500000,0.23121333,469.60416667,139.76126073
train_2020_2022,holdout,2020-01-01,2023-01-01 00:00:00,12,1,round_robin,0.90000000,1000.00000000,1,5726,5726,5726,5726,1.00000000,1.00000000,1.00000000,8688.48916667,353556.50000000,8622.70000000,5,2400.00000000,3400.00000000,2800.00000000,2,14,2,0,False,1,0.08333333,0,11,12,3,400.00000000,360.00000000,960.00000000,11364.90000000,0.00000000,-2440.00000000,-2440.00000000,8211.50000000,-0.71764706,670.10416667,134.64201507
train_2020_2022,holdout,2020-01-01,2023-01-01 00:00:00,12,1,least_trades,0.90000000,1000.00000000,1,5726,5726,5726,5726,1.00000000,1.00000000,1.00000000,8688.48916667,353556.50000000,8622.70000000,5,2400.00000000,3400.00000000,3200.00000000,4,16,4,0,False,1,0.08333333,0,11,12,3,2400.00000000,2160.00000000,2360.00000000,13528.60000000,1794.73500000,-1040.00000000,754.73500000,12738.95500000,0.22198088,670.10416667,22.41403330
train_2020_2022,holdout,2020-01-01,2023-01-01 00:00:00,12,1,max_headroom,0.90000000,1000.00000000,1,5726,5726,5726,5726,1.00000000,1.00000000,1.00000000,8688.48916667,353556.50000000,8622.70000000,5,2400.00000000,3400.00000000,2400.00000000,0,12,0,0,False,0,0.00000000,0,12,12,5,3200.00000000,2880.00000000,3880.00000000,5422.70000000,0.00000000,480.00000000,480.00000000,9042.73500000,0.14117647,233.97916667,493.91426944
train_2020_2022,holdout,2020-01-01,2023-01-01 00:00:00,12,1,min_headroom,0.90000000,1000.00000000,1,5726,5726,5726,5726,1.00000000,1.00000000,1.00000000,8688.48916667,353556.50000000,8622.70000000,5,2400.00000000,3400.00000000,3200.00000000,4,16,4,0,False,1,0.08333333,0,11,12,3,0.00000000,0.00000000,200.00000000,11160.15000000,59.58000000,-3200.00000000,-3140.42000000,7381.34500000,-0.92365294,,317.15535757
train_2020_2022,holdout,2020-01-01,2023-01-01 00:00:00,12,1,protect_frozen,0.90000000,1000.00000000,1,5726,5726,5726,5726,1.00000000,1.00000000,1.00000000,8688.48916667,353556.50000000,8622.70000000,5,2400.00000000,3400.00000000,3400.00000000,5,17,5,0,False,1,0.08333333,0,11,12,4,0.00000000,0.00000000,0.00000000,14543.00000000,229.05000000,-3400.00000000,-3170.95000000,10792.19000000,-0.93263235,,103.01321382
train_2020_2022,holdout,2020-01-01,2023-01-01 00:00:00,12,1,stable_hash,0.90000000,1000.00000000,1,5726,5726,5726,5726,1.00000000,1.00000000,1.00000000,8688.48916667,353556.50000000,8622.70000000,5,2400.00000000,3400.00000000,3200.00000000,4,16,4,0,False,1,0.08333333,0,11,12,3,2200.00000000,1980.00000000,2180.00000000,15087.90000000,1147.81500000,-1220.00000000,-72.18500000,12441.41500000,-0.02123088,601.41666667,159.54640565
train_2020_2022,holdout,2020-01-01,2023-01-01 00:00:00,15,1,round_robin,0.90000000,1000.00000000,1,5726,5726,5726,5726,1.00000000,1.00000000,1.00000000,8688.48916667,353556.50000000,8622.70000000,5,3000.00000000,4000.00000000,3800.00000000,4,19,4,0,False,1,0.06666667,0,14,15,3,2000.00000000,1800.00000000,2000.00000000,13791.65000000,1849.77000000,-2000.00000000,-150.23000000,14414.69500000,-0.03755750,785.70833333,114.72916901
train_2020_2022,holdout,2020-01-01,2023-01-01 00:00:00,15,1,least_trades,0.90000000,1000.00000000,1,5726,5726,5726,5726,1.00000000,1.00000000,1.00000000,8688.48916667,353556.50000000,8622.70000000,5,3000.00000000,4000.00000000,4000.00000000,5,20,5,0,False,1,0.06666667,0,14,15,2,200.00000000,180.00000000,180.00000000,17396.35000000,0.00000000,-3820.00000000,-3820.00000000,13385.93000000,-0.95500000,957.93750000,0.49888765
train_2020_2022,holdout,2020-01-01,2023-01-01 00:00:00,15,1,max_headroom,0.90000000,1000.00000000,1,5726,5726,5726,5726,1.00000000,1.00000000,1.00000000,8688.48916667,353556.50000000,8622.70000000,5,3000.00000000,4000.00000000,3000.00000000,0,15,0,0,False,0,0.00000000,0,15,15,3,4600.00000000,4140.00000000,5140.00000000,4022.70000000,0.00000000,1140.00000000,1140.00000000,9410.28000000,0.28500000,635.14583333,450.17618279
train_2020_2022,holdout,2020-01-01,2023-01-01 00:00:00,15,1,min_headroom,0.90000000,1000.00000000,1,5726,5726,5726,5726,1.00000000,1.00000000,1.00000000,8688.48916667,353556.50000000,8622.70000000,5,3000.00000000,4000.00000000,3800.00000000,4,19,4,0,False,1,0.06666667,0,14,15,3,0.00000000,0.00000000,200.00000000,11160.15000000,59.58000000,-3800.00000000,-3740.42000000,6781.34500000,-0.93510500,,306.81529732
train_2020_2022,holdout,2020-01-01,2023-01-01 00:00:00,15,1,protect_frozen,0.90000000,1000.00000000,1,5726,5726,5726,5726,1.00000000,1.00000000,1.00000000,8688.48916667,353556.50000000,8622.70000000,5,3000.00000000,4000.00000000,3800.00000000,4,19,4,0,False,1,0.06666667,0,14,15,5,0.00000000,0.00000000,200.00000000,16769.80000000,105.70500000,-3800.00000000,-3694.29500000,12319.36000000,-0.92357375,,71.27361987
train_2020_2022,holdout,2020-01-01,2023-01-01 00:00:00,15,1,stable_hash,0.90000000,1000.00000000,1,5726,5726,5726,5726,1.00000000,1.00000000,1.00000000,8688.48916667,353556.50000000,8622.70000000,5,3000.00000000,4000.00000000,3800.00000000,4,19,4,0,False,1,0.06666667,0,14,15,3,1400.00000000,1260.00000000,1460.00000000,15726.50000000,690.97500000,-2540.00000000,-1849.02500000,11660.87500000,-0.46225625,657.97916667,135.59236294
train_2020_2022,holdout,2020-01-01,2023-01-01 00:00:00,20,1,round_robin,0.90000000,1000.00000000,1,5726,5726,5726,5726,1.00000000,1.00000000,1.00000000,8688.48916667,353556.50000000,8622.70000000,5,4000.00000000,5000.00000000,4600.00000000,3,23,3,0,False,1,0.05000000,0,19,20,4,400.00000000,360.00000000,760.00000000,14817.35000000,121.23000000,-4240.00000000,-4118.77000000,13968.89000000,-0.82375400,946.14583333,74.24774407
train_2020_2022,holdout,2020-01-01,2023-01-01 00:00:00,20,1,least_trades,0.90000000,1000.00000000,1,5726,5726,5726,5726,1.00000000,1.00000000,1.00000000,8688.48916667,353556.50000000,8622.70000000,5,4000.00000000,5000.00000000,4800.00000000,4,24,4,0,False,1,0.05000000,0,19,20,4,1400.00000000,1260.00000000,1460.00000000,15448.40000000,1315.26000000,-3540.00000000,-2224.74000000,13516.89000000,-0.44494800,776.43750000,0.30000000
train_2020_2022,holdout,2020-01-01,2023-01-01 00:00:00,20,1,max_headroom,0.90000000,1000.00000000,1,5726,5726,5726,5726,1.00000000,1.00000000,1.00000000,8688.48916667,353556.50000000,8622.70000000,5,4000.00000000,5000.00000000,4000.00000000,0,20,0,0,False,0,0.00000000,0,20,20,6,3600.00000000,3240.00000000,4240.00000000,5022.70000000,0.00000000,-760.00000000,-760.00000000,9168.98000000,-0.15200000,247.81250000,298.58049166
train_2020_2022,holdout,2020-01-01,2023-01-01 00:00:00,20,1,min_headroom,0.90000000,1000.00000000,1,5726,5726,5726,5726,1.00000000,1.00000000,1.00000000,8688.48916667,353556.50000000,8622.70000000,5,4000.00000000,5000.00000000,4800.00000000,4,24,4,0,False,1,0.05000000,0,19,20,3,0.00000000,0.00000000,200.00000000,11160.15000000,59.58000000,-4800.00000000,-4740.42000000,5781.34500000,-0.94808400,,284.34297512
train_2020_2022,holdout,2020-01-01,2023-01-01 00:00:00,20,1,protect_frozen,0.90000000,1000.00000000,1,5726,5726,5726,5726,1.00000000,1.00000000,1.00000000,8688.48916667,353556.50000000,8622.70000000,5,4000.00000000,5000.00000000,4800.00000000,4,24,4,0,False,1,0.05000000,0,19,20,5,0.00000000,0.00000000,200.00000000,16715.60000000,123.16500000,-4800.00000000,-4676.83500000,14269.02000000,-0.93536700,,34.45634920
train_2020_2022,holdout,2020-01-01,2023-01-01 00:00:00,20,1,stable_hash,0.90000000,1000.00000000,1,5726,5726,5726,5726,1.00000000,1.00000000,1.00000000,8688.48916667,353556.50000000,8622.70000000,5,4000.00000000,5000.00000000,4400.00000000,2,22,2,0,False,1,0.05000000,0,19,20,3,400.00000000,360.00000000,960.00000000,12726.15000000,0.00000000,-4040.00000000,-4040.00000000,11290.64500000,-0.80800000,698.70833333,74.46695576
train_2020_2022,holdout,2020-01-01,2023-01-01 00:00:00,1,2,round_robin,0.90000000,1000.00000000,1,5726,11452,4228,4228,0.36919315,0.73838631,0.00000000,6795.01694444,275736.00000000,2937.60000000,1,200.00000000,1200.00000000,600.00000000,2,3,2,2,False,1,1.00000000,0,0,1,1,1400.00000000,1260.00000000,1860.00000000,1577.60000000,0.00000000,660.00000000,660.00000000,2079.84000000,0.55000000,783.52083333,0.00000000
train_2020_2022,holdout,2020-01-01,2023-01-01 00:00:00,1,2,least_trades,0.90000000,1000.00000000,1,5726,11452,4228,4228,0.36919315,0.73838631,0.00000000,6795.01694444,275736.00000000,2937.60000000,1,200.00000000,1200.00000000,600.00000000,2,3,2,2,False,1,1.00000000,0,0,1,1,1400.00000000,1260.00000000,1860.00000000,1577.60000000,0.00000000,660.00000000,660.00000000,2079.84000000,0.55000000,783.52083333,0.00000000
train_2020_2022,holdout,2020-01-01,2023-01-01 00:00:00,1,2,max_headroom,0.90000000,1000.00000000,1,5726,11452,4228,4228,0.36919315,0.73838631,0.00000000,6795.01694444,275736.00000000,2937.60000000,1,200.00000000,1200.00000000,600.00000000,2,3,2,2,False,1,1.00000000,0,0,1,1,1400.00000000,1260.00000000,1860.00000000,1577.60000000,0.00000000,660.00000000,660.00000000,2079.84000000,0.55000000,783.52083333,0.00000000
train_2020_2022,holdout,2020-01-01,2023-01-01 00:00:00,1,2,min_headroom,0.90000000,1000.00000000,1,5726,11452,4228,4228,0.36919315,0.73838631,0.00000000,6795.01694444,275736.00000000,2937.60000000,1,200.00000000,1200.00000000,600.00000000,2,3,2,2,False,1,1.00000000,0,0,1,1,1400.00000000,1260.00000000,1860.00000000,1577.60000000,0.00000000,660.00000000,660.00000000,2079.84000000,0.55000000,783.52083333,0.00000000
train_2020_2022,holdout,2020-01-01,2023-01-01 00:00:00,1,2,protect_frozen,0.90000000,1000.00000000,1,5726,11452,4228,4228,0.36919315,0.73838631,0.00000000,6795.01694444,275736.00000000,2937.60000000,1,200.00000000,1200.00000000,600.00000000,2,3,2,2,False,1,1.00000000,0,0,1,1,1400.00000000,1260.00000000,1860.00000000,1577.60000000,0.00000000,660.00000000,660.00000000,2079.84000000,0.55000000,783.52083333,0.00000000
train_2020_2022,holdout,2020-01-01,2023-01-01 00:00:00,1,2,stable_hash,0.90000000,1000.00000000,1,5726,11452,4228,4228,0.36919315,0.73838631,0.00000000,6795.01694444,275736.00000000,2937.60000000,1,200.00000000,1200.00000000,600.00000000,2,3,2,2,False,1,1.00000000,0,0,1,1,1400.00000000,1260.00000000,1860.00000000,1577.60000000,0.00000000,660.00000000,660.00000000,2079.84000000,0.55000000,783.52083333,0.00000000
train_2020_2022,holdout,2020-01-01,2023-01-01 00:00:00,2,2,round_robin,0.90000000,1000.00000000,1,5726,11452,8454,8454,0.73821167,0.73838631,0.73803702,13588.97277778,551307.00000000,5971.30000000,2,400.00000000,1400.00000000,1200.00000000,4,6,4,2,False,2,1.00000000,0,0,2,2,2800.00000000,2520.00000000,2720.00000000,3228.25000000,0.00000000,1320.00000000,1320.00000000,4225.42500000,0.94285714,783.52083333,0.50000000
train_2020_2022,holdout,2020-01-01,2023-01-01 00:00:00,2,2,least_trades,0.90000000,1000.00000000,1,5726,11452,8454,8454,0.73821167,0.73838631,0.73803702,13588.97277778,551307.00000000,5971.30000000,2,400.00000000,1400.00000000,1200.00000000,4,6,4,2,False,2,1.00000000,0,0,2,2,2800.00000000,2520.00000000,2720.00000000,3228.25000000,0.00000000,1320.00000000,1320.00000000,4225.42500000,0.94285714,783.52083333,0.50000000
train_2020_2022,holdout,2020-01-01,2023-01-01 00:00:00,2,2,max_headroom,0.90000000,1000.00000000,1,5726,11452,8454,8454,0.73821167,0.73838631,0.73803702,13588.97277778,551307.00000000,5971.30000000,2,400.00000000,1400.00000000,1200.00000000,4,6,4,2,False,2,1.00000000,0,0,2,2,2800.00000000,2520.00000000,2720.00000000,3228.25000000,0.00000000,1320.00000000,1320.00000000,4225.42500000,0.94285714,783.52083333,0.50000000
train_2020_2022,holdout,2020-01-01,2023-01-01 00:00:00,2,2,min_headroom,0.90000000,1000.00000000,1,5726,11452,8454,8454,0.73821167,0.73838631,0.73803702,13588.97277778,551307.00000000,5971.30000000,2,400.00000000,1400.00000000,1200.00000000,4,6,4,2,False,2,1.00000000,0,0,2,2,2800.00000000,2520.00000000,2720.00000000,3228.25000000,0.00000000,1320.00000000,1320.00000000,4225.42500000,0.94285714,783.52083333,0.50000000
train_2020_2022,holdout,2020-01-01,2023-01-01 00:00:00,2,2,protect_frozen,0.90000000,1000.00000000,1,5726,11452,8454,8454,0.73821167,0.73838631,0.73803702,13588.97277778,551307.00000000,5971.30000000,2,400.00000000,1400.00000000,1200.00000000,4,6,4,2,False,2,1.00000000,0,0,2,2,2800.00000000,2520.00000000,2720.00000000,3228.25000000,0.00000000,1320.00000000,1320.00000000,4225.42500000,0.94285714,783.52083333,0.50000000
train_2020_2022,holdout,2020-01-01,2023-01-01 00:00:00,2,2,stable_hash,0.90000000,1000.00000000,1,5726,11452,8454,8454,0.73821167,0.73838631,0.73803702,13588.97277778,551307.00000000,5971.30000000,2,400.00000000,1400.00000000,1200.00000000,4,6,4,2,False,2,1.00000000,0,0,2,2,2800.00000000,2520.00000000,2720.00000000,3228.25000000,0.00000000,1320.00000000,1320.00000000,4225.42500000,0.94285714,783.52083333,0.50000000
train_2020_2022,holdout,2020-01-01,2023-01-01 00:00:00,3,2,round_robin,0.90000000,1000.00000000,1,5726,11452,9707,9707,0.84762487,0.95686343,0.73838631,15251.02277778,617437.00000000,11781.65000000,3,600.00000000,1600.00000000,1400.00000000,4,7,4,0,False,1,0.33333333,0,2,3,3,7000.00000000,6300.00000000,6500.00000000,7517.90000000,612.49500000,4900.00000000,5512.49500000,11666.11000000,3.44530937,245.97916667,1218.03731014
train_2020_2022,holdout,2020-01-01,2023-01-01 00:00:00,3,2,least_trades,0.90000000,1000.00000000,1,5726,11452,9707,9707,0.84762487,0.95686343,0.73838631,15251.02277778,617437.00000000,11781.65000000,3,600.00000000,1600.00000000,1800.00000000,6,9,6,0,False,1,0.33333333,0,2,3,3,7400.00000000,6660.00000000,6460.00000000,9761.05000000,3201.84000000,4860.00000000,8061.84000000,13644.94500000,5.03865000,232.79166667,828.91830451
train_2020_2022,holdout,2020-01-01,2023-01-01 00:00:00,3,2,max_headroom,0.90000000,1000.00000000,1,5726,11452,9707,9707,0.84762487,0.95686343,0.73838631,15251.02277778,617437.00000000,11781.65000000,3,600.00000000,1600.00000000,1200.00000000,3,6,3,0,False,1,0.33333333,0,2,3,3,6200.00000000,5580.00000000,5980.00000000,9050.80000000,1125.72000000,4380.00000000,5505.72000000,12525.72000000,3.44107500,253.64583333,677.15302718
train_2020_2022,holdout,2020-01-01,2023-01-01 00:00:00,3,2,min_headroom,0.90000000,1000.00000000,1,5726,11452,9705,9705,0.84745023,0.95651415,0.73838631,15247.96166667,617337.00000000,11651.25000000,3,600.00000000,1600.00000000,1800.00000000,6,9,6,0,False,2,0.66666667,0,1,3,3,5400.00000000,4860.00000000,4660.00000000,8473.25000000,2380.50000000,3060.00000000,5440.50000000,10685.92500000,3.40031250,671.66666667,745.99776586
train_2020_2022,holdout,2020-01-01,2023-01-01 00:00:00,3,2,protect_frozen,0.90000000,1000.00000000,1,5726,11452,9705,9705,0.84745023,0.95651415,0.73838631,15247.96166667,617337.00000000,11651.25000000,3,600.00000000,1600.00000000,2200.00000000,8,11,8,0,False,2,0.66666667,0,1,3,3,7600.00000000,6840.00000000,6240.00000000,9969.55000000,3641.89500000,4640.00000000,8281.89500000,13612.59500000,5.17618437,245.97916667,421.43880536
train_2020_2022,holdout,2020-01-01,2023-01-01 00:00:00,3,2,stable_hash,0.90000000,1000.00000000,1,5726,11452,9707,9707,0.84762487,0.95686343,0.73838631,15251.02277778,617437.00000000,11781.65000000,3,600.00000000,1600.00000000,1400.00000000,4,7,4,0,False,1,0.33333333,0,2,3,3,5800.00000000,5220.00000000,5420.00000000,9553.50000000,1578.15000000,3820.00000000,5398.15000000,12418.15000000,3.37384375,218.89583333,808.83743731
train_2020_2022,holdout,2020-01-01,2023-01-01 00:00:00,4,2,round_robin,0.90000000,1000.00000000,1,5726,11452,10957,10957,0.95677611,0.95686343,0.95668879,16911.35611111,683347.00000000,17732.15000000,4,800.00000000,1800.00000000,1600.00000000,4,8,4,0,False,2,0.50000000,0,2,4,4,9600.00000000,8640.00000000,8840.00000000,15315.05000000,5968.62000000,7040.00000000,13008.62000000,20823.54500000,7.22701111,152.72916667,747.25008364
train_2020_2022,holdout,2020-01-01,2023-01-01 00:00:00,4,2,least_trades,0.90000000,1000.00000000,1,5726,11452,10956,10956,0.95668879,0.95686343,0.95651415,16908.95055556,683302.00000000,17557.70000000,4,800.00000000,1800.00000000,2800.00000000,10,14,10,0,False,2,0.50000000,0,2,4,4,10000.00000000,9000.00000000,8000.00000000,15181.35000000,5992.51500000,6200.00000000,12192.51500000,19863.21500000,6.77361944,308.62500000,418.25254034
train_2020_2022,holdout,2020-01-01,2023-01-01 00:00:00,4,2,max_headroom,0.90000000,1000.00000000,1,5726,11452,10958,10958,0.95686343,0.95686343,0.95686343,16912.01166667,683402.00000000,17688.10000000,4,800.00000000,1800.00000000,1600.00000000,4,8,4,0,False,2,0.50000000,0,2,4,4,6800.00000000,6120.00000000,6320.00000000,12014.10000000,1452.69000000,4520.00000000,5972.69000000,15332.69000000,3.31816111,373.10416667,362.95006544
train_2020_2022,holdout,2020-01-01,2023-01-01 00:00:00,4,2,min_headroom,0.90000000,1000.00000000,1,5726,11452,10957,10957,0.95677611,0.95686343,0.95668879,16909.42277778,683368.50000000,17656.15000000,4,800.00000000,1800.00000000,2400.00000000,8,12,8,0,False,2,0.50000000,0,2,4,4,8400.00000000,7560.00000000,6960.00000000,14318.00000000,4861.57500000,5160.00000000,10021.57500000,18046.20000000,5.56754167,665.66666667,637.50019608
train_2020_2022,holdout,2020-01-01,2023-01-01 00:00:00,4,2,protect_frozen,0.90000000,1000.00000000,1,5726,11452,10957,10957,0.95677611,0.95686343,0.95668879,16910.47277778,683370.50000000,17720.65000000,4,800.00000000,1800.00000000,2400.00000000,8,12,8,0,False,2,0.50000000,0,2,4,4,9200.00000000,8280.00000000,7680.00000000,14417.70000000,5390.50500000,5880.00000000,11270.50500000,18855.93000000,6.26139167,397.81250000,489.00127812
train_2020_2022,holdout,2020-01-01,2023-01-01 00:00:00,4,2,stable_hash,0.90000000,1000.00000000,1,5726,11452,10958,10958,0.95686343,0.95686343,0.95686343,16912.01166667,683402.00000000,17688.10000000,4,800.00000000,1800.00000000,1600.00000000,4,8,4,0,False,1,0.25000000,0,3,4,4,8800.00000000,7920.00000000,8120.00000000,12505.95000000,2459.74500000,6320.00000000,8779.74500000,17575.35500000,4.87763611,253.35416667,965.38654823
train_2020_2022,holdout,2020-01-01,2023-01-01 00:00:00,5,2,round_robin,0.90000000,1000.00000000,1,5726,11452,11179,11179,0.97616137,0.99545931,0.95686343,17129.46166667,693889.00000000,18188.05000000,5,1000.00000000,2000.00000000,1800.00000000,4,9,4,0,False,2,0.40000000,0,3,5,5,7400.00000000,6660.00000000,6860.00000000,14232.40000000,1995.16500000,4860.00000000,6855.16500000,17669.16000000,3.42758250,708.18750000,522.23159613
train_2020_2022,holdout,2020-01-01,2023-01-01 00:00:00,5,2,least_trades,0.90000000,1000.00000000,1,5726,11452,11179,11179,0.97616137,0.99545931,0.95686343,17129.46166667,693889.00000000,18188.05000000,5,1000.00000000,2000.00000000,2600.00000000,8,13,8,0,False,2,0.40000000,0,3,5,5,9600.00000000,8640.00000000,8040.00000000,15800.35000000,5252.71500000,6040.00000000,11292.71500000,20260.31500000,5.64635750,215.97916667,305.30024566
train_2020_2022,holdout,2020-01-01,2023-01-01 00:00:00,5,2,max_headroom,0.90000000,1000.00000000,1,5726,11452,11179,11179,0.97616137,0.99545931,0.95686343,17129.46166667,693889.00000000,18188.05000000,5,1000.00000000,2000.00000000,1600.00000000,3,8,3,0,False,2,0.40000000,0,3,5,5,6600.00000000,5940.00000000,6340.00000000,12276.70000000,1018.30500000,4340.00000000,5358.30500000,15389.03000000,2.67915250,225.72916667,603.21717482
train_2020_2022,holdout,2020-01-01,2023-01-01 00:00:00,5,2,min_headroom,0.90000000,1000.00000000,1,5726,11452,11179,11179,0.97616137,0.99545931,0.95686343,17129.46166667,693889.00000000,18188.05000000,5,1000.00000000,2000.00000000,2600.00000000,8,13,8,0,False,2,0.40000000,0,3,5,5,8200.00000000,7380.00000000,6780.00000000,16916.55000000,4860.27000000,4780.00000000,9640.27000000,20004.89500000,4.82013500,489.95833333,531.06210560
train_2020_2022,holdout,2020-01-01,2023-01-01 00:00:00,5,2,protect_frozen,0.90000000,1000.00000000,1,5726,11452,11179,11179,0.97616137,0.99545931,0.95686343,17129.46166667,693889.00000000,18188.05000000,5,1000.00000000,2000.00000000,2600.00000000,8,13,8,0,False,1,0.20000000,0,4,5,5,9400.00000000,8460.00000000,7860.00000000,16026.75000000,5187.55500000,5860.00000000,11047.55500000,20284.07500000,5.52377750,308.20833333,288.00000000
train_2020_2022,holdout,2020-01-01,2023-01-01 00:00:00,5,2,stable_hash,0.90000000,1000.00000000,1,5726,11452,11179,11179,0.97616137,0.99545931,0.95686343,17129.46166667,693889.00000000,18188.05000000,5,1000.00000000,2000.00000000,2000.00000000,5,10,5,0,False,1,0.20000000,0,4,5,5,7600.00000000,6840.00000000,6840.00000000,14215.10000000,2893.09500000,4840.00000000,7733.09500000,17633.59000000,3.86654750,286.35416667,831.51995767
train_2020_2022,holdout,2020-01-01,2023-01-01 00:00:00,6,2,round_robin,0.90000000,1000.00000000,1,5726,11452,11400,11400,0.99545931,0.99545931,0.99545931,17346.91166667,704376.00000000,18688.00000000,6,1200.00000000,2200.00000000,1600.00000000,2,8,2,0,False,2,0.33333333,0,4,6,6,6400.00000000,5760.00000000,6360.00000000,16401.70000000,2226.60000000,4160.00000000,6386.60000000,18921.53000000,2.90300000,698.70833333,224.66913945
train_2020_2022,holdout,2020-01-01,2023-01-01 00:00:00,6,2,least_trades,0.90000000,1000.00000000,1,5726,11452,11400,11400,0.99545931,0.99545931,0.99545931,17346.91166667,704376.00000000,18688.00000000,6,1200.00000000,2200.00000000,2400.00000000,6,12,6,0,False,2,0.33333333,0,4,6,5,5400.00000000,4860.00000000,4660.00000000,15610.00000000,3600.45000000,2460.00000000,6060.45000000,16509.00000000,2.75475000,443.41666667,287.91067288
train_2020_2022,holdout,2020-01-01,2023-01-01 00:00:00,6,2,max_headroom,0.90000000,1000.00000000,1,5726,11452,11400,11400,0.99545931,0.99545931,0.99545931,17346.91166667,704376.00000000,18688.00000000,6,1200.00000000,2200.00000000,1200.00000000,0,6,0,0,False,0,0.00000000,0,6,6,6,7600.00000000,6840.00000000,7840.00000000,11088.00000000,258.21000000,5640.00000000,5898.21000000,15619.20000000,2.68100455,233.97916667,252.92027729
train_2020_2022,holdout,2020-01-01,2023-01-01 00:00:00,6,2,min_headroom,0.90000000,1000.00000000,1,5726,11452,11400,11400,0.99545931,0.99545931,0.99545931,17346.91166667,704376.00000000,18688.00000000,6,1200.00000000,2200.00000000,2800.00000000,8,14,8,0,False,2,0.33333333,0,4,6,6,5600.00000000,5040.00000000,4440.00000000,18104.95000000,3936.78000000,2240.00000000,6176.78000000,18534.45500000,2.80762727,751.39583333,201.38306505
train_2020_2022,holdout,2020-01-01,2023-01-01 00:00:00,6,2,protect_frozen,0.90000000,1000.00000000,1,5726,11452,11400,11400,0.99545931,0.99545931,0.99545931,17346.91166667,704376.00000000,18688.00000000,6,1200.00000000,2200.00000000,2600.00000000,7,13,7,0,False,2,0.33333333,0,4,6,6,7400.00000000,6660.00000000,6260.00000000,17300.60000000,3490.47000000,4060.00000000,7550.47000000,19630.54000000,3.43203182,391.97916667,233.05221160
train_2020_2022,holdout,2020-01-01,2023-01-01 00:00:00,6,2,stable_hash,0.90000000,1000.00000000,1,5726,11452,11400,11400,0.99545931,0.99545931,0.99545931,17346.91166667,704376.00000000,18688.00000000,6,1200.00000000,2200.00000000,2200.00000000,5,11,5,0,False,1,0.16666667,0,5,6,5,7200.00000000,6480.00000000,6480.00000000,14139.00000000,2598.39000000,4280.00000000,6878.39000000,18150.44000000,3.12654091,334.45833333,683.64854518
train_2020_2022,holdout,2020-01-01,2023-01-01 00:00:00,8,2,round_robin,0.90000000,1000.00000000,1,5726,11452,11450,11450,0.99982536,0.99982536,0.99982536,17375.83388889,707027.00000000,17132.50000000,8,1600.00000000,2600.00000000,2800.00000000,6,14,6,0,False,2,0.25000000,0,6,8,5,7000.00000000,6300.00000000,6100.00000000,14667.20000000,3660.43500000,3500.00000000,7160.43500000,17902.11500000,2.75401346,308.20833333,583.30652319
train_2020_2022,holdout,2020-01-01,2023-01-01 00:00:00,8,2,least_trades,0.90000000,1000.00000000,1,5726,11452,11450,11450,0.99982536,0.99982536,0.99982536,17375.83388889,707027.00000000,17132.50000000,8,1600.00000000,2600.00000000,2600.00000000,5,13,5,0,False,2,0.25000000,0,6,8,6,3600.00000000,3240.00000000,3240.00000000,17795.90000000,1638.49500000,640.00000000,2278.49500000,16656.31000000,0.87634423,693.91666667,138.00792550
train_2020_2022,holdout,2020-01-01,2023-01-01 00:00:00,8,2,max_headroom,0.90000000,1000.00000000,1,5726,11452,11450,11450,0.99982536,0.99982536,0.99982536,17375.83388889,707027.00000000,17132.50000000,8,1600.00000000,2600.00000000,2000.00000000,2,10,2,0,False,2,0.25000000,0,6,8,6,7600.00000000,6840.00000000,7440.00000000,13071.40000000,497.25000000,4840.00000000,5337.25000000,16604.26000000,2.05278846,140.70833333,917.19150127
train_2020_2022,holdout,2020-01-01,2023-01-01 00:00:00,8,2,min_headroom,0.90000000,1000.00000000,1,5726,11452,11450,11450,0.99982536,0.99982536,0.99982536,17375.83388889,707027.00000000,17132.50000000,8,1600.00000000,2600.00000000,3200.00000000,8,16,8,0,False,2,0.25000000,0,6,8,8,3600.00000000,3240.00000000,2640.00000000,22087.75000000,3317.31000000,40.00000000,3357.31000000,19918.97500000,1.29127308,832.66666667,431.03869823
train_2020_2022,holdout,2020-01-01,2023-01-01 00:00:00,8,2,protect_frozen,0.90000000,1000.00000000,1,5726,11452,11450,11450,0.99982536,0.99982536,0.99982536,17375.83388889,707027.00000000,17132.50000000,8,1600.00000000,2600.00000000,3000.00000000,7,15,7,0,False,2,0.25000000,0,6,8,8,3600.00000000,3240.00000000,2840.00000000,20294.35000000,1172.70000000,240.00000000,1412.70000000,18504.91500000,0.54334615,811.39583333,125.80434959
train_2020_2022,holdout,2020-01-01,2023-01-01 00:00:00,8,2,stable_hash,0.90000000,1000.00000000,1,5726,11452,11450,11450,0.99982536,0.99982536,0.99982536,17375.83388889,707027.00000000,17132.50000000,8,1600.00000000,2600.00000000,2600.00000000,5,13,5,0,False,1,0.12500000,0,7,8,6,5000.00000000,4500.00000000,4500.00000000,15171.20000000,2080.62000000,1900.00000000,3980.62000000,17103.43000000,1.53100769,709.66666667,542.68884962
train_2020_2022,holdout,2020-01-01,2023-01-01 00:00:00,10,2,round_robin,0.90000000,1000.00000000,1,5726,11452,11452,11452,1.00000000,1.00000000,1.00000000,17376.97833333,707113.00000000,17245.40000000,10,2000.00000000,3000.00000000,2800.00000000,4,14,4,0,False,2,0.20000000,0,8,10,6,4800.00000000,4320.00000000,4520.00000000,18313.40000000,2160.18000000,1520.00000000,3680.18000000,18002.06000000,1.22672667,308.20833333,262.62475131
train_2020_2022,holdout,2020-01-01,2023-01-01 00:00:00,10,2,least_trades,0.90000000,1000.00000000,1,5726,11452,11452,11452,1.00000000,1.00000000,1.00000000,17376.97833333,707113.00000000,17245.40000000,10,2000.00000000,3000.00000000,3800.00000000,9,19,9,0,False,2,0.20000000,0,8,10,7,5600.00000000,5040.00000000,4240.00000000,22970.25000000,2435.08500000,1240.00000000,3675.08500000,21913.22500000,1.22502833,308.62500000,48.50206181
train_2020_2022,holdout,2020-01-01,2023-01-01 00:00:00,10,2,max_headroom,0.90000000,1000.00000000,1,5726,11452,11452,11452,1.00000000,1.00000000,1.00000000,17376.97833333,707113.00000000,17245.40000000,10,2000.00000000,3000.00000000,2000.00000000,0,10,0,0,False,0,0.00000000,0,10,10,4,7200.00000000,6480.00000000,7480.00000000,10045.40000000,3906.72000000,4480.00000000,8386.72000000,17970.19000000,2.79557333,232.89583333,1186.08691081
train_2020_2022,holdout,2020-01-01,2023-01-01 00:00:00,10,2,min_headroom,0.90000000,1000.00000000,1,5726,11452,11449,11449,0.99973804,0.99982536,0.99965072,17374.04500000,706971.00000000,17066.55000000,8,2000.00000000,3000.00000000,3600.00000000,8,18,8,0,False,2,0.20000000,0,7,10,7,1600.00000000,1440.00000000,840.00000000,23002.20000000,2409.03000000,-2160.00000000,249.03000000,18767.43000000,0.08301000,919.89583333,272.11034526
train_2020_2022,holdout,2020-01-01,2023-01-01 00:00:00,10,2,protect_frozen,0.90000000,1000.00000000,1,5726,11452,11452,11452,1.00000000,1.00000000,1.00000000,17376.97833333,707113.00000000,17245.40000000,10,2000.00000000,3000.00000000,4000.00000000,10,20,10,0,False,2,0.20000000,0,8,10,10,4800.00000000,4320.00000000,3320.00000000,28084.00000000,2813.76000000,320.00000000,3133.76000000,25595.60000000,1.04458667,785.70833333,41.54996992
train_2020_2022,holdout,2020-01-01,2023-01-01 00:00:00,10,2,stable_hash,0.90000000,1000.00000000,1,5726,11452,11452,11452,1.00000000,1.00000000,1.00000000,17376.97833333,707113.00000000,17245.40000000,10,2000.00000000,3000.00000000,2800.00000000,4,14,4,0,False,1,0.10000000,0,9,10,5,5200.00000000,4680.00000000,4880.00000000,15834.00000000,3177.09000000,1880.00000000,5057.09000000,17612.04500000,1.68569667,673.66666667,350.01599963
train_2020_2022,holdout,2020-01-01,2023-01-01 00:00:00,12,2,round_robin,0.90000000,1000.00000000,1,5726,11452,11452,11452,1.00000000,1.00000000,1.00000000,17376.97833333,707113.00000000,17245.40000000,10,2400.00000000,3400.00000000,2800.00000000,2,14,2,0,False,2,0.16666667,0,10,12,8,2800.00000000,2520.00000000,3120.00000000,17078.80000000,1371.15000000,-280.00000000,1091.15000000,18333.71000000,0.32092647,758.95833333,168.90102296
train_2020_2022,holdout,2020-01-01,2023-01-01 00:00:00,12,2,least_trades,0.90000000,1000.00000000,1,5726,11452,11452,11452,1.00000000,1.00000000,1.00000000,17376.97833333,707113.00000000,17245.40000000,10,2400.00000000,3400.00000000,4000.00000000,8,20,8,0,False,2,0.16666667,0,10,12,6,4600.00000000,4140.00000000,3540.00000000,19642.60000000,1751.58000000,140.00000000,1891.58000000,18695.07500000,0.55634706,470.83333333,0.50000000
train_2020_2022,holdout,2020-01-01,2023-01-01 00:00:00,12,2,max_headroom,0.90000000,1000.00000000,1,5726,11452,11452,11452,1.00000000,1.00000000,1.00000000,17376.97833333,707113.00000000,17245.40000000,10,2400.00000000,3400.00000000,2400.00000000,0,12,0,0,False,0,0.00000000,0,12,12,8,8400.00000000,7560.00000000,8560.00000000,8845.40000000,620.64000000,5160.00000000,5780.64000000,17746.23000000,1.70018824,139.70833333,631.54035676
train_2020_2022,holdout,2020-01-01,2023-01-01 00:00:00,12,2,min_headroom,0.90000000,1000.00000000,1,5726,11452,11451,11451,0.99991268,1.00000000,0.99982536,17376.40611111,707070.00000000,17188.95000000,9,2400.00000000,3400.00000000,3800.00000000,7,19,8,0,False,2,0.18181818,0,9,11,8,600.00000000,540.00000000,140.00000000,22413.30000000,2087.41500000,-3260.00000000,-1172.58500000,19140.55000000,-0.34487794,995.39583333,258.36421214
train_2020_2022,holdout,2020-01-01,2023-01-01 00:00:00,12,2,protect_frozen,0.90000000,1000.00000000,1,5726,11452,11451,11451,0.99991268,1.00000000,0.99982536,17376.40611111,707070.00000000,17188.95000000,9,2400.00000000,3400.00000000,4000.00000000,8,20,8,0,False,2,0.16666667,0,9,12,9,1000.00000000,900.00000000,300.00000000,25489.75000000,1326.82500000,-3100.00000000,-1773.17500000,21001.10000000,-0.52152206,924.64583333,212.57003748
train_2020_2022,holdout,2020-01-01,2023-01-01 00:00:00,12,2,stable_hash,0.90000000,1000.00000000,1,5726,11452,11452,11452,1.00000000,1.00000000,1.00000000,17376.97833333,707113.00000000,17245.40000000,10,2400.00000000,3400.00000000,3200.00000000,4,16,4,0,False,1,0.08333333,0,11,12,6,6000.00000000,5400.00000000,5600.00000000,17343.85000000,3651.48000000,2200.00000000,5851.48000000,20247.79000000,1.72102353,470.72916667,298.89494392
train_2020_2022,holdout,2020-01-01,2023-01-01 00:00:00,15,2,round_robin,0.90000000,1000.00000000,1,5726,11452,11452,11452,1.00000000,1.00000000,1.00000000,17376.97833333,707113.00000000,17245.40000000,10,3000.00000000,4000.00000000,5600.00000000,13,28,13,0,False,1,0.06666667,0,14,15,8,7400.00000000,6660.00000000,5060.00000000,26979.75000000,5604.88500000,1060.00000000,6664.88500000,26934.77500000,1.66622125,247.81250000,315.84503936
train_2020_2022,holdout,2020-01-01,2023-01-01 00:00:00,15,2,least_trades,0.90000000,1000.00000000,1,5726,11452,11452,11452,1.00000000,1.00000000,1.00000000,17376.97833333,707113.00000000,17245.40000000,10,3000.00000000,4000.00000000,4600.00000000,8,23,8,0,False,2,0.13333333,0,13,15,9,5200.00000000,4680.00000000,4080.00000000,25094.40000000,2670.88500000,80.00000000,2750.88500000,23529.41000000,0.68772125,456.39583333,0.49888765
train_2020_2022,holdout,2020-01-01,2023-01-01 00:00:00,15,2,max_headroom,0.90000000,1000.00000000,1,5726,11452,11452,11452,1.00000000,1.00000000,1.00000000,17376.97833333,707113.00000000,17245.40000000,10,3000.00000000,4000.00000000,3000.00000000,0,15,0,0,False,0,0.00000000,0,15,15,8,8400.00000000,7560.00000000,8560.00000000,8845.40000000,1112.35500000,4560.00000000,5672.35500000,18404.97000000,1.41808875,140.47916667,822.91537570
train_2020_2022,holdout,2020-01-01,2023-01-01 00:00:00,15,2,min_headroom,0.90000000,1000.00000000,1,5726,11452,11452,11452,1.00000000,1.00000000,1.00000000,17376.97833333,707113.00000000,17245.40000000,10,3000.00000000,4000.00000000,4000.00000000,5,20,8,0,False,2,0.14285714,0,12,12,8,0.00000000,0.00000000,0.00000000,22320.30000000,401.94000000,-4000.00000000,-3598.06000000,16304.81000000,-0.89951500,,253.37242023
train_2020_2022,holdout,2020-01-01,2023-01-01 00:00:00,15,2,protect_frozen,0.90000000,1000.00000000,1,5726,11452,11452,11452,1.00000000,1.00000000,1.00000000,17376.97833333,707113.00000000,17245.40000000,10,3000.00000000,4000.00000000,5000.00000000,10,25,11,0,False,1,0.09090909,0,10,14,10,1200.00000000,1080.00000000,80.00000000,28755.10000000,1653.48000000,-3920.00000000,-2266.52000000,22094.23000000,-0.56663000,875.70833333,250.03885412
train_2020_2022,holdout,2020-01-01,2023-01-01 00:00:00,15,2,stable_hash,0.90000000,1000.00000000,1,5726,11452,11452,11452,1.00000000,1.00000000,1.00000000,17376.97833333,707113.00000000,17245.40000000,10,3000.00000000,4000.00000000,4400.00000000,7,22,7,0,False,1,0.06666667,0,14,15,7,6000.00000000,5400.00000000,5000.00000000,21869.55000000,2377.89000000,1000.00000000,3377.89000000,22637.84500000,0.84447250,272.33333333,284.56644606
train_2020_2022,holdout,2020-01-01,2023-01-01 00:00:00,20,2,round_robin,0.90000000,1000.00000000,1,5726,11452,11452,11452,1.00000000,1.00000000,1.00000000,17376.97833333,707113.00000000,17245.40000000,10,4000.00000000,5000.00000000,5400.00000000,7,27,7,0,False,2,0.10000000,0,18,20,9,1400.00000000,1260.00000000,860.00000000,24436.55000000,258.07500000,-4140.00000000,-3881.92500000,19301.49000000,-0.77638500,785.70833333,154.69598411
train_2020_2022,holdout,2020-01-01,2023-01-01 00:00:00,20,2,least_trades,0.90000000,1000.00000000,1,5726,11452,11452,11452,1.00000000,1.00000000,1.00000000,17376.97833333,707113.00000000,17245.40000000,10,4000.00000000,5000.00000000,5800.00000000,9,29,9,0,False,2,0.10000000,0,18,20,10,4400.00000000,3960.00000000,3160.00000000,30754.50000000,1315.62000000,-1840.00000000,-524.38000000,26957.39000000,-0.10487600,429.33333333,55.52026657
train_2020_2022,holdout,2020-01-01,2023-01-01 00:00:00,20,2,max_headroom,0.90000000,1000.00000000,1,5726,11452,11452,11452,1.00000000,1.00000000,1.00000000,17376.97833333,707113.00000000,17245.40000000,10,4000.00000000,5000.00000000,4000.00000000,0,20,0,0,False,0,0.00000000,0,20,20,6,8000.00000000,7200.00000000,8200.00000000,9245.40000000,0.00000000,3200.00000000,3200.00000000,16137.50000000,0.64000000,225.14583333,693.59803921
train_2020_2022,holdout,2020-01-01,2023-01-01 00:00:00,20,2,min_headroom,0.90000000,1000.00000000,1,5726,11452,11452,11452,1.00000000,1.00000000,1.00000000,17376.97833333,707113.00000000,17245.40000000,10,4000.00000000,5000.00000000,5000.00000000,5,25,8,0,False,2,0.10526316,0,17,17,6,0.00000000,0.00000000,0.00000000,22320.30000000,119.16000000,-5000.00000000,-4880.84000000,16162.69000000,-0.97616800,,303.90092403
train_2020_2022,holdout,2020-01-01,2023-01-01 00:00:00,20,2,protect_frozen,0.90000000,1000.00000000,1,5726,11452,11452,11452,1.00000000,1.00000000,1.00000000,17376.97833333,707113.00000000,17245.40000000,10,4000.00000000,5000.00000000,5800.00000000,9,29,13,0,False,2,0.11111111,0,12,16,12,1000.00000000,900.00000000,100.00000000,31292.60000000,1607.80500000,-4900.00000000,-3292.19500000,25522.43000000,-0.65843900,945.70833333,160.55625961
train_2020_2022,holdout,2020-01-01,2023-01-01 00:00:00,20,2,stable_hash,0.90000000,1000.00000000,1,5726,11452,11452,11452,1.00000000,1.00000000,1.00000000,17376.97833333,707113.00000000,17245.40000000,10,4000.00000000,5000.00000000,5400.00000000,7,27,7,0,False,1,0.05000000,0,19,20,7,5200.00000000,4680.00000000,4280.00000000,25927.90000000,1286.10000000,-720.00000000,566.10000000,25782.93000000,0.11322000,496.70833333,161.39993804
train_2020_2022,holdout,2020-01-01,2023-01-01 00:00:00,1,3,round_robin,0.90000000,1000.00000000,1,5726,17178,4228,4228,0.24612877,0.73838631,0.00000000,6795.01694444,275736.00000000,2937.60000000,1,200.00000000,1200.00000000,600.00000000,2,3,2,2,False,1,1.00000000,0,0,1,1,1400.00000000,1260.00000000,1860.00000000,1577.60000000,0.00000000,660.00000000,660.00000000,2079.84000000,0.55000000,783.52083333,0.00000000
train_2020_2022,holdout,2020-01-01,2023-01-01 00:00:00,1,3,least_trades,0.90000000,1000.00000000,1,5726,17178,4228,4228,0.24612877,0.73838631,0.00000000,6795.01694444,275736.00000000,2937.60000000,1,200.00000000,1200.00000000,600.00000000,2,3,2,2,False,1,1.00000000,0,0,1,1,1400.00000000,1260.00000000,1860.00000000,1577.60000000,0.00000000,660.00000000,660.00000000,2079.84000000,0.55000000,783.52083333,0.00000000
train_2020_2022,holdout,2020-01-01,2023-01-01 00:00:00,1,3,max_headroom,0.90000000,1000.00000000,1,5726,17178,4228,4228,0.24612877,0.73838631,0.00000000,6795.01694444,275736.00000000,2937.60000000,1,200.00000000,1200.00000000,600.00000000,2,3,2,2,False,1,1.00000000,0,0,1,1,1400.00000000,1260.00000000,1860.00000000,1577.60000000,0.00000000,660.00000000,660.00000000,2079.84000000,0.55000000,783.52083333,0.00000000
train_2020_2022,holdout,2020-01-01,2023-01-01 00:00:00,1,3,min_headroom,0.90000000,1000.00000000,1,5726,17178,4228,4228,0.24612877,0.73838631,0.00000000,6795.01694444,275736.00000000,2937.60000000,1,200.00000000,1200.00000000,600.00000000,2,3,2,2,False,1,1.00000000,0,0,1,1,1400.00000000,1260.00000000,1860.00000000,1577.60000000,0.00000000,660.00000000,660.00000000,2079.84000000,0.55000000,783.52083333,0.00000000
train_2020_2022,holdout,2020-01-01,2023-01-01 00:00:00,1,3,protect_frozen,0.90000000,1000.00000000,1,5726,17178,4228,4228,0.24612877,0.73838631,0.00000000,6795.01694444,275736.00000000,2937.60000000,1,200.00000000,1200.00000000,600.00000000,2,3,2,2,False,1,1.00000000,0,0,1,1,1400.00000000,1260.00000000,1860.00000000,1577.60000000,0.00000000,660.00000000,660.00000000,2079.84000000,0.55000000,783.52083333,0.00000000
train_2020_2022,holdout,2020-01-01,2023-01-01 00:00:00,1,3,stable_hash,0.90000000,1000.00000000,1,5726,17178,4228,4228,0.24612877,0.73838631,0.00000000,6795.01694444,275736.00000000,2937.60000000,1,200.00000000,1200.00000000,600.00000000,2,3,2,2,False,1,1.00000000,0,0,1,1,1400.00000000,1260.00000000,1860.00000000,1577.60000000,0.00000000,660.00000000,660.00000000,2079.84000000,0.55000000,783.52083333,0.00000000
train_2020_2022,holdout,2020-01-01,2023-01-01 00:00:00,2,3,round_robin,0.90000000,1000.00000000,1,5726,17178,8454,8454,0.49214111,0.73838631,0.00000000,13588.97277778,551307.00000000,5971.30000000,2,400.00000000,1400.00000000,1200.00000000,4,6,4,2,False,2,1.00000000,0,0,2,2,2800.00000000,2520.00000000,2720.00000000,3228.25000000,0.00000000,1320.00000000,1320.00000000,4225.42500000,0.94285714,783.52083333,0.50000000
train_2020_2022,holdout,2020-01-01,2023-01-01 00:00:00,2,3,least_trades,0.90000000,1000.00000000,1,5726,17178,8454,8454,0.49214111,0.73838631,0.00000000,13588.97277778,551307.00000000,5971.30000000,2,400.00000000,1400.00000000,1200.00000000,4,6,4,2,False,2,1.00000000,0,0,2,2,2800.00000000,2520.00000000,2720.00000000,3228.25000000,0.00000000,1320.00000000,1320.00000000,4225.42500000,0.94285714,783.52083333,0.50000000
train_2020_2022,holdout,2020-01-01,2023-01-01 00:00:00,2,3,max_headroom,0.90000000,1000.00000000,1,5726,17178,8454,8454,0.49214111,0.73838631,0.00000000,13588.97277778,551307.00000000,5971.30000000,2,400.00000000,1400.00000000,1200.00000000,4,6,4,2,False,2,1.00000000,0,0,2,2,2800.00000000,2520.00000000,2720.00000000,3228.25000000,0.00000000,1320.00000000,1320.00000000,4225.42500000,0.94285714,783.52083333,0.50000000
train_2020_2022,holdout,2020-01-01,2023-01-01 00:00:00,2,3,min_headroom,0.90000000,1000.00000000,1,5726,17178,8454,8454,0.49214111,0.73838631,0.00000000,13588.97277778,551307.00000000,5971.30000000,2,400.00000000,1400.00000000,1200.00000000,4,6,4,2,False,2,1.00000000,0,0,2,2,2800.00000000,2520.00000000,2720.00000000,3228.25000000,0.00000000,1320.00000000,1320.00000000,4225.42500000,0.94285714,783.52083333,0.50000000
train_2020_2022,holdout,2020-01-01,2023-01-01 00:00:00,2,3,protect_frozen,0.90000000,1000.00000000,1,5726,17178,8454,8454,0.49214111,0.73838631,0.00000000,13588.97277778,551307.00000000,5971.30000000,2,400.00000000,1400.00000000,1200.00000000,4,6,4,2,False,2,1.00000000,0,0,2,2,2800.00000000,2520.00000000,2720.00000000,3228.25000000,0.00000000,1320.00000000,1320.00000000,4225.42500000,0.94285714,783.52083333,0.50000000
train_2020_2022,holdout,2020-01-01,2023-01-01 00:00:00,2,3,stable_hash,0.90000000,1000.00000000,1,5726,17178,8454,8454,0.49214111,0.73838631,0.00000000,13588.97277778,551307.00000000,5971.30000000,2,400.00000000,1400.00000000,1200.00000000,4,6,4,2,False,2,1.00000000,0,0,2,2,2800.00000000,2520.00000000,2720.00000000,3228.25000000,0.00000000,1320.00000000,1320.00000000,4225.42500000,0.94285714,783.52083333,0.50000000
train_2020_2022,holdout,2020-01-01,2023-01-01 00:00:00,3,3,round_robin,0.90000000,1000.00000000,1,5726,17178,12678,12678,0.73803702,0.73838631,0.73768774,20381.97861111,826812.00000000,8923.60000000,3,600.00000000,1600.00000000,1800.00000000,6,9,6,2,False,3,1.00000000,0,0,3,3,4200.00000000,3780.00000000,3580.00000000,4820.45000000,0.00000000,1980.00000000,1980.00000000,6318.40500000,1.23750000,783.52083333,0.81649658
train_2020_2022,holdout,2020-01-01,2023-01-01 00:00:00,3,3,least_trades,0.90000000,1000.00000000,1,5726,17178,12678,12678,0.73803702,0.73838631,0.73768774,20381.97861111,826812.00000000,8923.60000000,3,600.00000000,1600.00000000,1800.00000000,6,9,6,2,False,3,1.00000000,0,0,3,3,4200.00000000,3780.00000000,3580.00000000,4820.45000000,0.00000000,1980.00000000,1980.00000000,6318.40500000,1.23750000,783.52083333,0.81649658
train_2020_2022,holdout,2020-01-01,2023-01-01 00:00:00,3,3,max_headroom,0.90000000,1000.00000000,1,5726,17178,12678,12678,0.73803702,0.73838631,0.73768774,20381.97861111,826812.00000000,8923.60000000,3,600.00000000,1600.00000000,1800.00000000,6,9,6,2,False,3,1.00000000,0,0,3,3,4200.00000000,3780.00000000,3580.00000000,4820.45000000,0.00000000,1980.00000000,1980.00000000,6318.40500000,1.23750000,783.52083333,0.81649658
train_2020_2022,holdout,2020-01-01,2023-01-01 00:00:00,3,3,min_headroom,0.90000000,1000.00000000,1,5726,17178,12678,12678,0.73803702,0.73838631,0.73768774,20381.97861111,826812.00000000,8923.60000000,3,600.00000000,1600.00000000,1800.00000000,6,9,6,2,False,3,1.00000000,0,0,3,3,4200.00000000,3780.00000000,3580.00000000,4820.45000000,0.00000000,1980.00000000,1980.00000000,6318.40500000,1.23750000,783.52083333,0.81649658
train_2020_2022,holdout,2020-01-01,2023-01-01 00:00:00,3,3,protect_frozen,0.90000000,1000.00000000,1,5726,17178,12678,12678,0.73803702,0.73838631,0.73768774,20381.97861111,826812.00000000,8923.60000000,3,600.00000000,1600.00000000,1800.00000000,6,9,6,2,False,3,1.00000000,0,0,3,3,4200.00000000,3780.00000000,3580.00000000,4820.45000000,0.00000000,1980.00000000,1980.00000000,6318.40500000,1.23750000,783.52083333,0.81649658
train_2020_2022,holdout,2020-01-01,2023-01-01 00:00:00,3,3,stable_hash,0.90000000,1000.00000000,1,5726,17178,12678,12678,0.73803702,0.73838631,0.73768774,20381.97861111,826812.00000000,8923.60000000,3,600.00000000,1600.00000000,1800.00000000,6,9,6,2,False,3,1.00000000,0,0,3,3,4200.00000000,3780.00000000,3580.00000000,4820.45000000,0.00000000,1980.00000000,1980.00000000,6318.40500000,1.23750000,783.52083333,0.81649658
train_2020_2022,holdout,2020-01-01,2023-01-01 00:00:00,4,3,round_robin,0.90000000,1000.00000000,1,5726,17178,13935,13935,0.81121202,0.95686343,0.73838631,22046.03972222,893173.00000000,14719.25000000,4,800.00000000,1800.00000000,2000.00000000,6,10,6,0,False,1,0.25000000,0,3,4,3,8200.00000000,7380.00000000,7180.00000000,11462.65000000,2828.16000000,5380.00000000,8208.16000000,15696.38500000,4.56008889,148.16666667,931.80319140
train_2020_2022,holdout,2020-01-01,2023-01-01 00:00:00,4,3,least_trades,0.90000000,1000.00000000,1,5726,17178,13934,13934,0.81115380,0.95686343,0.73821167,22045.32305556,893120.00000000,14773.30000000,4,800.00000000,1800.00000000,2600.00000000,9,13,9,0,False,3,0.75000000,0,1,4,4,8400.00000000,7560.00000000,6760.00000000,10910.30000000,2418.61500000,4960.00000000,7378.61500000,14779.27000000,4.09923056,233.14583333,864.29364223
train_2020_2022,holdout,2020-01-01,2023-01-01 00:00:00,4,3,max_headroom,0.90000000,1000.00000000,1,5726,17178,13935,13935,0.81121202,0.95686343,0.73838631,22046.03972222,893173.00000000,14719.25000000,4,800.00000000,1800.00000000,1400.00000000,3,7,3,0,False,1,0.25000000,0,3,4,4,7200.00000000,6480.00000000,6880.00000000,10842.15000000,800.23500000,5080.00000000,5880.23500000,14837.93500000,3.26679722,253.64583333,735.78100512
train_2020_2022,holdout,2020-01-01,2023-01-01 00:00:00,4,3,min_headroom,0.90000000,1000.00000000,1,5726,17178,13931,13931,0.81097916,0.95651415,0.73803702,22039.20083333,892952.50000000,14435.95000000,4,800.00000000,1800.00000000,2600.00000000,9,13,9,0,False,3,0.75000000,0,1,4,4,7800.00000000,7020.00000000,6220.00000000,10616.45000000,2804.26500000,4420.00000000,7224.26500000,13974.80500000,4.01348056,398.75000000,483.67880613
train_2020_2022,holdout,2020-01-01,2023-01-01 00:00:00,4,3,protect_frozen,0.90000000,1000.00000000,1,5726,17178,13935,13935,0.81121202,0.95686343,0.73838631,22046.03972222,893173.00000000,14719.25000000,4,800.00000000,1800.00000000,2400.00000000,8,12,8,0,False,1,0.25000000,0,3,4,4,8200.00000000,7380.00000000,6780.00000000,10658.25000000,2594.16000000,4980.00000000,7574.16000000,14572.42500000,4.20786667,253.64583333,797.61123832
train_2020_2022,holdout,2020-01-01,2023-01-01 00:00:00,4,3,stable_hash,0.90000000,1000.00000000,1,5726,17178,13935,13935,0.81121202,0.95686343,0.73838631,22046.03972222,893173.00000000,14719.25000000,4,800.00000000,1800.00000000,1800.00000000,5,9,5,0,False,1,0.25000000,0,3,4,4,7600.00000000,6840.00000000,6840.00000000,10580.75000000,1197.58500000,5040.00000000,6237.58500000,14562.67500000,3.46532500,219.14583333,1176.40434694
train_2020_2022,holdout,2020-01-01,2023-01-01 00:00:00,5,3,round_robin,0.90000000,1000.00000000,1,5726,17178,15186,15186,0.88403772,0.95686343,0.73838631,23707.02861111,959138.00000000,20625.70000000,5,1000.00000000,2000.00000000,2000.00000000,5,10,5,0,False,1,0.20000000,0,4,5,5,9600.00000000,8640.00000000,8640.00000000,15629.75000000,3427.96500000,6640.00000000,10067.96500000,20706.77500000,5.03398250,300.54166667,958.93399147
train_2020_2022,holdout,2020-01-01,2023-01-01 00:00:00,5,3,least_trades,0.90000000,1000.00000000,1,5726,17178,15186,15186,0.88403772,0.95686343,0.73838631,23707.02861111,959138.00000000,20625.70000000,5,1000.00000000,2000.00000000,2800.00000000,9,14,9,0,False,1,0.20000000,0,4,5,5,11200.00000000,10080.00000000,9280.00000000,16467.10000000,5351.49000000,7280.00000000,12631.49000000,22100.39000000,6.31574500,105.89583333,795.92778567
train_2020_2022,holdout,2020-01-01,2023-01-01 00:00:00,5,3,max_headroom,0.90000000,1000.00000000,1,5726,17178,15186,15186,0.88403772,0.95686343,0.73838631,23707.02861111,959138.00000000,20625.70000000,5,1000.00000000,2000.00000000,1800.00000000,4,9,4,0,False,2,0.40000000,0,3,5,5,10200.00000000,9180.00000000,9380.00000000,14308.60000000,1262.65500000,7380.00000000,8642.65500000,20257.74000000,4.32132750,251.06250000,933.04653689
train_2020_2022,holdout,2020-01-01,2023-01-01 00:00:00,5,3,min_headroom,0.90000000,1000.00000000,1,5726,17178,15183,15183,0.88386308,0.95668879,0.73838631,23701.37861111,959004.50000000,20463.35000000,5,1000.00000000,2000.00000000,2800.00000000,9,14,9,0,False,3,0.60000000,0,2,5,5,10600.00000000,9540.00000000,8740.00000000,16147.70000000,5514.52500000,6740.00000000,12254.52500000,21272.93000000,6.12726250,419.93750000,579.10047487
train_2020_2022,holdout,2020-01-01,2023-01-01 00:00:00,5,3,protect_frozen,0.90000000,1000.00000000,1,5726,17178,15186,15186,0.88403772,0.95686343,0.73838631,23707.02861111,959138.00000000,20625.70000000,5,1000.00000000,2000.00000000,2800.00000000,9,14,9,0,False,2,0.40000000,0,3,5,5,11600.00000000,10440.00000000,9640.00000000,16872.55000000,5655.55500000,7640.00000000,13295.55500000,22825.29500000,6.64777750,114.52083333,782.32458737
train_2020_2022,holdout,2020-01-01,2023-01-01 00:00:00,5,3,stable_hash,0.90000000,1000.00000000,1,5726,17178,15186,15186,0.88403772,0.95686343,0.73838631,23707.02861111,959138.00000000,20625.70000000,5,1000.00000000,2000.00000000,2400.00000000,7,12,7,0,False,1,0.20000000,0,4,5,5,11400.00000000,10260.00000000,9860.00000000,17099.25000000,5341.81500000,7860.00000000,13201.81500000,23249.32500000,6.60090750,183.70833333,1021.01851110
train_2020_2022,holdout,2020-01-01,2023-01-01 00:00:00,6,3,round_robin,0.90000000,1000.00000000,1,5726,17178,16434,16434,0.95668879,0.95686343,0.95651415,25362.40083333,1024942.00000000,26557.80000000,6,1200.00000000,2200.00000000,2400.00000000,6,12,6,0,False,3,0.50000000,0,3,6,6,14400.00000000,12960.00000000,12760.00000000,22997.10000000,8214.07500000,10560.00000000,18774.07500000,31257.39000000,8.53367045,152.72916667,747.66696389
train_2020_2022,holdout,2020-01-01,2023-01-01 00:00:00,6,3,least_trades,0.90000000,1000.00000000,1,5726,17178,16435,16435,0.95674700,0.95686343,0.95651415,25364.95638889,1025003.00000000,26401.75000000,6,1200.00000000,2200.00000000,3400.00000000,11,17,11,0,False,3,0.50000000,0,3,6,6,14400.00000000,12960.00000000,11760.00000000,21272.60000000,7017.34500000,9560.00000000,16577.34500000,28705.34000000,7.53515682,308.20833333,633.80456153
train_2020_2022,holdout,2020-01-01,2023-01-01 00:00:00,6,3,max_headroom,0.90000000,1000.00000000,1,5726,17178,16436,16436,0.95680522,0.95686343,0.95668879,25366.38416667,1025087.50000000,26548.70000000,6,1200.00000000,2200.00000000,1800.00000000,3,9,3,0,False,3,0.50000000,0,3,6,6,8400.00000000,7560.00000000,7960.00000000,18747.95000000,2833.15500000,5760.00000000,8593.15500000,22633.15500000,3.90597955,372.70833333,937.34792841
train_2020_2022,holdout,2020-01-01,2023-01-01 00:00:00,6,3,min_headroom,0.90000000,1000.00000000,1,5726,17178,16293,16293,0.94848061,0.95686343,0.93188963,25181.70638889,1020321.50000000,26814.35000000,6,1200.00000000,2200.00000000,3200.00000000,10,16,10,0,False,3,0.50000000,0,3,6,6,12000.00000000,10800.00000000,9800.00000000,20925.20000000,7169.26500000,7600.00000000,14769.26500000,26432.68000000,6.71330227,660.14583333,619.06129655
train_2020_2022,holdout,2020-01-01,2023-01-01 00:00:00,6,3,protect_frozen,0.90000000,1000.00000000,1,5726,17178,16435,16435,0.95674700,0.95686343,0.95651415,25364.95638889,1025003.00000000,26401.75000000,6,1200.00000000,2200.00000000,3400.00000000,11,17,11,0,False,3,0.50000000,0,3,6,6,12200.00000000,10980.00000000,9780.00000000,19707.50000000,6306.21000000,7580.00000000,13886.21000000,25316.75000000,6.31191364,397.81250000,456.29218222
train_2020_2022,holdout,2020-01-01,2023-01-01 00:00:00,6,3,stable_hash,0.90000000,1000.00000000,1,5726,17178,16437,16437,0.95686343,0.95686343,0.95686343,25368.01750000,1025103.00000000,26532.15000000,6,1200.00000000,2200.00000000,2600.00000000,7,13,7,0,False,1,0.16666667,0,5,6,6,12800.00000000,11520.00000000,11120.00000000,19752.55000000,4967.82000000,8920.00000000,13887.82000000,26697.29500000,6.31264545,289.72916667,829.24358102
train_2020_2022,holdout,2020-01-01,2023-01-01 00:00:00,8,3,round_robin,0.90000000,1000.00000000,1,5726,17178,16879,16879,0.98259402,0.99545931,0.95686343,25802.91750000,1046077.00000000,27532.05000000,8,1600.00000000,2600.00000000,3600.00000000,10,18,10,0,False,1,0.12500000,0,7,8,7,15600.00000000,14040.00000000,13040.00000000,23563.65000000,9425.79000000,10440.00000000,19865.79000000,31817.88000000,7.64068846,225.14583333,623.42319846
train_2020_2022,holdout,2020-01-01,2023-01-01 00:00:00,8,3,least_trades,0.90000000,1000.00000000,1,5726,17178,16879,16879,0.98259402,0.99545931,0.95686343,25802.91750000,1046077.00000000,27532.05000000,8,1600.00000000,2600.00000000,4600.00000000,15,23,15,0,False,3,0.37500000,0,5,8,7,13800.00000000,12420.00000000,10420.00000000,27380.90000000,8452.80000000,7820.00000000,16272.80000000,32462.81000000,6.25876923,139.70833333,278.00078687
train_2020_2022,holdout,2020-01-01,2023-01-01 00:00:00,8,3,max_headroom,0.90000000,1000.00000000,1,5726,17178,16879,16879,0.98259402,0.99545931,0.95686343,25802.91750000,1046077.00000000,27532.05000000,8,1600.00000000,2600.00000000,2400.00000000,4,12,4,0,False,2,0.25000000,0,6,8,6,10800.00000000,9720.00000000,9920.00000000,17811.20000000,1968.52500000,7320.00000000,9288.52500000,23350.08000000,3.57250962,224.87500000,1179.13630997
train_2020_2022,holdout,2020-01-01,2023-01-01 00:00:00,8,3,min_headroom,0.90000000,1000.00000000,1,5726,17178,16879,16879,0.98259402,0.99545931,0.95686343,25802.91750000,1046077.00000000,27532.05000000,8,1600.00000000,2600.00000000,4000.00000000,12,20,12,0,False,3,0.37500000,0,5,8,8,11800.00000000,10620.00000000,9220.00000000,26735.60000000,7301.38500000,6620.00000000,13921.38500000,30682.04000000,5.35437885,489.95833333,471.22738673
train_2020_2022,holdout,2020-01-01,2023-01-01 00:00:00,8,3,protect_frozen,0.90000000,1000.00000000,1,5726,17178,16879,16879,0.98259402,0.99545931,0.95686343,25802.91750000,1046077.00000000,27532.05000000,8,1600.00000000,2600.00000000,4200.00000000,13,21,13,0,False,3,0.37500000,0,5,8,8,15600.00000000,14040.00000000,12440.00000000,26268.85000000,6272.73000000,9840.00000000,16112.73000000,33481.96500000,6.19720385,306.47916667,241.85038634
train_2020_2022,holdout,2020-01-01,2023-01-01 00:00:00,8,3,stable_hash,0.90000000,1000.00000000,1,5726,17178,16879,16879,0.98259402,0.99545931,0.95686343,25802.91750000,1046077.00000000,27532.05000000,8,1600.00000000,2600.00000000,3200.00000000,8,16,8,0,False,1,0.12500000,0,7,8,7,11800.00000000,10620.00000000,10020.00000000,22075.75000000,5741.19000000,7420.00000000,13161.19000000,27288.17500000,5.06199615,260.70833333,636.43105233
train_2020_2022,holdout,2020-01-01,2023-01-01 00:00:00,10,3,round_robin,0.90000000,1000.00000000,1,5726,17178,17125,17125,0.99691466,0.99982536,0.99545931,26034.82861111,1057889.50000000,27254.25000000,10,2000.00000000,3000.00000000,3800.00000000,9,19,9,0,False,1,0.10000000,0,9,10,9,12400.00000000,11160.00000000,10360.00000000,26632.10000000,4720.72500000,7360.00000000,12080.72500000,31328.89000000,4.02690833,247.81250000,489.66719310
train_2020_2022,holdout,2020-01-01,2023-01-01 00:00:00,10,3,least_trades,0.90000000,1000.00000000,1,5726,17178,17125,17125,0.99691466,0.99982536,0.99545931,26034.82861111,1057889.50000000,27254.25000000,10,2000.00000000,3000.00000000,4000.00000000,10,20,10,0,False,2,0.20000000,0,8,10,9,13400.00000000,12060.00000000,11060.00000000,28013.45000000,7074.72000000,8060.00000000,15134.72000000,33525.77000000,5.04490667,216.70833333,231.70215795
train_2020_2022,holdout,2020-01-01,2023-01-01 00:00:00,10,3,max_headroom,0.90000000,1000.00000000,1,5726,17178,17125,17125,0.99691466,0.99982536,0.99545931,26034.82861111,1057889.50000000,27254.25000000,10,2000.00000000,3000.00000000,2400.00000000,2,12,2,0,False,1,0.10000000,0,9,10,8,11000.00000000,9900.00000000,10500.00000000,16508.80000000,736.42500000,7500.00000000,8236.42500000,23446.38000000,2.74547500,139.70833333,821.64252568
train_2020_2022,holdout,2020-01-01,2023-01-01 00:00:00,10,3,min_headroom,0.90000000,1000.00000000,1,5726,17178,17117,17117,0.99644895,0.99842822,0.99545931,26030.36194444,1057677.00000000,27429.15000000,10,2000.00000000,3000.00000000,4400.00000000,12,22,12,0,False,3,0.30000000,0,7,10,10,8200.00000000,7380.00000000,5980.00000000,28485.05000000,5084.86500000,2980.00000000,8064.86500000,28616.54500000,2.68828833,743.43750000,431.73845092
train_2020_2022,holdout,2020-01-01,2023-01-01 00:00:00,10,3,protect_frozen,0.90000000,1000.00000000,1,5726,17178,17125,17125,0.99691466,0.99982536,0.99545931,26034.82861111,1057889.50000000,27254.25000000,10,2000.00000000,3000.00000000,4600.00000000,13,23,13,0,False,3,0.30000000,0,7,10,9,14600.00000000,13140.00000000,11540.00000000,29281.15000000,7816.27500000,8540.00000000,16356.27500000,35406.71000000,5.45209167,306.47916667,239.22794569
train_2020_2022,holdout,2020-01-01,2023-01-01 00:00:00,10,3,stable_hash,0.90000000,1000.00000000,1,5726,17178,17125,17125,0.99691466,0.99982536,0.99545931,26034.82861111,1057889.50000000,27254.25000000,10,2000.00000000,3000.00000000,4000.00000000,10,20,10,0,False,1,0.10000000,0,9,10,9,10200.00000000,9180.00000000,8180.00000000,24979.20000000,3809.88000000,5180.00000000,8989.88000000,27821.25500000,2.99662667,246.97916667,552.74952736
train_2020_2022,holdout,2020-01-01,2023-01-01 00:00:00,12,3,round_robin,0.90000000,1000.00000000,1,5726,17178,17175,17175,0.99982536,0.99982536,0.99982536,26063.75083333,1060540.50000000,25698.75000000,12,2400.00000000,3400.00000000,4000.00000000,8,20,8,0,False,3,0.25000000,0,9,12,7,9800.00000000,8820.00000000,8220.00000000,21811.05000000,6620.35500000,4820.00000000,11440.35500000,25051.50500000,3.36481029,308.20833333,567.10244886
train_2020_2022,holdout,2020-01-01,2023-01-01 00:00:00,12,3,least_trades,0.90000000,1000.00000000,1,5726,17178,17175,17175,0.99982536,0.99982536,0.99982536,26063.75083333,1060540.50000000,25698.75000000,12,2400.00000000,3400.00000000,3800.00000000,7,19,7,0,False,3,0.25000000,0,9,12,12,5600.00000000,5040.00000000,4640.00000000,26972.90000000,2153.56500000,1240.00000000,3393.56500000,25515.61000000,0.99810735,782.37500000,147.28307966
train_2020_2022,holdout,2020-01-01,2023-01-01 00:00:00,12,3,max_headroom,0.90000000,1000.00000000,1,5726,17178,17175,17175,0.99982536,0.99982536,0.99982536,26063.75083333,1060540.50000000,25698.75000000,12,2400.00000000,3400.00000000,3000.00000000,3,15,3,0,False,3,0.25000000,0,9,12,9,11400.00000000,10260.00000000,10660.00000000,19607.10000000,745.87500000,7260.00000000,8005.87500000,24906.39000000,2.35466912,140.70833333,917.19150127
train_2020_2022,holdout,2020-01-01,2023-01-01 00:00:00,12,3,min_headroom,0.90000000,1000.00000000,1,5726,17178,17165,17165,0.99924322,0.99982536,0.99807894,26057.98416667,1060150.00000000,26053.75000000,12,2400.00000000,3400.00000000,4800.00000000,12,24,12,0,False,3,0.25000000,0,9,12,12,6800.00000000,6120.00000000,4720.00000000,34368.65000000,5843.38500000,1320.00000000,7163.38500000,32251.78500000,2.10687794,789.70833333,361.44719723
train_2020_2022,holdout,2020-01-01,2023-01-01 00:00:00,12,3,protect_frozen,0.90000000,1000.00000000,1,5726,17178,17172,17172,0.99965072,0.99982536,0.99930143,26062.32305556,1060332.50000000,25909.90000000,12,2400.00000000,3400.00000000,4800.00000000,12,24,12,0,False,3,0.25000000,0,9,12,12,6000.00000000,5400.00000000,4000.00000000,31075.50000000,2572.65000000,600.00000000,3172.65000000,28567.95000000,0.93313235,789.70833333,117.82885423
train_2020_2022,holdout,2020-01-01,2023-01-01 00:00:00,12,3,stable_hash,0.90000000,1000.00000000,1,5726,17178,17175,17175,0.99982536,0.99982536,0.99982536,26063.75083333,1060540.50000000,25698.75000000,12,2400.00000000,3400.00000000,4200.00000000,9,21,9,0,False,1,0.08333333,0,11,12,10,9200.00000000,8280.00000000,7480.00000000,26166.20000000,3162.64500000,4080.00000000,7242.64500000,28203.06000000,2.13018971,260.70833333,493.06225661
train_2020_2022,holdout,2020-01-01,2023-01-01 00:00:00,15,3,round_robin,0.90000000,1000.00000000,1,5726,17178,17178,17178,1.00000000,1.00000000,1.00000000,26065.46750000,1060669.50000000,25868.10000000,15,3000.00000000,4000.00000000,4200.00000000,6,21,6,0,False,3,0.20000000,0,12,15,9,7200.00000000,6480.00000000,6280.00000000,27470.10000000,3240.27000000,2280.00000000,5520.27000000,27003.09000000,1.38006750,308.20833333,262.62475131
train_2020_2022,holdout,2020-01-01,2023-01-01 00:00:00,15,3,least_trades,0.90000000,1000.00000000,1,5726,17178,17178,17178,1.00000000,1.00000000,1.00000000,26065.46750000,1060669.50000000,25868.10000000,15,3000.00000000,4000.00000000,6000.00000000,15,30,15,0,False,3,0.20000000,0,12,15,12,9400.00000000,8460.00000000,6460.00000000,35691.40000000,4731.25500000,2460.00000000,7191.25500000,35405.58000000,1.79781375,308.62500000,122.78773011
train_2020_2022,holdout,2020-01-01,2023-01-01 00:00:00,15,3,max_headroom,0.90000000,1000.00000000,1,5726,17178,17178,17178,1.00000000,1.00000000,1.00000000,26065.46750000,1060669.50000000,25868.10000000,15,3000.00000000,4000.00000000,3000.00000000,0,15,0,0,False,0,0.00000000,0,15,15,6,10800.00000000,9720.00000000,10720.00000000,15068.10000000,5860.08000000,6720.00000000,12580.08000000,26955.28500000,3.14502000,232.89583333,1186.08691081
train_2020_2022,holdout,2020-01-01,2023-01-01 00:00:00,15,3,min_headroom,0.90000000,1000.00000000,1,5726,17178,17173,17173,0.99970893,0.99982536,0.99947607,26063.10083333,1060459.00000000,25782.35000000,12,3000.00000000,4000.00000000,5400.00000000,12,27,12,0,False,3,0.23076923,0,10,15,12,1600.00000000,1440.00000000,40.00000000,32471.00000000,2481.93000000,-3960.00000000,-1478.07000000,25744.05000000,-0.36951750,870.95833333,340.45805746
train_2020_2022,holdout,2020-01-01,2023-01-01 00:00:00,15,3,protect_frozen,0.90000000,1000.00000000,1,5726,17178,17166,17166,0.99930143,1.00000000,0.99860286,26058.68972222,1060314.00000000,26144.20000000,15,3000.00000000,4000.00000000,6200.00000000,16,31,16,0,False,3,0.20000000,0,10,15,15,8000.00000000,7200.00000000,5000.00000000,39943.75000000,3379.95000000,1000.00000000,4379.95000000,36949.37500000,1.09498750,447.62500000,288.93751727
train_2020_2022,holdout,2020-01-01,2023-01-01 00:00:00,15,3,stable_hash,0.90000000,1000.00000000,1,5726,17178,17178,17178,1.00000000,1.00000000,1.00000000,26065.46750000,1060669.50000000,25868.10000000,15,3000.00000000,4000.00000000,5200.00000000,11,26,11,0,False,1,0.06666667,0,14,15,10,9400.00000000,8460.00000000,7260.00000000,29255.80000000,3892.05000000,3260.00000000,7152.05000000,31165.76000000,1.78801250,317.97916667,411.75874274
train_2020_2022,holdout,2020-01-01,2023-01-01 00:00:00,20,3,round_robin,0.90000000,1000.00000000,1,5726,17178,17178,17178,1.00000000,1.00000000,1.00000000,26065.46750000,1060669.50000000,25868.10000000,15,4000.00000000,5000.00000000,6600.00000000,13,33,13,0,False,1,0.05000000,0,19,20,12,7800.00000000,7020.00000000,5420.00000000,35162.45000000,4619.65500000,420.00000000,5039.65500000,32847.99000000,1.00793100,247.81250000,257.48795603
train_2020_2022,holdout,2020-01-01,2023-01-01 00:00:00,20,3,least_trades,0.90000000,1000.00000000,1,5726,17178,17178,17178,1.00000000,1.00000000,1.00000000,26065.46750000,1060669.50000000,25868.10000000,15,4000.00000000,5000.00000000,7000.00000000,15,35,15,0,False,3,0.15000000,0,17,20,10,9400.00000000,8460.00000000,6460.00000000,34111.40000000,3441.33000000,1460.00000000,4901.33000000,34475.60000000,0.98026600,308.64583333,0.30000000
train_2020_2022,holdout,2020-01-01,2023-01-01 00:00:00,20,3,max_headroom,0.90000000,1000.00000000,1,5726,17178,17178,17178,1.00000000,1.00000000,1.00000000,26065.46750000,1060669.50000000,25868.10000000,15,4000.00000000,5000.00000000,4000.00000000,0,20,0,0,False,0,0.00000000,0,20,20,11,10200.00000000,9180.00000000,10180.00000000,15668.10000000,1411.78500000,5180.00000000,6591.78500000,24181.56500000,1.31835700,225.14583333,633.27813005
train_2020_2022,holdout,2020-01-01,2023-01-01 00:00:00,20,3,min_headroom,0.90000000,1000.00000000,1,5726,17178,17176,17176,0.99988357,1.00000000,0.99982536,26064.32305556,1060583.50000000,25755.20000000,13,4000.00000000,5000.00000000,5800.00000000,9,29,12,0,False,3,0.18750000,0,13,17,12,1000.00000000,900.00000000,100.00000000,33866.45000000,3401.59500000,-4900.00000000,-1498.40500000,28404.14000000,-0.29968100,980.89583333,270.27722536
train_2020_2022,holdout,2020-01-01,2023-01-01 00:00:00,20,3,protect_frozen,0.90000000,1000.00000000,1,5726,17178,17178,17178,1.00000000,1.00000000,1.00000000,26065.46750000,1060669.50000000,25868.10000000,15,4000.00000000,5000.00000000,6800.00000000,14,34,14,0,False,3,0.15000000,0,17,20,19,4000.00000000,3600.00000000,1800.00000000,46438.55000000,2619.63000000,-3200.00000000,-580.37000000,39526.42000000,-0.11607400,818.37500000,269.66766121
train_2020_2022,holdout,2020-01-01,2023-01-01 00:00:00,20,3,stable_hash,0.90000000,1000.00000000,1,5726,17178,17178,17178,1.00000000,1.00000000,1.00000000,26065.46750000,1060669.50000000,25868.10000000,15,4000.00000000,5000.00000000,6000.00000000,10,30,10,0,False,1,0.05000000,0,19,20,8,9800.00000000,8820.00000000,7820.00000000,31373.80000000,3824.77500000,2820.00000000,6644.77500000,32700.72000000,1.32895500,470.72916667,304.11381093
train_2020_2022,holdout,2020-01-01,2023-01-01 00:00:00,1,4,round_robin,0.90000000,1000.00000000,1,5726,22904,4228,4228,0.18459658,0.73838631,0.00000000,6795.01694444,275736.00000000,2937.60000000,1,200.00000000,1200.00000000,600.00000000,2,3,2,2,False,1,1.00000000,0,0,1,1,1400.00000000,1260.00000000,1860.00000000,1577.60000000,0.00000000,660.00000000,660.00000000,2079.84000000,0.55000000,783.52083333,0.00000000
train_2020_2022,holdout,2020-01-01,2023-01-01 00:00:00,1,4,least_trades,0.90000000,1000.00000000,1,5726,22904,4228,4228,0.18459658,0.73838631,0.00000000,6795.01694444,275736.00000000,2937.60000000,1,200.00000000,1200.00000000,600.00000000,2,3,2,2,False,1,1.00000000,0,0,1,1,1400.00000000,1260.00000000,1860.00000000,1577.60000000,0.00000000,660.00000000,660.00000000,2079.84000000,0.55000000,783.52083333,0.00000000
train_2020_2022,holdout,2020-01-01,2023-01-01 00:00:00,1,4,max_headroom,0.90000000,1000.00000000,1,5726,22904,4228,4228,0.18459658,0.73838631,0.00000000,6795.01694444,275736.00000000,2937.60000000,1,200.00000000,1200.00000000,600.00000000,2,3,2,2,False,1,1.00000000,0,0,1,1,1400.00000000,1260.00000000,1860.00000000,1577.60000000,0.00000000,660.00000000,660.00000000,2079.84000000,0.55000000,783.52083333,0.00000000
train_2020_2022,holdout,2020-01-01,2023-01-01 00:00:00,1,4,min_headroom,0.90000000,1000.00000000,1,5726,22904,4228,4228,0.18459658,0.73838631,0.00000000,6795.01694444,275736.00000000,2937.60000000,1,200.00000000,1200.00000000,600.00000000,2,3,2,2,False,1,1.00000000,0,0,1,1,1400.00000000,1260.00000000,1860.00000000,1577.60000000,0.00000000,660.00000000,660.00000000,2079.84000000,0.55000000,783.52083333,0.00000000
train_2020_2022,holdout,2020-01-01,2023-01-01 00:00:00,1,4,protect_frozen,0.90000000,1000.00000000,1,5726,22904,4228,4228,0.18459658,0.73838631,0.00000000,6795.01694444,275736.00000000,2937.60000000,1,200.00000000,1200.00000000,600.00000000,2,3,2,2,False,1,1.00000000,0,0,1,1,1400.00000000,1260.00000000,1860.00000000,1577.60000000,0.00000000,660.00000000,660.00000000,2079.84000000,0.55000000,783.52083333,0.00000000
train_2020_2022,holdout,2020-01-01,2023-01-01 00:00:00,1,4,stable_hash,0.90000000,1000.00000000,1,5726,22904,4228,4228,0.18459658,0.73838631,0.00000000,6795.01694444,275736.00000000,2937.60000000,1,200.00000000,1200.00000000,600.00000000,2,3,2,2,False,1,1.00000000,0,0,1,1,1400.00000000,1260.00000000,1860.00000000,1577.60000000,0.00000000,660.00000000,660.00000000,2079.84000000,0.55000000,783.52083333,0.00000000
train_2020_2022,holdout,2020-01-01,2023-01-01 00:00:00,2,4,round_robin,0.90000000,1000.00000000,1,5726,22904,8454,8454,0.36910583,0.73838631,0.00000000,13588.97277778,551307.00000000,5971.30000000,2,400.00000000,1400.00000000,1200.00000000,4,6,4,2,False,2,1.00000000,0,0,2,2,2800.00000000,2520.00000000,2720.00000000,3228.25000000,0.00000000,1320.00000000,1320.00000000,4225.42500000,0.94285714,783.52083333,0.50000000
train_2020_2022,holdout,2020-01-01,2023-01-01 00:00:00,2,4,least_trades,0.90000000,1000.00000000,1,5726,22904,8454,8454,0.36910583,0.73838631,0.00000000,13588.97277778,551307.00000000,5971.30000000,2,400.00000000,1400.00000000,1200.00000000,4,6,4,2,False,2,1.00000000,0,0,2,2,2800.00000000,2520.00000000,2720.00000000,3228.25000000,0.00000000,1320.00000000,1320.00000000,4225.42500000,0.94285714,783.52083333,0.50000000
train_2020_2022,holdout,2020-01-01,2023-01-01 00:00:00,2,4,max_headroom,0.90000000,1000.00000000,1,5726,22904,8454,8454,0.36910583,0.73838631,0.00000000,13588.97277778,551307.00000000,5971.30000000,2,400.00000000,1400.00000000,1200.00000000,4,6,4,2,False,2,1.00000000,0,0,2,2,2800.00000000,2520.00000000,2720.00000000,3228.25000000,0.00000000,1320.00000000,1320.00000000,4225.42500000,0.94285714,783.52083333,0.50000000
train_2020_2022,holdout,2020-01-01,2023-01-01 00:00:00,2,4,min_headroom,0.90000000,1000.00000000,1,5726,22904,8454,8454,0.36910583,0.73838631,0.00000000,13588.97277778,551307.00000000,5971.30000000,2,400.00000000,1400.00000000,1200.00000000,4,6,4,2,False,2,1.00000000,0,0,2,2,2800.00000000,2520.00000000,2720.00000000,3228.25000000,0.00000000,1320.00000000,1320.00000000,4225.42500000,0.94285714,783.52083333,0.50000000
train_2020_2022,holdout,2020-01-01,2023-01-01 00:00:00,2,4,protect_frozen,0.90000000,1000.00000000,1,5726,22904,8454,8454,0.36910583,0.73838631,0.00000000,13588.97277778,551307.00000000,5971.30000000,2,400.00000000,1400.00000000,1200.00000000,4,6,4,2,False,2,1.00000000,0,0,2,2,2800.00000000,2520.00000000,2720.00000000,3228.25000000,0.00000000,1320.00000000,1320.00000000,4225.42500000,0.94285714,783.52083333,0.50000000
train_2020_2022,holdout,2020-01-01,2023-01-01 00:00:00,2,4,stable_hash,0.90000000,1000.00000000,1,5726,22904,8454,8454,0.36910583,0.73838631,0.00000000,13588.97277778,551307.00000000,5971.30000000,2,400.00000000,1400.00000000,1200.00000000,4,6,4,2,False,2,1.00000000,0,0,2,2,2800.00000000,2520.00000000,2720.00000000,3228.25000000,0.00000000,1320.00000000,1320.00000000,4225.42500000,0.94285714,783.52083333,0.50000000
train_2020_2022,holdout,2020-01-01,2023-01-01 00:00:00,3,4,round_robin,0.90000000,1000.00000000,1,5726,22904,12678,12678,0.55352777,0.73838631,0.00000000,20381.97861111,826812.00000000,8923.60000000,3,600.00000000,1600.00000000,1800.00000000,6,9,6,2,False,3,1.00000000,0,0,3,3,4200.00000000,3780.00000000,3580.00000000,4820.45000000,0.00000000,1980.00000000,1980.00000000,6318.40500000,1.23750000,783.52083333,0.81649658
train_2020_2022,holdout,2020-01-01,2023-01-01 00:00:00,3,4,least_trades,0.90000000,1000.00000000,1,5726,22904,12678,12678,0.55352777,0.73838631,0.00000000,20381.97861111,826812.00000000,8923.60000000,3,600.00000000,1600.00000000,1800.00000000,6,9,6,2,False,3,1.00000000,0,0,3,3,4200.00000000,3780.00000000,3580.00000000,4820.45000000,0.00000000,1980.00000000,1980.00000000,6318.40500000,1.23750000,783.52083333,0.81649658
train_2020_2022,holdout,2020-01-01,2023-01-01 00:00:00,3,4,max_headroom,0.90000000,1000.00000000,1,5726,22904,12678,12678,0.55352777,0.73838631,0.00000000,20381.97861111,826812.00000000,8923.60000000,3,600.00000000,1600.00000000,1800.00000000,6,9,6,2,False,3,1.00000000,0,0,3,3,4200.00000000,3780.00000000,3580.00000000,4820.45000000,0.00000000,1980.00000000,1980.00000000,6318.40500000,1.23750000,783.52083333,0.81649658
train_2020_2022,holdout,2020-01-01,2023-01-01 00:00:00,3,4,min_headroom,0.90000000,1000.00000000,1,5726,22904,12678,12678,0.55352777,0.73838631,0.00000000,20381.97861111,826812.00000000,8923.60000000,3,600.00000000,1600.00000000,1800.00000000,6,9,6,2,False,3,1.00000000,0,0,3,3,4200.00000000,3780.00000000,3580.00000000,4820.45000000,0.00000000,1980.00000000,1980.00000000,6318.40500000,1.23750000,783.52083333,0.81649658
train_2020_2022,holdout,2020-01-01,2023-01-01 00:00:00,3,4,protect_frozen,0.90000000,1000.00000000,1,5726,22904,12678,12678,0.55352777,0.73838631,0.00000000,20381.97861111,826812.00000000,8923.60000000,3,600.00000000,1600.00000000,1800.00000000,6,9,6,2,False,3,1.00000000,0,0,3,3,4200.00000000,3780.00000000,3580.00000000,4820.45000000,0.00000000,1980.00000000,1980.00000000,6318.40500000,1.23750000,783.52083333,0.81649658
train_2020_2022,holdout,2020-01-01,2023-01-01 00:00:00,3,4,stable_hash,0.90000000,1000.00000000,1,5726,22904,12678,12678,0.55352777,0.73838631,0.00000000,20381.97861111,826812.00000000,8923.60000000,3,600.00000000,1600.00000000,1800.00000000,6,9,6,2,False,3,1.00000000,0,0,3,3,4200.00000000,3780.00000000,3580.00000000,4820.45000000,0.00000000,1980.00000000,1980.00000000,6318.40500000,1.23750000,783.52083333,0.81649658
train_2020_2022,holdout,2020-01-01,2023-01-01 00:00:00,4,4,round_robin,0.90000000,1000.00000000,1,5726,22904,16900,16900,0.73786238,0.73838631,0.73733846,27171.16222222,1102231.50000000,11963.50000000,4,800.00000000,1800.00000000,2400.00000000,8,12,8,2,False,4,1.00000000,0,0,4,4,5600.00000000,5040.00000000,4440.00000000,6474.70000000,0.00000000,2640.00000000,2640.00000000,8467.23000000,1.46666667,783.52083333,1.11803399
train_2020_2022,holdout,2020-01-01,2023-01-01 00:00:00,4,4,least_trades,0.90000000,1000.00000000,1,5726,22904,16900,16900,0.73786238,0.73838631,0.73733846,27171.16222222,1102231.50000000,11963.50000000,4,800.00000000,1800.00000000,2400.00000000,8,12,8,2,False,4,1.00000000,0,0,4,4,5600.00000000,5040.00000000,4440.00000000,6474.70000000,0.00000000,2640.00000000,2640.00000000,8467.23000000,1.46666667,783.52083333,1.11803399
train_2020_2022,holdout,2020-01-01,2023-01-01 00:00:00,4,4,max_headroom,0.90000000,1000.00000000,1,5726,22904,16900,16900,0.73786238,0.73838631,0.73733846,27171.16222222,1102231.50000000,11963.50000000,4,800.00000000,1800.00000000,2400.00000000,8,12,8,2,False,4,1.00000000,0,0,4,4,5600.00000000,5040.00000000,4440.00000000,6474.70000000,0.00000000,2640.00000000,2640.00000000,8467.23000000,1.46666667,783.52083333,1.11803399
train_2020_2022,holdout,2020-01-01,2023-01-01 00:00:00,4,4,min_headroom,0.90000000,1000.00000000,1,5726,22904,16900,16900,0.73786238,0.73838631,0.73733846,27171.16222222,1102231.50000000,11963.50000000,4,800.00000000,1800.00000000,2400.00000000,8,12,8,2,False,4,1.00000000,0,0,4,4,5600.00000000,5040.00000000,4440.00000000,6474.70000000,0.00000000,2640.00000000,2640.00000000,8467.23000000,1.46666667,783.52083333,1.11803399
train_2020_2022,holdout,2020-01-01,2023-01-01 00:00:00,4,4,protect_frozen,0.90000000,1000.00000000,1,5726,22904,16900,16900,0.73786238,0.73838631,0.73733846,27171.16222222,1102231.50000000,11963.50000000,4,800.00000000,1800.00000000,2400.00000000,8,12,8,2,False,4,1.00000000,0,0,4,4,5600.00000000,5040.00000000,4440.00000000,6474.70000000,0.00000000,2640.00000000,2640.00000000,8467.23000000,1.46666667,783.52083333,1.11803399
train_2020_2022,holdout,2020-01-01,2023-01-01 00:00:00,4,4,stable_hash,0.90000000,1000.00000000,1,5726,22904,16900,16900,0.73786238,0.73838631,0.73733846,27171.16222222,1102231.50000000,11963.50000000,4,800.00000000,1800.00000000,2400.00000000,8,12,8,2,False,4,1.00000000,0,0,4,4,5600.00000000,5040.00000000,4440.00000000,6474.70000000,0.00000000,2640.00000000,2640.00000000,8467.23000000,1.46666667,783.52083333,1.11803399
train_2020_2022,holdout,2020-01-01,2023-01-01 00:00:00,5,4,round_robin,0.90000000,1000.00000000,1,5726,22904,18163,18163,0.79300559,0.95686343,0.73838631,28841.05666667,1168909.00000000,17656.85000000,5,1000.00000000,2000.00000000,2800.00000000,9,14,9,0,False,1,0.20000000,0,4,5,5,9800.00000000,8820.00000000,8020.00000000,11332.65000000,1124.86500000,6020.00000000,7144.86500000,16219.38500000,3.57243250,247.43750000,1109.60291997
train_2020_2022,holdout,2020-01-01,2023-01-01 00:00:00,5,4,least_trades,0.90000000,1000.00000000,1,5726,22904,18163,18163,0.79300559,0.95686343,0.73838631,28841.05666667,1168909.00000000,17656.85000000,5,1000.00000000,2000.00000000,3400.00000000,12,17,12,0,False,2,0.40000000,0,3,5,5,11600.00000000,10440.00000000,9040.00000000,13708.05000000,3847.23000000,7040.00000000,10887.23000000,19377.24500000,5.44361500,233.14583333,797.62557632
train_2020_2022,holdout,2020-01-01,2023-01-01 00:00:00,5,4,max_headroom,0.90000000,1000.00000000,1,5726,22904,18163,18163,0.79300559,0.95686343,0.73838631,28841.05666667,1168909.00000000,17656.85000000,5,1000.00000000,2000.00000000,2200.00000000,6,11,6,0,False,1,0.20000000,0,4,5,5,9200.00000000,8280.00000000,8080.00000000,11009.40000000,295.96500000,6080.00000000,6375.96500000,15988.46000000,3.18798250,232.79166667,879.11446354
train_2020_2022,holdout,2020-01-01,2023-01-01 00:00:00,5,4,min_headroom,0.90000000,1000.00000000,1,5726,22904,18157,18157,0.79274363,0.95651415,0.73786238,28832.22333333,1168599.00000000,17318.65000000,5,1000.00000000,2000.00000000,3400.00000000,12,17,12,0,False,4,0.80000000,0,1,5,5,9600.00000000,8640.00000000,7240.00000000,12167.35000000,2677.36500000,5240.00000000,7917.36500000,16190.61500000,3.95868250,397.81250000,496.22116037
train_2020_2022,holdout,2020-01-01,2023-01-01 00:00:00,5,4,protect_frozen,0.90000000,1000.00000000,1,5726,22904,18163,18163,0.79300559,0.95686343,0.73838631,28841.05666667,1168909.00000000,17656.85000000,5,1000.00000000,2000.00000000,2800.00000000,9,14,9,0,False,2,0.40000000,0,3,5,5,11200.00000000,10080.00000000,9280.00000000,13977.35000000,3094.60500000,7280.00000000,10374.60500000,19859.61500000,5.18730250,233.97916667,1217.53597072
train_2020_2022,holdout,2020-01-01,2023-01-01 00:00:00,5,4,stable_hash,0.90000000,1000.00000000,1,5726,22904,18163,18163,0.79300559,0.95686343,0.73838631,28841.05666667,1168909.00000000,17656.85000000,5,1000.00000000,2000.00000000,2600.00000000,8,13,8,0,False,1,0.20000000,0,4,5,5,10200.00000000,9180.00000000,8580.00000000,14404.10000000,3791.16000000,6580.00000000,10371.16000000,19543.69000000,5.18558000,166.85416667,1232.04197980
train_2020_2022,holdout,2020-01-01,2023-01-01 00:00:00,6,4,round_robin,0.90000000,1000.00000000,1,5726,22904,19414,19414,0.84762487,0.95686343,0.73838631,30502.04555556,1234874.00000000,23563.30000001,6,1200.00000000,2200.00000000,2800.00000000,8,14,8,0,False,2,0.33333333,0,4,6,6,13800.00000000,12420.00000000,11820.00000000,15711.25000000,972.63000000,9620.00000000,10592.63000000,23760.12500000,4.81483182,148.70833333,1183.02710826
train_2020_2022,holdout,2020-01-01,2023-01-01 00:00:00,6,4,least_trades,0.90000000,1000.00000000,1,5726,22904,19413,19413,0.84758121,0.95686343,0.73838631,30501.59000000,1234793.00000000,23398.35000001,6,1200.00000000,2200.00000000,2400.00000000,6,12,6,0,False,2,0.33333333,0,4,6,6,12400.00000000,11160.00000000,10960.00000000,17022.60000000,4626.45000000,8760.00000000,13386.45000000,24080.34000000,6.08475000,232.79166667,1049.17126025
train_2020_2022,holdout,2020-01-01,2023-01-01 00:00:00,6,4,max_headroom,0.90000000,1000.00000000,1,5726,22904,19414,19414,0.84762487,0.95686343,0.73838631,30502.04555556,1234874.00000000,23563.30000001,6,1200.00000000,2200.00000000,2400.00000000,6,12,6,0,False,2,0.33333333,0,4,6,6,11000.00000000,9900.00000000,9700.00000000,17041.40000000,1886.85000000,7500.00000000,9386.85000000,22837.26000000,4.26675000,253.35416667,877.92691419
train_2020_2022,holdout,2020-01-01,2023-01-01 00:00:00,6,4,min_headroom,0.90000000,1000.00000000,1,5726,22904,19053,19053,0.83186343,0.93870066,0.71638142,30021.83444444,1222656.00000000,23390.35000001,6,1200.00000000,2200.00000000,4200.00000000,15,21,15,0,False,4,0.66666667,0,2,6,6,12000.00000000,10800.00000000,8800.00000000,18762.00000000,5640.03000000,6600.00000000,12240.03000000,23485.80000000,5.56365000,558.64583333,792.32562049
train_2020_2022,holdout,2020-01-01,2023-01-01 00:00:00,6,4,protect_frozen,0.90000000,1000.00000000,1,5726,22904,19405,19405,0.84723192,0.95651415,0.73803702,30489.28444444,1234357.00000000,22954.75000001,6,1200.00000000,2200.00000000,4400.00000000,16,22,16,0,False,4,0.66666667,0,2,6,6,15400.00000000,13860.00000000,11660.00000000,20044.10000000,7447.18500000,9460.00000000,16907.18500000,27499.69000000,7.68508409,236.22916667,430.51196912
train_2020_2022,holdout,2020-01-01,2023-01-01 00:00:00,6,4,stable_hash,0.90000000,1000.00000000,1,5726,22904,19414,19414,0.84762487,0.95686343,0.73838631,30502.04555556,1234874.00000000,23563.30000001,6,1200.00000000,2200.00000000,2600.00000000,7,13,7,0,False,1,0.16666667,0,5,6,6,11600.00000000,10440.00000000,10040.00000000,16852.40000000,4219.29000000,7840.00000000,12059.29000000,23007.16000000,5.48149545,219.45833333,964.17633242
train_2020_2022,holdout,2020-01-01,2023-01-01 00:00:00,8,4,round_robin,0.90000000,1000.00000000,1,5726,22904,21912,21912,0.95668879,0.95686343,0.95651415,33814.10111111,1366592.00000000,35339.40000000,8,1600.00000000,2600.00000000,3000.00000000,7,15,7,0,False,4,0.50000000,0,4,8,8,18400.00000000,16560.00000000,16160.00000000,29805.50000000,8730.90000000,13560.00000000,22290.90000000,40384.95000000,8.57342308,152.72916667,692.18241815
train_2020_2022,holdout,2020-01-01,2023-01-01 00:00:00,8,4,least_trades,0.90000000,1000.00000000,1,5726,22904,21912,21912,0.95668879,0.95686343,0.95651415,33817.90111111,1366604.00000000,35115.40000000,8,1600.00000000,2600.00000000,5400.00000000,19,27,19,0,False,4,0.50000000,0,4,8,8,20600.00000000,18540.00000000,15740.00000000,30400.00000000,12156.48000000,13140.00000000,25296.48000000,40500.00000000,9.72941538,299.66666667,429.00203962
train_2020_2022,holdout,2020-01-01,2023-01-01 00:00:00,8,4,max_headroom,0.90000000,1000.00000000,1,5726,22904,21914,21914,0.95677611,0.95686343,0.95668879,33820.75666667,1366773.00000000,35409.30000000,8,1600.00000000,2600.00000000,3200.00000000,8,16,8,0,False,4,0.50000000,0,4,8,8,15000.00000000,13500.00000000,12900.00000000,27923.50000000,6411.15000000,10300.00000000,16711.15000000,35431.15000000,6.42736538,372.93750000,1109.32197761
train_2020_2022,holdout,2020-01-01,2023-01-01 00:00:00,8,4,min_headroom,0.90000000,1000.00000000,1,5726,22904,21601,21601,0.94311037,0.95686343,0.93852602,33449.19000000,1357342.00000000,36879.94999999,8,1600.00000000,2600.00000000,4800.00000000,16,24,16,0,False,4,0.50000000,0,4,8,8,17200.00000000,15480.00000000,13280.00000000,29432.50000000,10492.92000000,10680.00000000,21172.92000000,37169.25000000,8.14343077,579.43750000,633.36240613
train_2020_2022,holdout,2020-01-01,2023-01-01 00:00:00,8,4,protect_frozen,0.90000000,1000.00000000,1,5726,22904,21909,21909,0.95655781,0.95686343,0.95581558,33813.39555556,1366268.50000000,34844.55000000,8,1600.00000000,2600.00000000,4800.00000000,16,24,16,0,False,4,0.50000000,0,4,8,8,18200.00000000,16380.00000000,14180.00000000,27702.55000000,9659.79000000,11580.00000000,21239.79000000,36512.29500000,8.16915000,419.93750000,476.36552077
train_2020_2022,holdout,2020-01-01,2023-01-01 00:00:00,8,4,stable_hash,0.90000000,1000.00000000,1,5726,22904,21916,21916,0.95686343,0.95686343,0.95686343,33824.02333333,1366804.00000000,35376.20000000,8,1600.00000000,2600.00000000,3200.00000000,8,16,8,0,False,1,0.12500000,0,7,8,7,15600.00000000,14040.00000000,13440.00000000,25259.55000000,6883.78500000,10840.00000000,17723.78500000,33573.59500000,6.81684038,258.33333333,829.34106939
train_2020_2022,holdout,2020-01-01,2023-01-01 00:00:00,10,4,round_robin,0.90000000,1000.00000000,1,5726,22904,22358,22358,0.97616137,0.99545931,0.95686343,34258.92333333,1387778.00000000,36376.09999999,10,2000.00000000,3000.00000000,4200.00000000,11,21,11,0,False,4,0.40000000,0,6,10,9,16200.00000000,14580.00000000,13380.00000000,29866.25000000,7705.66500000,10380.00000000,18085.66500000,37259.62500000,6.02855500,140.70833333,658.90731518
train_2020_2022,holdout,2020-01-01,2023-01-01 00:00:00,10,4,least_trades,0.90000000,1000.00000000,1,5726,22904,22358,22358,0.97616137,0.99545931,0.95686343,34258.92333333,1387778.00000000,36376.09999999,10,2000.00000000,3000.00000000,5000.00000000,15,25,15,0,False,2,0.20000000,0,8,10,10,18000.00000000,16200.00000000,14200.00000000,30841.80000000,7701.16500000,11200.00000000,18901.16500000,38957.62000000,6.30038833,308.20833333,370.58877479
train_2020_2022,holdout,2020-01-01,2023-01-01 00:00:00,10,4,max_headroom,0.90000000,1000.00000000,1,5726,22904,22358,22358,0.97616137,0.99545931,0.95686343,34258.92333333,1387778.00000000,36376.09999999,10,2000.00000000,3000.00000000,3200.00000000,6,16,6,0,False,4,0.40000000,0,6,10,9,14200.00000000,12780.00000000,12580.00000000,23553.40000000,2473.65000000,9580.00000000,12053.65000000,30778.06000000,4.01788333,225.72916667,790.80171978
train_2020_2022,holdout,2020-01-01,2023-01-01 00:00:00,10,4,min_headroom,0.90000000,1000.00000000,1,5726,22904,22305,22305,0.97384736,0.99091862,0.95668879,34215.59000000,1386444.50000000,36188.75000000,10,2000.00000000,3000.00000000,5200.00000000,16,26,16,0,False,4,0.40000000,0,6,10,10,15600.00000000,14040.00000000,11840.00000000,34206.75000000,10109.74500000,8840.00000000,18949.74500000,39626.07500000,6.31658167,489.95833333,510.85912931
train_2020_2022,holdout,2020-01-01,2023-01-01 00:00:00,10,4,protect_frozen,0.90000000,1000.00000000,1,5726,22904,22345,22345,0.97559378,0.99545931,0.95668879,34236.27888889,1387165.00000000,36198.75000000,10,2000.00000000,3000.00000000,5200.00000000,16,26,16,0,False,4,0.40000000,0,6,10,10,18600.00000000,16740.00000000,14540.00000000,33063.55000000,8636.71500000,11540.00000000,20176.71500000,41297.19500000,6.72557167,398.75000000,318.95813205
train_2020_2022,holdout,2020-01-01,2023-01-01 00:00:00,10,4,stable_hash,0.90000000,1000.00000000,1,5726,22904,22358,22358,0.97616137,0.99545931,0.95686343,34258.92333333,1387778.00000000,36376.09999999,10,2000.00000000,3000.00000000,3800.00000000,9,19,9,0,False,1,0.10000000,0,9,10,9,13200.00000000,11880.00000000,11080.00000000,26605.55000000,4894.20000000,8080.00000000,12974.20000000,32024.99500000,4.32473333,274.25000000,723.79492261
train_2020_2022,holdout,2020-01-01,2023-01-01 00:00:00,12,4,round_robin,0.90000000,1000.00000000,1,5726,22904,22798,22798,0.99537199,0.99545931,0.99528467,34692.70111111,1408651.00000000,37371.09999999,12,2400.00000000,3400.00000000,3200.00000000,4,16,4,0,False,4,0.33333333,0,8,12,11,13200.00000000,11880.00000000,12080.00000000,32398.50000000,5415.52500000,8680.00000000,14095.52500000,37838.65000000,4.14574265,302.85416667,225.44862682
train_2020_2022,holdout,2020-01-01,2023-01-01 00:00:00,12,4,least_trades,0.90000000,1000.00000000,1,5726,22904,22800,22800,0.99545931,0.99545931,0.99545931,34693.82333333,1408752.00000000,37375.99999999,12,2400.00000000,3400.00000000,4600.00000000,11,23,11,0,False,4,0.33333333,0,8,12,11,11400.00000000,10260.00000000,9060.00000000,31793.35000000,7647.12000000,5660.00000000,13307.12000000,34274.01500000,3.91385882,247.81250000,295.65195144
train_2020_2022,holdout,2020-01-01,2023-01-01 00:00:00,12,4,max_headroom,0.90000000,1000.00000000,1,5726,22904,22800,22800,0.99545931,0.99545931,0.99545931,34693.82333333,1408752.00000000,37375.99999999,12,2400.00000000,3400.00000000,2400.00000000,0,12,0,0,False,0,0.00000000,0,12,12,12,15200.00000000,13680.00000000,14680.00000000,22176.00000000,516.42000000,11280.00000000,11796.42000000,31238.40000000,3.46953529,233.97916667,252.92027729
train_2020_2022,holdout,2020-01-01,2023-01-01 00:00:00,12,4,min_headroom,0.90000000,1000.00000000,1,5726,22904,22681,22681,0.99026371,0.99545931,0.98725114,34590.38444444,1405361.00000000,36819.94999999,12,2400.00000000,3400.00000000,5600.00000000,16,28,16,0,False,4,0.33333333,0,8,12,12,10200.00000000,9180.00000000,6980.00000000,35624.30000000,7427.25000000,3580.00000000,11007.25000000,35641.87000000,3.23742647,688.70833333,341.77815254
train_2020_2022,holdout,2020-01-01,2023-01-01 00:00:00,12,4,protect_frozen,0.90000000,1000.00000000,1,5726,22904,22735,22735,0.99262138,0.99545931,0.98672721,34613.29000000,1405836.50000000,36792.24999999,12,2400.00000000,3400.00000000,5800.00000000,17,29,17,0,False,4,0.33333333,0,8,12,12,18600.00000000,16740.00000000,14340.00000000,36961.45000000,9540.00000000,10940.00000000,20480.00000000,44205.30500000,6.02352941,419.93750000,141.08298878
train_2020_2022,holdout,2020-01-01,2023-01-01 00:00:00,12,4,stable_hash,0.90000000,1000.00000000,1,5726,22904,22800,22800,0.99545931,0.99545931,0.99545931,34693.82333333,1408752.00000000,37375.99999999,12,2400.00000000,3400.00000000,5200.00000000,14,26,14,0,False,1,0.08333333,0,11,12,11,16000.00000000,14400.00000000,12600.00000000,33674.80000000,7127.41500000,9200.00000000,16327.41500000,40273.71500000,4.80218088,236.43750000,719.19965162
train_2020_2022,holdout,2020-01-01,2023-01-01 00:00:00,15,4,round_robin,0.90000000,1000.00000000,1,5726,22904,22875,22875,0.99873385,0.99982536,0.99545931,34737.20666667,1412728.50000000,35042.75000000,15,3000.00000000,4000.00000000,5600.00000000,13,28,13,0,False,1,0.07142857,0,13,15,11,11400.00000000,10260.00000000,8660.00000000,32752.95000000,5533.06500000,4660.00000000,10193.06500000,34164.38500000,2.54826625,420.97916667,496.95049608
train_2020_2022,holdout,2020-01-01,2023-01-01 00:00:00,15,4,least_trades,0.90000000,1000.00000000,1,5726,22904,22875,22875,0.99873385,0.99982536,0.99545931,34737.20666667,1412728.50000000,35042.75000000,15,3000.00000000,4000.00000000,6000.00000000,15,30,15,0,False,2,0.13333333,0,13,15,15,12600.00000000,11340.00000000,9340.00000000,37796.00000000,4530.06000000,5340.00000000,9870.06000000,39356.40000000,2.46751500,308.20833333,159.85813155
train_2020_2022,holdout,2020-01-01,2023-01-01 00:00:00,15,4,max_headroom,0.90000000,1000.00000000,1,5726,22904,22875,22875,0.99873385,0.99982536,0.99545931,34737.20666667,1412728.50000000,35042.75000000,15,3000.00000000,4000.00000000,3600.00000000,3,18,3,0,False,3,0.20000000,0,12,15,11,14800.00000000,13320.00000000,13720.00000000,22641.60000000,1918.48500000,9720.00000000,11638.48500000,31978.93500000,2.90962125,139.70833333,756.23831047
train_2020_2022,holdout,2020-01-01,2023-01-01 00:00:00,15,4,min_headroom,0.90000000,1000.00000000,1,5726,22904,22848,22848,0.99755501,0.99860286,0.99545931,34721.33444444,1411765.00000000,35896.60000000,15,3000.00000000,4000.00000000,6200.00000000,16,31,16,0,False,4,0.26666667,0,11,15,15,9400.00000000,8460.00000000,6260.00000000,43032.70000000,7406.14500000,2260.00000000,9666.14500000,40989.43000000,2.41653625,743.66666667,403.16803224
train_2020_2022,holdout,2020-01-01,2023-01-01 00:00:00,15,4,protect_frozen,0.90000000,1000.00000000,1,5726,22904,22871,22871,0.99855920,0.99982536,0.99545931,34735.35111111,1412529.50000000,35058.95000000,15,3000.00000000,4000.00000000,7200.00000000,21,36,21,0,False,3,0.20000000,0,12,15,15,16400.00000000,14760.00000000,11560.00000000,44367.50000000,8468.73000000,7560.00000000,16028.73000000,47490.75000000,4.00718250,397.81250000,58.50242160
train_2020_2022,holdout,2020-01-01,2023-01-01 00:00:00,15,4,stable_hash,0.90000000,1000.00000000,1,5726,22904,22875,22875,0.99873385,0.99982536,0.99545931,34737.20666667,1412728.50000000,35042.75000000,15,3000.00000000,4000.00000000,5600.00000000,13,28,13,0,False,1,0.06666667,0,14,15,11,13800.00000000,12420.00000000,10820.00000000,32121.75000000,6282.36000000,6820.00000000,13102.36000000,37573.13500000,3.27559000,313.12500000,577.42035526
train_2020_2022,holdout,2020-01-01,2023-01-01 00:00:00,20,4,round_robin,0.90000000,1000.00000000,1,5726,22904,22904,22904,1.00000000,1.00000000,1.00000000,34753.95666667,1414226.00000000,34490.80000000,20,4000.00000000,5000.00000000,5600.00000000,8,28,8,0,False,4,0.20000000,0,16,20,13,9200.00000000,8280.00000000,7680.00000000,37026.80000000,3504.69000000,2680.00000000,6184.69000000,36004.12000000,1.23693800,308.20833333,262.70013323
train_2020_2022,holdout,2020-01-01,2023-01-01 00:00:00,20,4,least_trades,0.90000000,1000.00000000,1,5726,22904,22904,22904,1.00000000,1.00000000,1.00000000,34753.95666667,1414226.00000000,34490.80000000,20,4000.00000000,5000.00000000,7200.00000000,16,36,16,0,False,4,0.20000000,0,15,20,16,10400.00000000,9360.00000000,7160.00000000,44709.35000000,6361.96500000,2160.00000000,8521.96500000,42400.57500000,1.70439300,308.62500000,52.92473429
train_2020_2022,holdout,2020-01-01,2023-01-01 00:00:00,20,4,max_headroom,0.90000000,1000.00000000,1,5726,22904,22904,22904,1.00000000,1.00000000,1.00000000,34753.95666667,1414226.00000000,34490.80000000,20,4000.00000000,5000.00000000,4000.00000000,0,20,0,0,False,0,0.00000000,0,20,20,8,14400.00000000,12960.00000000,13960.00000000,20090.80000000,7813.44000000,8960.00000000,16773.44000000,35940.38000000,3.35468800,232.89583333,1186.08691081
train_2020_2022,holdout,2020-01-01,2023-01-01 00:00:00,20,4,min_headroom,0.90000000,1000.00000000,1,5726,22904,22902,22902,0.99991268,1.00000000,0.99982536,34752.81222222,1414140.00000000,34377.90000000,18,4000.00000000,5000.00000000,7200.00000000,16,36,16,0,False,4,0.20000000,0,16,20,18,4000.00000000,3600.00000000,1400.00000000,50726.00000000,5701.18500000,-3600.00000000,2101.18500000,42053.40000000,0.42023700,832.66666667,394.24427707
train_2020_2022,holdout,2020-01-01,2023-01-01 00:00:00,20,4,protect_frozen,0.90000000,1000.00000000,1,5726,22904,22886,22886,0.99921411,1.00000000,0.99860286,34743.64555556,1413726.50000000,34917.20000000,20,4000.00000000,5000.00000000,8400.00000000,22,42,22,0,False,4,0.20000000,0,12,20,20,10200.00000000,9180.00000000,5780.00000000,52934.10000000,4390.83000000,780.00000000,5170.83000000,48420.69000000,1.03416600,489.95833333,111.68030265
train_2020_2022,holdout,2020-01-01,2023-01-01 00:00:00,20,4,stable_hash,0.90000000,1000.00000000,1,5726,22904,22904,22904,1.00000000,1.00000000,1.00000000,34753.95666667,1414226.00000000,34490.80000000,20,4000.00000000,5000.00000000,6600.00000000,13,33,13,0,False,1,0.05000000,0,19,20,12,12400.00000000,11160.00000000,9560.00000000,36737.70000000,5890.77000000,4560.00000000,10450.77000000,40602.03000000,2.09015400,222.85416667,439.46360486
train_2020_2022,holdout,2020-01-01,2023-01-01 00:00:00,20,6,round_robin,0.90000000,1000.00000000,1,5726,34356,34250,34250,0.99691466,0.99982536,0.99545931,52069.65722222,2115779.00000000,54508.49999998,20,4000.00000000,5000.00000000,7600.00000000,18,38,18,0,False,2,0.10000000,0,18,20,16,25800.00000000,23220.00000000,20620.00000000,50808.15000000,10852.29000000,15620.00000000,26472.29000000,61538.04500000,5.29445800,153.95833333,582.70861286
train_2020_2022,holdout,2020-01-01,2023-01-01 00:00:00,20,6,least_trades,0.90000000,1000.00000000,1,5726,34356,34250,34250,0.99691466,0.99982536,0.99545931,52069.65722222,2115779.00000000,54508.49999998,20,4000.00000000,5000.00000000,8800.00000000,24,44,24,0,False,4,0.20000000,0,16,20,19,26800.00000000,24120.00000000,20320.00000000,61800.90000000,14507.10000000,15320.00000000,29827.10000000,70940.81000000,5.96542000,216.70833333,229.98302111
train_2020_2022,holdout,2020-01-01,2023-01-01 00:00:00,20,6,max_headroom,0.90000000,1000.00000000,1,5726,34356,34249,34249,0.99688555,0.99982536,0.99545931,52069.05722222,2115720.50000000,54568.04999998,20,4000.00000000,5000.00000000,4800.00000000,4,24,4,0,False,2,0.10000000,0,18,20,16,22000.00000000,19800.00000000,20000.00000000,33077.15000000,1472.85000000,15000.00000000,16472.85000000,46892.76000000,3.29457000,139.70833333,821.72490987
train_2020_2022,holdout,2020-01-01,2023-01-01 00:00:00,20,6,min_headroom,0.90000000,1000.00000000,1,5726,34356,34056,34056,0.99126790,0.99860286,0.98917220,51904.82944444,2110893.50000000,53823.19999998,20,4000.00000000,5000.00000000,8800.00000000,24,44,24,0,False,6,0.31578947,3,13,20,20,16600.00000000,14940.00000000,11140.00000000,57044.55000000,10519.60500000,6140.00000000,16659.60500000,57480.09500000,3.33192100,673.43750000,473.42575712
train_2020_2022,holdout,2020-01-01,2023-01-01 00:00:00,20,6,protect_frozen,0.90000000,1000.00000000,1,5726,34356,34231,34231,0.99636163,0.99930143,0.99388753,52055.67388889,2115268.50000000,54521.44999998,20,4000.00000000,5000.00000000,8600.00000000,23,43,23,0,False,3,0.15000000,0,17,20,20,25800.00000000,23220.00000000,19620.00000000,62172.85000000,12994.20000000,14620.00000000,27614.20000000,70575.56500000,5.52284000,306.47916667,173.42931557
train_2020_2022,holdout,2020-01-01,2023-01-01 00:00:00,20,6,stable_hash,0.90000000,1000.00000000,1,5726,34356,34250,34250,0.99691466,0.99982536,0.99545931,52069.65722222,2115779.00000000,54508.49999998,20,4000.00000000,5000.00000000,8000.00000000,20,40,20,0,False,1,0.05000000,0,19,20,15,23800.00000000,21420.00000000,18420.00000000,47373.20000000,10306.12500000,13420.00000000,23726.12500000,57969.28000000,4.74522500,139.70833333,625.41255184
train_2020_2022,holdout,2020-01-01,2023-01-01 00:00:00,24,6,round_robin,0.90000000,1000.00000000,1,5726,34356,34350,34350,0.99982536,0.99982536,0.99982536,52127.50166667,2121081.00000000,51397.49999998,24,4800.00000000,5800.00000000,7200.00000000,12,36,12,0,False,6,0.25000000,1,18,24,16,17600.00000000,15840.00000000,14440.00000000,42751.20000000,9023.76000000,8640.00000000,17663.76000000,47328.48000000,3.04547586,308.20833333,532.20106372
train_2020_2022,holdout,2020-01-01,2023-01-01 00:00:00,24,6,least_trades,0.90000000,1000.00000000,1,5726,34356,34344,34344,0.99965072,0.99982536,0.99877751,52123.56833333,2120954.00000000,51530.79999998,24,4800.00000000,5800.00000000,6800.00000000,10,34,10,0,False,6,0.25000000,1,18,24,21,12200.00000000,10980.00000000,9980.00000000,51586.80000000,2315.43000000,4180.00000000,6495.43000000,50769.76000000,1.11990172,677.33333333,199.08853070
train_2020_2022,holdout,2020-01-01,2023-01-01 00:00:00,24,6,max_headroom,0.90000000,1000.00000000,1,5726,34356,34350,34350,0.99982536,0.99982536,0.99982536,52127.50166667,2121081.00000000,51397.49999998,24,4800.00000000,5800.00000000,6000.00000000,6,30,6,0,False,6,0.25000000,1,18,24,16,22200.00000000,19980.00000000,19780.00000000,39814.20000000,2010.06000000,13980.00000000,15990.06000000,49812.78000000,2.75690690,140.70833333,1068.51544210
train_2020_2022,holdout,2020-01-01,2023-01-01 00:00:00,24,6,min_headroom,0.90000000,1000.00000000,1,5726,34356,34271,34271,0.99752591,0.99860286,0.99214111,52069.69055556,2119065.50000000,52031.94999998,24,4800.00000000,5800.00000000,9600.00000000,24,48,24,0,False,6,0.26086957,3,17,24,24,11800.00000000,10620.00000000,6820.00000000,67076.20000000,10205.82000000,1020.00000000,11225.82000000,61388.58000000,1.93548621,688.70833333,319.29595945
train_2020_2022,holdout,2020-01-01,2023-01-01 00:00:00,24,6,protect_frozen,0.90000000,1000.00000000,1,5726,34356,34336,34336,0.99941786,0.99982536,0.99790430,52119.80722222,2120444.50000000,52002.69999998,24,4800.00000000,5800.00000000,8400.00000000,18,42,18,0,False,6,0.25000000,3,18,24,24,10400.00000000,9360.00000000,6760.00000000,60357.00000000,4536.49500000,960.00000000,5496.49500000,55281.30000000,0.94767155,789.70833333,151.68166135
train_2020_2022,holdout,2020-01-01,2023-01-01 00:00:00,24,6,stable_hash,0.90000000,1000.00000000,1,5726,34356,34350,34350,0.99982536,0.99982536,0.99982536,52127.50166667,2121081.00000000,51397.49999998,24,4800.00000000,5800.00000000,8800.00000000,20,44,20,0,False,1,0.04166667,0,23,24,18,18600.00000000,16740.00000000,13740.00000000,52059.60000000,6310.48500000,7940.00000000,14250.48500000,54793.64000000,2.45698017,159.87500000,482.52555344
train_2020_2022,holdout,2020-01-01,2023-01-01 00:00:00,25,6,round_robin,0.90000000,1000.00000000,1,5726,34356,34351,34351,0.99985447,1.00000000,0.99982536,52128.07388889,2121124.00000000,51453.94999998,25,5000.00000000,6000.00000000,8200.00000000,16,41,16,0,False,2,0.08000000,0,23,25,16,15000.00000000,13500.00000000,11300.00000000,50430.20000000,7173.76500000,5300.00000000,12473.76500000,50814.48500000,2.07896083,308.20833333,460.94939245
train_2020_2022,holdout,2020-01-01,2023-01-01 00:00:00,25,6,least_trades,0.90000000,1000.00000000,1,5726,34356,34348,34348,0.99976714,1.00000000,0.99930143,52125.67388889,2121076.50000000,51504.59999998,25,5000.00000000,6000.00000000,10400.00000000,27,52,27,0,False,5,0.20000000,1,20,25,22,20800.00000000,18720.00000000,14320.00000000,58576.85000000,7459.06500000,8320.00000000,15779.06500000,61158.46000000,2.62984417,246.97916667,88.04077237
train_2020_2022,holdout,2020-01-01,2023-01-01 00:00:00,25,6,max_headroom,0.90000000,1000.00000000,1,5726,34356,34351,34351,0.99985447,1.00000000,0.99982536,52128.07388889,2121124.00000000,51453.94999998,25,5000.00000000,6000.00000000,5000.00000000,0,25,0,0,False,0,0.00000000,0,25,25,14,24000.00000000,21600.00000000,22600.00000000,27453.95000000,6479.01000000,16600.00000000,23079.01000000,51632.59000000,3.84650167,225.62500000,1059.56238061
train_2020_2022,holdout,2020-01-01,2023-01-01 00:00:00,25,6,min_headroom,0.90000000,1000.00000000,1,5726,34356,34309,34309,0.99863197,0.99877751,0.99860286,52102.04055556,2120029.00000000,52317.04999998,25,5000.00000000,6000.00000000,9800.00000000,24,49,24,0,False,6,0.25000000,3,18,25,25,11600.00000000,10440.00000000,6640.00000000,69765.10000000,10495.03500000,640.00000000,11135.03500000,63428.59000000,1.85583917,707.97916667,373.43965724
train_2020_2022,holdout,2020-01-01,2023-01-01 00:00:00,25,6,protect_frozen,0.90000000,1000.00000000,1,5726,34356,34228,34228,0.99627430,0.99860286,0.99336360,52041.22388889,2117640.50000000,52771.59999998,25,5000.00000000,6000.00000000,10000.00000000,25,50,25,0,False,5,0.20000000,2,15,25,25,16400.00000000,14760.00000000,10760.00000000,66249.75000000,6701.67000000,4760.00000000,11461.67000000,64384.77500000,1.91027833,509.70833333,272.84677018
train_2020_2022,holdout,2020-01-01,2023-01-01 00:00:00,25,6,stable_hash,0.90000000,1000.00000000,1,5726,34356,34351,34351,0.99985447,1.00000000,0.99982536,52128.07388889,2121124.00000000,51453.94999998,25,5000.00000000,6000.00000000,9400.00000000,22,47,22,0,False,1,0.04000000,0,24,25,18,20400.00000000,18360.00000000,14960.00000000,53350.35000000,8304.07500000,8960.00000000,17264.07500000,57745.26500000,2.87734583,159.95833333,499.09124777
train_2020_2022,holdout,2020-01-01,2023-01-01 00:00:00,30,6,round_robin,0.90000000,1000.00000000,1,5726,34356,34356,34356,1.00000000,1.00000000,1.00000000,52130.93500000,2121339.00000000,51736.19999998,30,6000.00000000,7000.00000000,9000.00000000,15,45,15,0,False,6,0.20000000,1,24,30,25,12400.00000000,11160.00000000,9160.00000000,63053.85000000,6813.85500000,2160.00000000,8973.85500000,58908.46500000,1.28197929,308.64583333,287.98707726
train_2020_2022,holdout,2020-01-01,2023-01-01 00:00:00,30,6,least_trades,0.90000000,1000.00000000,1,5726,34356,34356,34356,1.00000000,1.00000000,1.00000000,52130.93500000,2121339.00000000,51736.19999998,30,6000.00000000,7000.00000000,11000.00000000,25,55,25,0,False,6,0.20000000,1,24,30,24,13400.00000000,12060.00000000,8060.00000000,62257.85000000,3032.50500000,1060.00000000,4092.50500000,57765.31000000,0.58464357,308.64583333,148.19904408
train_2020_2022,holdout,2020-01-01,2023-01-01 00:00:00,30,6,max_headroom,0.90000000,1000.00000000,1,5726,34356,34356,34356,1.00000000,1.00000000,1.00000000,52130.93500000,2121339.00000000,51736.19999998,30,6000.00000000,7000.00000000,6000.00000000,0,30,0,0,False,0,0.00000000,0,30,30,12,21600.00000000,19440.00000000,20440.00000000,30136.20000000,11720.16000000,13440.00000000,25160.16000000,53910.57000000,3.59430857,232.89583333,1186.08691081
train_2020_2022,holdout,2020-01-01,2023-01-01 00:00:00,30,6,min_headroom,0.90000000,1000.00000000,1,5726,34356,34341,34341,0.99956340,1.00000000,0.99807894,52122.30722222,2120733.50000000,51808.94999998,25,6000.00000000,7000.00000000,10800.00000000,24,54,24,0,False,6,0.20689655,3,23,30,27,6600.00000000,5940.00000000,2140.00000000,72271.55000000,7900.60500000,-4860.00000000,3040.60500000,61079.53500000,0.43437214,789.70833333,375.07591676
train_2020_2022,holdout,2020-01-01,2023-01-01 00:00:00,30,6,protect_frozen,0.90000000,1000.00000000,1,5726,34356,34296,34296,0.99825358,0.99930143,0.99511002,52093.27944444,2119740.00000000,52517.19999998,30,6000.00000000,7000.00000000,12000.00000000,30,60,30,0,False,6,0.20000000,3,17,30,30,14800.00000000,13320.00000000,8320.00000000,77342.60000000,4724.82000000,1320.00000000,6044.82000000,70928.34000000,0.86354571,489.95833333,277.88725931
train_2020_2022,holdout,2020-01-01,2023-01-01 00:00:00,30,6,stable_hash,0.90000000,1000.00000000,1,5726,34356,34356,34356,1.00000000,1.00000000,1.00000000,52130.93500000,2121339.00000000,51736.19999998,30,6000.00000000,7000.00000000,10000.00000000,20,50,20,0,False,1,0.03333333,0,29,30,17,20200.00000000,18180.00000000,15180.00000000,54621.00000000,7792.69500000,8180.00000000,15972.69500000,58969.79000000,2.28181357,195.89583333,400.69143018
train_2020_2022,holdout,2020-01-01,2023-01-01 00:00:00,35,6,round_robin,0.90000000,1000.00000000,1,5726,34356,34356,34356,1.00000000,1.00000000,1.00000000,52130.93500000,2121339.00000000,51736.19999998,30,7000.00000000,8000.00000000,10600.00000000,18,53,18,0,False,2,0.05714286,0,33,35,20,16200.00000000,14580.00000000,11980.00000000,54037.00000000,9921.37500000,3980.00000000,13901.37500000,58677.45500000,1.73767187,254.20833333,325.31435347
train_2020_2022,holdout,2020-01-01,2023-01-01 00:00:00,35,6,least_trades,0.90000000,1000.00000000,1,5726,34356,34356,34356,1.00000000,1.00000000,1.00000000,52130.93500000,2121339.00000000,51736.19999998,30,7000.00000000,8000.00000000,12200.00000000,26,61,26,0,False,3,0.08571429,0,32,35,21,20800.00000000,18720.00000000,14520.00000000,66080.25000000,9540.45000000,6520.00000000,16060.45000000,66085.69000000,2.00755625,208.89583333,26.61532472
train_2020_2022,holdout,2020-01-01,2023-01-01 00:00:00,35,6,max_headroom,0.90000000,1000.00000000,1,5726,34356,34356,34356,1.00000000,1.00000000,1.00000000,52130.93500000,2121339.00000000,51736.19999998,30,7000.00000000,8000.00000000,7000.00000000,0,35,0,0,False,0,0.00000000,0,35,35,15,25800.00000000,23220.00000000,24220.00000000,25936.20000000,5141.07000000,16220.00000000,21361.07000000,54073.77500000,2.67013375,128.97916667,901.95733824
train_2020_2022,holdout,2020-01-01,2023-01-01 00:00:00,35,6,min_headroom,0.90000000,1000.00000000,1,5726,34356,34346,34346,0.99970893,0.99982536,0.99947607,52126.20166667,2120918.00000000,51564.69999998,24,7000.00000000,8000.00000000,11000.00000000,20,55,24,0,False,6,0.19230769,3,21,31,22,3400.00000000,3060.00000000,60.00000000,66523.95000000,6025.54500000,-7940.00000000,-1914.45500000,52705.87000000,-0.23930688,870.95833333,319.13086313
train_2020_2022,holdout,2020-01-01,2023-01-01 00:00:00,35,6,protect_frozen,0.90000000,1000.00000000,1,5726,34356,34356,34356,1.00000000,1.00000000,1.00000000,52130.93500000,2121339.00000000,51736.19999998,30,7000.00000000,8000.00000000,12400.00000000,27,62,27,0,False,2,0.05882353,0,25,35,33,10200.00000000,9180.00000000,4780.00000000,81992.05000000,5341.63500000,-3220.00000000,2121.63500000,72097.04000000,0.26520437,740.87500000,287.96214887
train_2020_2022,holdout,2020-01-01,2023-01-01 00:00:00,35,6,stable_hash,0.90000000,1000.00000000,1,5726,34356,34356,34356,1.00000000,1.00000000,1.00000000,52130.93500000,2121339.00000000,51736.19999998,30,7000.00000000,8000.00000000,11200.00000000,21,56,21,0,False,1,0.02857143,0,34,35,17,16600.00000000,14940.00000000,11740.00000000,57798.10000000,6007.90500000,3740.00000000,9747.90500000,57246.30500000,1.21848812,348.70833333,336.11800163
train_2020_2022,holdout,2020-01-01,2023-01-01 00:00:00,40,6,round_robin,0.90000000,1000.00000000,1,5726,34356,34356,34356,1.00000000,1.00000000,1.00000000,52130.93500000,2121339.00000000,51736.19999998,30,8000.00000000,9000.00000000,15600.00000000,38,78,38,0,False,3,0.07500000,0,32,40,22,36200.00000000,32580.00000000,25980.00000000,74612.25000000,23273.73000000,16980.00000000,40253.73000000,92050.30500000,4.47263667,261.60416667,297.11363041
train_2020_2022,holdout,2020-01-01,2023-01-01 00:00:00,40,6,least_trades,0.90000000,1000.00000000,1,5726,34356,34356,34356,1.00000000,1.00000000,1.00000000,52130.93500000,2121339.00000000,51736.19999998,30,8000.00000000,9000.00000000,14000.00000000,30,70,30,0,False,6,0.15000000,1,34,40,25,17200.00000000,15480.00000000,10480.00000000,80717.60000000,8447.40000000,1480.00000000,9927.40000000,75080.78500000,1.10304444,299.66666667,0.40000000
train_2020_2022,holdout,2020-01-01,2023-01-01 00:00:00,40,6,max_headroom,0.90000000,1000.00000000,1,5726,34356,34356,34356,1.00000000,1.00000000,1.00000000,52130.93500000,2121339.00000000,51736.19999998,30,8000.00000000,9000.00000000,8000.00000000,0,40,0,0,False,0,0.00000000,0,40,40,22,20400.00000000,18360.00000000,19360.00000000,31336.20000000,2823.57000000,10360.00000000,13183.57000000,48363.13000000,1.46484111,225.14583333,633.27813005
train_2020_2022,holdout,2020-01-01,2023-01-01 00:00:00,40,6,min_headroom,0.90000000,1000.00000000,1,5726,34356,34347,34347,0.99973804,0.99982536,0.99965072,52122.13500000,2120913.00000000,51199.64999998,24,8000.00000000,9000.00000000,12000.00000000,20,60,24,0,False,6,0.18181818,3,21,36,21,3400.00000000,3060.00000000,60.00000000,66603.20000000,7195.54500000,-8940.00000000,-1744.45500000,55781.07000000,-0.19382833,926.97916667,322.38714649
train_2020_2022,holdout,2020-01-01,2023-01-01 00:00:00,40,6,protect_frozen,0.90000000,1000.00000000,1,5726,34356,34356,34356,1.00000000,1.00000000,1.00000000,52130.93500000,2121339.00000000,51736.19999998,30,8000.00000000,9000.00000000,14800.00000000,34,74,34,0,False,5,0.13513514,2,24,40,36,11000.00000000,9900.00000000,4100.00000000,91583.55000000,8034.07500000,-4900.00000000,3134.07500000,79254.90500000,0.34823056,741.79166667,274.92889876
train_2020_2022,holdout,2020-01-01,2023-01-01 00:00:00,40,6,stable_hash,0.90000000,1000.00000000,1,5726,34356,34356,34356,1.00000000,1.00000000,1.00000000,52130.93500000,2121339.00000000,51736.19999998,30,8000.00000000,9000.00000000,11800.00000000,19,59,19,0,False,1,0.02500000,0,39,40,21,14600.00000000,13140.00000000,10340.00000000,60889.75000000,4686.57000000,1340.00000000,6026.57000000,58382.49500000,0.66961889,252.16666667,306.47497349
train_2020_2022,holdout,2020-01-01,2023-01-01 00:00:00,25,8,round_robin,0.90000000,1000.00000000,1,5726,45808,45605,45605,0.99556846,0.99965072,0.99214111,69387.27444444,2818139.50000000,73911.24999998,25,5000.00000000,6000.00000000,9000.00000000,20,45,20,0,False,3,0.12000000,0,22,25,25,29200.00000000,26280.00000000,23280.00000000,62958.90000000,8084.38500000,17280.00000000,25364.38500000,73943.01000000,4.22739750,195.89583333,582.08584384
train_2020_2022,holdout,2020-01-01,2023-01-01 00:00:00,25,8,least_trades,0.90000000,1000.00000000,1,5726,45808,45499,45499,0.99325445,0.99790430,0.98148795,69288.83555556,2813838.00000000,73847.54999998,25,5000.00000000,6000.00000000,9800.00000000,24,49,24,0,False,5,0.20000000,1,20,25,24,29800.00000000,26820.00000000,23020.00000000,67038.75000000,13841.82000000,17020.00000000,30861.82000000,77917.78000000,5.14363667,253.35416667,316.07644645
train_2020_2022,holdout,2020-01-01,2023-01-01 00:00:00,25,8,max_headroom,0.90000000,1000.00000000,1,5726,45808,45625,45625,0.99600506,0.99982536,0.99545931,69402.10777778,2818829.50000000,73974.24999998,25,5000.00000000,6000.00000000,5400.00000000,2,27,2,0,False,1,0.04000000,0,24,25,19,28600.00000000,25740.00000000,26340.00000000,47272.75000000,4734.27000000,20340.00000000,25074.27000000,64333.53000000,4.17904500,140.47916667,876.64428362
train_2020_2022,holdout,2020-01-01,2023-01-01 00:00:00,25,8,min_headroom,0.90000000,1000.00000000,1,5726,45808,45044,45044,0.98332169,0.99388753,0.95930842,68789.10222222,2800864.50000000,73184.29999997,25,5000.00000000,6000.00000000,11400.00000000,32,57,32,0,False,8,0.36363636,3,14,25,25,24400.00000000,21960.00000000,16560.00000000,73911.95000000,14646.64500000,10560.00000000,25206.64500000,77080.75500000,4.20110750,530.58333333,467.82077594
train_2020_2022,holdout,2020-01-01,2023-01-01 00:00:00,25,8,protect_frozen,0.90000000,1000.00000000,1,5726,45808,45474,45474,0.99270870,0.99738037,0.98533007,69253.71333333,2812331.50000000,73405.79999997,25,5000.00000000,6000.00000000,10400.00000000,27,52,27,0,False,4,0.16000000,0,20,25,25,27400.00000000,24660.00000000,20260.00000000,72945.50000000,12110.49000000,14260.00000000,26370.49000000,79910.95000000,4.39508167,299.66666667,272.00308822
train_2020_2022,holdout,2020-01-01,2023-01-01 00:00:00,25,8,stable_hash,0.90000000,1000.00000000,1,5726,45808,45614,45614,0.99576493,0.99965072,0.99371289,69392.64111111,2818415.50000000,73798.29999997,25,5000.00000000,6000.00000000,9400.00000000,22,47,22,0,False,1,0.04166667,0,23,25,22,32600.00000000,29340.00000000,25940.00000000,65571.55000000,13876.65000000,19940.00000000,33816.65000000,79816.37000000,5.63610833,135.95833333,605.53348908
train_2020_2022,holdout,2020-01-01,2023-01-01 00:00:00,30,8,round_robin,0.90000000,1000.00000000,1,5726,45808,45750,45750,0.99873385,0.99982536,0.99545931,69474.41333333,2825457.00000000,70085.49999997,30,6000.00000000,7000.00000000,10800.00000000,24,54,24,0,False,2,0.06666667,0,28,30,24,24800.00000000,22320.00000000,18520.00000000,68547.20000000,12366.49500000,11520.00000000,23886.49500000,74580.93000000,3.41235643,236.62500000,493.86561825
train_2020_2022,holdout,2020-01-01,2023-01-01 00:00:00,30,8,least_trades,0.90000000,1000.00000000,1,5726,45808,45738,45738,0.99847188,0.99982536,0.99545931,69467.63555556,2825101.50000000,70361.59999997,30,6000.00000000,7000.00000000,11400.00000000,27,57,27,0,False,4,0.13333333,0,26,30,25,22800.00000000,20520.00000000,16120.00000000,71591.05000000,8191.57500000,9120.00000000,17311.57500000,74320.95000000,2.47308214,161.89583333,178.50349825
train_2020_2022,holdout,2020-01-01,2023-01-01 00:00:00,30,8,max_headroom,0.90000000,1000.00000000,1,5726,45808,45750,45750,0.99873385,0.99982536,0.99545931,69474.41333333,2825457.00000000,70085.49999997,30,6000.00000000,7000.00000000,7200.00000000,6,36,6,0,False,6,0.20000000,1,24,30,22,30200.00000000,27180.00000000,26980.00000000,44683.20000000,3354.39000000,19980.00000000,23334.39000000,64963.98000000,3.33348429,139.70833333,779.21587652
train_2020_2022,holdout,2020-01-01,2023-01-01 00:00:00,30,8,min_headroom,0.90000000,1000.00000000,1,5726,45808,45513,45513,0.99356008,0.99860286,0.98917220,69284.78000000,2819003.50000000,70571.84999997,30,6000.00000000,7000.00000000,12400.00000000,32,62,32,0,False,8,0.29629630,3,19,30,30,17800.00000000,16020.00000000,10620.00000000,84363.00000000,13689.58500000,3620.00000000,17309.58500000,79546.70000000,2.47279786,677.45833333,464.49090411
train_2020_2022,holdout,2020-01-01,2023-01-01 00:00:00,30,8,protect_frozen,0.90000000,1000.00000000,1,5726,45808,45706,45706,0.99777331,0.99982536,0.99476074,69449.46888889,2822981.50000000,71127.19999997,30,6000.00000000,7000.00000000,12400.00000000,32,62,32,0,False,5,0.16666667,1,19,30,30,24400.00000000,21960.00000000,16560.00000000,79760.20000000,9479.29500000,9560.00000000,19039.29500000,81344.18000000,2.71989929,433.70833333,148.42702659
train_2020_2022,holdout,2020-01-01,2023-01-01 00:00:00,30,8,stable_hash,0.90000000,1000.00000000,1,5726,45808,45748,45748,0.99869019,0.99982536,0.99545931,69473.43555556,2825408.00000000,70037.59999997,30,6000.00000000,7000.00000000,10600.00000000,23,53,23,0,False,1,0.03571429,0,27,30,23,26000.00000000,23400.00000000,19800.00000000,66249.70000000,8878.50000000,12800.00000000,21678.50000000,72754.44500000,3.09692857,247.81250000,520.91070252
train_2020_2022,holdout,2020-01-01,2023-01-01 00:00:00,32,8,round_robin,0.90000000,1000.00000000,1,5726,45808,45800,45800,0.99982536,0.99982536,0.99982536,69503.33555556,2828108.00000000,68529.99999997,32,6400.00000000,7400.00000000,9600.00000000,16,48,16,0,False,8,0.25000000,2,24,32,20,23600.00000000,21240.00000000,19040.00000000,56623.10000000,10575.00000000,11640.00000000,22215.00000000,64655.31000000,3.00202703,308.20833333,534.67291403
train_2020_2022,holdout,2020-01-01,2023-01-01 00:00:00,32,8,least_trades,0.90000000,1000.00000000,1,5726,45808,45782,45782,0.99943241,0.99982536,0.99877751,69491.53555556,2827727.00000000,68929.89999997,32,6400.00000000,7400.00000000,9600.00000000,16,48,16,0,False,8,0.25000000,1,24,32,26,18200.00000000,16380.00000000,14180.00000000,69601.55000000,4322.52000000,6780.00000000,11102.52000000,69421.39500000,1.50034054,673.66666667,154.83594834
train_2020_2022,holdout,2020-01-01,2023-01-01 00:00:00,32,8,max_headroom,0.90000000,1000.00000000,1,5726,45808,45800,45800,0.99982536,0.99982536,0.99982536,69503.33555556,2828108.00000000,68529.99999997,32,6400.00000000,7400.00000000,8000.00000000,8,40,8,0,False,8,0.25000000,1,24,32,22,28000.00000000,25200.00000000,24600.00000000,54685.60000000,3914.01000000,17200.00000000,21114.01000000,67066.43500000,2.85324459,140.70833333,1114.98898537
train_2020_2022,holdout,2020-01-01,2023-01-01 00:00:00,32,8,min_headroom,0.90000000,1000.00000000,1,5726,45808,45642,45642,0.99637618,0.99860286,0.99266504,69378.42444444,2824237.50000000,69234.39999997,32,6400.00000000,7400.00000000,12800.00000000,32,64,32,0,False,8,0.27586207,4,21,32,32,15800.00000000,14220.00000000,8820.00000000,89075.45000000,13485.55500000,1420.00000000,14905.55500000,81587.90500000,2.01426419,677.33333333,376.63853356
train_2020_2022,holdout,2020-01-01,2023-01-01 00:00:00,32,8,protect_frozen,0.90000000,1000.00000000,1,5726,45808,45751,45751,0.99875568,0.99982536,0.99790430,69474.94111111,2826176.50000000,70328.94999997,32,6400.00000000,7400.00000000,12000.00000000,28,60,28,0,False,8,0.25000000,3,24,32,32,17000.00000000,15300.00000000,10700.00000000,85054.55000000,7911.40500000,3300.00000000,11211.40500000,79849.09500000,1.51505473,757.68750000,155.87940739
train_2020_2022,holdout,2020-01-01,2023-01-01 00:00:00,32,8,stable_hash,0.90000000,1000.00000000,1,5726,45808,45799,45799,0.99980353,0.99982536,0.99965072,69502.84666667,2828083.50000000,68506.04999997,32,6400.00000000,7400.00000000,11200.00000000,24,56,24,0,False,1,0.03125000,0,31,32,23,25600.00000000,23040.00000000,19240.00000000,66949.10000000,7424.23500000,11840.00000000,19264.23500000,72468.63500000,2.60327500,250.62500000,459.92760555
train_2020_2022,holdout,2020-01-01,2023-01-01 00:00:00,35,8,round_robin,0.90000000,1000.00000000,1,5726,45808,45803,45803,0.99989085,1.00000000,0.99982536,69505.05222222,2828237.00000000,68699.34999997,35,7000.00000000,8000.00000000,12400.00000000,27,62,27,0,False,3,0.08571429,0,31,35,25,25600.00000000,23040.00000000,18640.00000000,70265.20000000,9819.49500000,10640.00000000,20459.49500000,77680.05500000,2.55743687,191.93750000,413.73100203
train_2020_2022,holdout,2020-01-01,2023-01-01 00:00:00,35,8,least_trades,0.90000000,1000.00000000,1,5726,45808,45773,45773,0.99923594,1.00000000,0.99860286,69487.06333333,2827448.50000000,69335.34999997,35,7000.00000000,8000.00000000,13600.00000000,33,68,33,0,False,8,0.22857143,1,26,35,27,20800.00000000,18720.00000000,13120.00000000,81827.80000000,11309.40000000,5120.00000000,16429.40000000,78765.02000000,2.05367500,299.66666667,130.31517211
train_2020_2022,holdout,2020-01-01,2023-01-01 00:00:00,35,8,max_headroom,0.90000000,1000.00000000,1,5726,45808,45803,45803,0.99989085,1.00000000,0.99982536,69505.05222222,2828237.00000000,68699.34999997,35,7000.00000000,8000.00000000,7000.00000000,0,35,0,0,False,0,0.00000000,0,35,35,23,27600.00000000,24840.00000000,25840.00000000,41099.35000000,4716.67500000,17840.00000000,22556.67500000,63195.50000000,2.81958437,139.70833333,861.84900709
train_2020_2022,holdout,2020-01-01,2023-01-01 00:00:00,35,8,min_headroom,0.90000000,1000.00000000,1,5726,45808,45747,45747,0.99866835,0.99877751,0.99860286,69470.34111111,2826777.00000000,69850.14999997,35,7000.00000000,8000.00000000,13400.00000000,32,67,32,0,False,8,0.25000000,3,24,35,35,12000.00000000,10800.00000000,5400.00000000,89944.15000000,10202.76000000,-2600.00000000,7602.76000000,78349.73500000,0.95034500,707.97916667,266.35325017
train_2020_2022,holdout,2020-01-01,2023-01-01 00:00:00,35,8,protect_frozen,0.90000000,1000.00000000,1,5726,45808,45560,45560,0.99458610,0.99860286,0.98917220,69324.59111111,2821020.00000000,70093.49999997,35,7000.00000000,8000.00000000,14800.00000000,39,74,39,0,False,6,0.17142857,2,16,35,35,23200.00000000,20880.00000000,14080.00000000,93553.35000000,10276.60500000,6080.00000000,16356.60500000,90278.01500000,2.04457562,446.52083333,194.84877653
train_2020_2022,holdout,2020-01-01,2023-01-01 00:00:00,35,8,stable_hash,0.90000000,1000.00000000,1,5726,45808,45803,45803,0.99989085,1.00000000,0.99982536,69505.05222222,2828237.00000000,68699.34999997,35,7000.00000000,8000.00000000,12400.00000000,27,62,27,0,False,2,0.05714286,0,33,35,24,24600.00000000,22140.00000000,17740.00000000,68841.40000000,7570.12500000,9740.00000000,17310.12500000,73884.48500000,2.16376562,197.85416667,466.74073212
train_2020_2022,holdout,2020-01-01,2023-01-01 00:00:00,40,8,round_robin,0.90000000,1000.00000000,1,5726,45808,45808,45808,1.00000000,1.00000000,1.00000000,69507.91333333,2828452.00000000,68981.59999997,40,8000.00000000,9000.00000000,11400.00000000,17,57,17,0,False,8,0.20000000,1,32,40,30,19200.00000000,17280.00000000,14880.00000000,79785.65000000,7848.63000000,5880.00000000,13728.63000000,77819.11500000,1.52540333,247.81250000,223.84133750
train_2020_2022,holdout,2020-01-01,2023-01-01 00:00:00,40,8,least_trades,0.90000000,1000.00000000,1,5726,45808,45806,45806,0.99995634,1.00000000,0.99965072,69507.28000000,2828393.50000000,69042.19999997,40,8000.00000000,9000.00000000,14400.00000000,32,72,32,0,False,8,0.20000000,2,31,40,29,15400.00000000,13860.00000000,8460.00000000,88646.10000000,4102.29000000,-540.00000000,3562.29000000,79241.49000000,0.39581000,394.56250000,56.91317949
train_2020_2022,holdout,2020-01-01,2023-01-01 00:00:00,40,8,max_headroom,0.90000000,1000.00000000,1,5726,45808,45808,45808,1.00000000,1.00000000,1.00000000,69507.91333333,2828452.00000000,68981.59999997,40,8000.00000000,9000.00000000,8000.00000000,0,40,0,0,False,0,0.00000000,0,40,40,16,28800.00000000,25920.00000000,26920.00000000,40181.60000000,15626.88000000,17920.00000000,33546.88000000,71880.76000000,3.72743111,232.89583333,1186.08691081
train_2020_2022,holdout,2020-01-01,2023-01-01 00:00:00,40,8,min_headroom,0.90000000,1000.00000000,1,5726,45808,45771,45771,0.99919228,1.00000000,0.99807894,69486.60777778,2826979.50000000,69651.44999997,33,8000.00000000,9000.00000000,14400.00000000,32,72,32,0,False,8,0.21621622,4,29,40,34,8600.00000000,7740.00000000,2340.00000000,98483.80000000,11310.07500000,-6660.00000000,4650.07500000,82272.69000000,0.51667500,789.70833333,328.77739810
train_2020_2022,holdout,2020-01-01,2023-01-01 00:00:00,40,8,protect_frozen,0.90000000,1000.00000000,1,5726,45808,45616,45616,0.99580859,0.99860286,0.99161718,69362.45222222,2823486.00000000,69947.19999997,40,8000.00000000,9000.00000000,16000.00000000,40,80,40,0,False,8,0.20000000,2,20,40,38,15200.00000000,13680.00000000,6680.00000000,99486.70000000,5897.07000000,-2320.00000000,3577.07000000,87407.66000000,0.39745222,509.70833333,318.99925940
train_2020_2022,holdout,2020-01-01,2023-01-01 00:00:00,40,8,stable_hash,0.90000000,1000.00000000,1,5726,45808,45808,45808,1.00000000,1.00000000,1.00000000,69507.91333333,2828452.00000000,68981.59999997,40,8000.00000000,9000.00000000,14000.00000000,30,70,30,0,False,2,0.05000000,0,38,40,26,28200.00000000,25380.00000000,20380.00000000,73228.55000000,9529.56000000,11380.00000000,20909.56000000,81501.47500000,2.32328444,274.39583333,383.55511257
test_2023_plus,holdout,2023-01-01,2026-07-13 21:30:41,1,1,round_robin,0.90000000,1000.00000000,1,6932,6932,5071,5071,0.73153491,0.73153491,0.73153491,8494.62750000,388421.50000000,24744.95000000,1,200.00000000,1200.00000000,200.00000000,0,1,0,0,False,0,0.00000000,0,1,1,1,11600.00000000,10440.00000000,11440.00000000,13144.95000000,9490.45500000,10240.00000000,19730.45500000,22070.45500000,16.44204583,152.52083333,0.00000000
test_2023_plus,holdout,2023-01-01,2026-07-13 21:30:41,1,1,least_trades,0.90000000,1000.00000000,1,6932,6932,5071,5071,0.73153491,0.73153491,0.73153491,8494.62750000,388421.50000000,24744.95000000,1,200.00000000,1200.00000000,200.00000000,0,1,0,0,False,0,0.00000000,0,1,1,1,11600.00000000,10440.00000000,11440.00000000,13144.95000000,9490.45500000,10240.00000000,19730.45500000,22070.45500000,16.44204583,152.52083333,0.00000000
test_2023_plus,holdout,2023-01-01,2026-07-13 21:30:41,1,1,max_headroom,0.90000000,1000.00000000,1,6932,6932,5071,5071,0.73153491,0.73153491,0.73153491,8494.62750000,388421.50000000,24744.95000000,1,200.00000000,1200.00000000,200.00000000,0,1,0,0,False,0,0.00000000,0,1,1,1,11600.00000000,10440.00000000,11440.00000000,13144.95000000,9490.45500000,10240.00000000,19730.45500000,22070.45500000,16.44204583,152.52083333,0.00000000
test_2023_plus,holdout,2023-01-01,2026-07-13 21:30:41,1,1,min_headroom,0.90000000,1000.00000000,1,6932,6932,5071,5071,0.73153491,0.73153491,0.73153491,8494.62750000,388421.50000000,24744.95000000,1,200.00000000,1200.00000000,200.00000000,0,1,0,0,False,0,0.00000000,0,1,1,1,11600.00000000,10440.00000000,11440.00000000,13144.95000000,9490.45500000,10240.00000000,19730.45500000,22070.45500000,16.44204583,152.52083333,0.00000000
test_2023_plus,holdout,2023-01-01,2026-07-13 21:30:41,1,1,protect_frozen,0.90000000,1000.00000000,1,6932,6932,5071,5071,0.73153491,0.73153491,0.73153491,8494.62750000,388421.50000000,24744.95000000,1,200.00000000,1200.00000000,200.00000000,0,1,0,0,False,0,0.00000000,0,1,1,1,11600.00000000,10440.00000000,11440.00000000,13144.95000000,9490.45500000,10240.00000000,19730.45500000,22070.45500000,16.44204583,152.52083333,0.00000000
test_2023_plus,holdout,2023-01-01,2026-07-13 21:30:41,1,1,stable_hash,0.90000000,1000.00000000,1,6932,6932,5071,5071,0.73153491,0.73153491,0.73153491,8494.62750000,388421.50000000,24744.95000000,1,200.00000000,1200.00000000,200.00000000,0,1,0,0,False,0,0.00000000,0,1,1,1,11600.00000000,10440.00000000,11440.00000000,13144.95000000,9490.45500000,10240.00000000,19730.45500000,22070.45500000,16.44204583,152.52083333,0.00000000
test_2023_plus,holdout,2023-01-01,2026-07-13 21:30:41,2,1,round_robin,0.90000000,1000.00000000,1,6932,6932,6630,6630,0.95643393,0.95643393,0.95643393,10570.04388889,484560.50000000,26487.00000000,2,400.00000000,1400.00000000,400.00000000,0,2,0,0,False,0,0.00000000,0,2,2,2,12800.00000000,11520.00000000,12520.00000000,13687.00000000,7638.30000000,11120.00000000,18758.30000000,23438.30000000,13.39878571,283.75000000,9.00000000
test_2023_plus,holdout,2023-01-01,2026-07-13 21:30:41,2,1,least_trades,0.90000000,1000.00000000,1,6932,6932,6630,6630,0.95643393,0.95643393,0.95643393,10570.04388889,484560.50000000,26487.00000000,2,400.00000000,1400.00000000,600.00000000,1,3,1,0,False,1,0.50000000,0,1,2,2,13000.00000000,11700.00000000,12500.00000000,13433.80000000,7410.42000000,11100.00000000,18510.42000000,23190.42000000,13.22172857,239.83333333,0.00000000
test_2023_plus,holdout,2023-01-01,2026-07-13 21:30:41,2,1,max_headroom,0.90000000,1000.00000000,1,6932,6932,6630,6630,0.95643393,0.95643393,0.95643393,10570.04388889,484560.50000000,26487.00000000,2,400.00000000,1400.00000000,400.00000000,0,2,0,0,False,0,0.00000000,0,2,2,2,12400.00000000,11160.00000000,12160.00000000,14087.00000000,9091.30500000,10760.00000000,19851.30500000,23438.30000000,14.17950357,239.97916667,1546.00000000
test_2023_plus,holdout,2023-01-01,2026-07-13 21:30:41,2,1,min_headroom,0.90000000,1000.00000000,1,6932,6932,6630,6630,0.95643393,0.95643393,0.95643393,10570.04388889,484560.50000000,26487.00000000,2,400.00000000,1400.00000000,400.00000000,0,2,0,0,False,0,0.00000000,0,2,2,2,11200.00000000,10080.00000000,11080.00000000,15287.00000000,9078.30000000,9680.00000000,18758.30000000,23438.30000000,13.39878571,253.85416667,469.00000000
test_2023_plus,holdout,2023-01-01,2026-07-13 21:30:41,2,1,protect_frozen,0.90000000,1000.00000000,1,6932,6932,6630,6630,0.95643393,0.95643393,0.95643393,10570.04388889,484560.50000000,26487.00000000,2,400.00000000,1400.00000000,400.00000000,0,2,0,0,False,0,0.00000000,0,2,2,2,12800.00000000,11520.00000000,12520.00000000,13687.00000000,7638.30000000,11120.00000000,18758.30000000,23438.30000000,13.39878571,376.68750000,0.00000000
test_2023_plus,holdout,2023-01-01,2026-07-13 21:30:41,2,1,stable_hash,0.90000000,1000.00000000,1,6932,6932,6630,6630,0.95643393,0.95643393,0.95643393,10570.04388889,484560.50000000,26487.00000000,2,400.00000000,1400.00000000,400.00000000,0,2,0,0,False,0,0.00000000,0,2,2,2,12600.00000000,11340.00000000,12340.00000000,13887.00000000,7818.30000000,10940.00000000,18758.30000000,23438.30000000,13.39878571,243.66666667,18.00000000
test_2023_plus,holdout,2023-01-01,2026-07-13 21:30:41,3,1,round_robin,0.90000000,1000.00000000,1,6932,6932,6897,6897,0.99495095,0.99495095,0.99495095,10847.32166667,498709.00000000,26308.65000000,3,600.00000000,1600.00000000,800.00000000,1,4,1,0,False,1,0.33333333,0,2,3,3,12000.00000000,10800.00000000,11600.00000000,13934.20000000,5520.78000000,10000.00000000,15520.78000000,22540.78000000,9.70048750,233.22916667,664.44479747
test_2023_plus,holdout,2023-01-01,2026-07-13 21:30:41,3,1,least_trades,0.90000000,1000.00000000,1,6932,6932,6897,6897,0.99495095,0.99495095,0.99495095,10847.32166667,498709.00000000,26308.65000000,3,600.00000000,1600.00000000,600.00000000,0,3,0,0,False,0,0.00000000,0,3,3,3,12400.00000000,11160.00000000,12160.00000000,13908.65000000,5497.78500000,10560.00000000,16057.78500000,23077.78500000,10.03611562,246.47916667,0.00000000
test_2023_plus,holdout,2023-01-01,2026-07-13 21:30:41,3,1,max_headroom,0.90000000,1000.00000000,1,6932,6932,6897,6897,0.99495095,0.99495095,0.99495095,10847.32166667,498709.00000000,26308.65000000,3,600.00000000,1600.00000000,600.00000000,0,3,0,0,False,0,0.00000000,0,3,3,2,12200.00000000,10980.00000000,11980.00000000,14108.65000000,9361.17000000,10380.00000000,19741.17000000,23508.61500000,12.33823125,164.97916667,1800.86553264
test_2023_plus,holdout,2023-01-01,2026-07-13 21:30:41,3,1,min_headroom,0.90000000,1000.00000000,1,6932,6932,6897,6897,0.99495095,0.99495095,0.99495095,10847.32166667,498709.00000000,26308.65000000,3,600.00000000,1600.00000000,800.00000000,1,4,1,0,False,1,0.33333333,0,2,3,3,12600.00000000,11340.00000000,12140.00000000,13697.50000000,5307.75000000,10540.00000000,15847.75000000,22867.75000000,9.90484375,464.93750000,911.10482383
test_2023_plus,holdout,2023-01-01,2026-07-13 21:30:41,3,1,protect_frozen,0.90000000,1000.00000000,1,6932,6932,6897,6897,0.99495095,0.99495095,0.99495095,10847.32166667,498709.00000000,26308.65000000,3,600.00000000,1600.00000000,800.00000000,1,4,1,0,False,1,0.33333333,0,2,3,3,13200.00000000,11880.00000000,12680.00000000,14887.50000000,6378.75000000,11080.00000000,17458.75000000,24478.75000000,10.91171875,239.64583333,0.00000000
test_2023_plus,holdout,2023-01-01,2026-07-13 21:30:41,3,1,stable_hash,0.90000000,1000.00000000,1,6932,6932,6897,6897,0.99495095,0.99495095,0.99495095,10847.32166667,498709.00000000,26308.65000000,3,600.00000000,1600.00000000,600.00000000,0,3,0,0,False,0,0.00000000,0,3,3,3,12200.00000000,10980.00000000,11980.00000000,14108.65000000,5677.78500000,10380.00000000,16057.78500000,23077.78500000,10.03611562,177.37500000,4.54606057
test_2023_plus,holdout,2023-01-01,2026-07-13 21:30:41,4,1,round_robin,0.90000000,1000.00000000,1,6932,6932,6931,6931,0.99985574,0.99985574,0.99985574,10881.32722222,500385.00000000,25838.95000000,4,800.00000000,1800.00000000,1200.00000000,2,6,2,0,False,1,0.25000000,0,3,4,3,11200.00000000,10080.00000000,10680.00000000,15291.10000000,6055.96500000,8880.00000000,14935.96500000,22641.99000000,8.29775833,400.43750000,682.43937460
test_2023_plus,holdout,2023-01-01,2026-07-13 21:30:41,4,1,least_trades,0.90000000,1000.00000000,1,6932,6932,6931,6931,0.99985574,0.99985574,0.99985574,10881.32722222,500385.00000000,25838.95000000,4,800.00000000,1800.00000000,1000.00000000,1,5,1,0,False,1,0.25000000,0,3,4,4,12600.00000000,11340.00000000,12140.00000000,13207.90000000,2527.11000000,10340.00000000,12867.11000000,22227.11000000,7.14839444,397.81250000,511.53250141
test_2023_plus,holdout,2023-01-01,2026-07-13 21:30:41,4,1,max_headroom,0.90000000,1000.00000000,1,6932,6932,6931,6931,0.99985574,0.99985574,0.99985574,10881.32722222,500385.00000000,25838.95000000,4,800.00000000,1800.00000000,800.00000000,0,4,0,0,False,0,0.00000000,0,4,4,2,12000.00000000,10800.00000000,11800.00000000,13838.95000000,9499.90500000,10000.00000000,19499.90500000,23290.70500000,10.83328056,162.87500000,1789.91904496
test_2023_plus,holdout,2023-01-01,2026-07-13 21:30:41,4,1,min_headroom,0.90000000,1000.00000000,1,6932,6932,6931,6931,0.99985574,0.99985574,0.99985574,10881.32722222,500385.00000000,25838.95000000,4,800.00000000,1800.00000000,1400.00000000,3,7,3,0,False,1,0.25000000,0,3,4,4,10800.00000000,9720.00000000,10120.00000000,16214.55000000,5233.09500000,8320.00000000,13553.09500000,22913.09500000,7.52949722,548.85416667,483.45132899
test_2023_plus,holdout,2023-01-01,2026-07-13 21:30:41,4,1,protect_frozen,0.90000000,1000.00000000,1,6932,6932,6931,6931,0.99985574,0.99985574,0.99985574,10881.32722222,500385.00000000,25838.95000000,4,800.00000000,1800.00000000,1000.00000000,1,5,1,0,False,1,0.25000000,0,3,4,3,11200.00000000,10080.00000000,10880.00000000,14595.50000000,5017.45500000,9080.00000000,14097.45500000,22215.95000000,7.83191944,446.79166667,713.60493272
test_2023_plus,holdout,2023-01-01,2026-07-13 21:30:41,4,1,stable_hash,0.90000000,1000.00000000,1,6932,6932,6931,6931,0.99985574,0.99985574,0.99985574,10881.32722222,500385.00000000,25838.95000000,4,800.00000000,1800.00000000,800.00000000,0,4,0,0,False,0,0.00000000,0,4,4,4,10200.00000000,9180.00000000,10180.00000000,15638.95000000,5539.95000000,8380.00000000,13919.95000000,22455.05500000,7.73330556,488.66666667,15.61049327
test_2023_plus,holdout,2023-01-01,2026-07-13 21:30:41,5,1,round_robin,0.90000000,1000.00000000,1,6932,6932,6932,6932,1.00000000,1.00000000,1.00000000,10881.98833333,500459.50000000,25804.40000000,5,1000.00000000,2000.00000000,1000.00000000,0,5,0,0,False,0,0.00000000,0,5,5,5,10000.00000000,9000.00000000,10000.00000000,15804.40000000,3504.28500000,8000.00000000,11504.28500000,22223.96000000,5.75214250,410.97916667,1.35646600
test_2023_plus,holdout,2023-01-01,2026-07-13 21:30:41,5,1,least_trades,0.90000000,1000.00000000,1,6932,6932,6932,6932,1.00000000,1.00000000,1.00000000,10881.98833333,500459.50000000,25804.40000000,5,1000.00000000,2000.00000000,1600.00000000,3,8,3,0,False,1,0.20000000,0,4,5,4,10800.00000000,9720.00000000,10120.00000000,17140.15000000,5206.05000000,8120.00000000,13326.05000000,23546.13500000,6.66302500,243.66666667,407.20000000
test_2023_plus,holdout,2023-01-01,2026-07-13 21:30:41,5,1,max_headroom,0.90000000,1000.00000000,1,6932,6932,6932,6932,1.00000000,1.00000000,1.00000000,10881.98833333,500459.50000000,25804.40000000,5,1000.00000000,2000.00000000,1000.00000000,0,5,0,0,False,0,0.00000000,0,5,5,2,11600.00000000,10440.00000000,11440.00000000,14204.40000000,8601.48000000,9440.00000000,18041.48000000,22579.82000000,9.02074000,401.22916667,1484.19858510
test_2023_plus,holdout,2023-01-01,2026-07-13 21:30:41,5,1,min_headroom,0.90000000,1000.00000000,1,6932,6932,6932,6932,1.00000000,1.00000000,1.00000000,10881.98833333,500459.50000000,25804.40000000,5,1000.00000000,2000.00000000,1800.00000000,4,9,4,0,False,1,0.20000000,0,4,5,5,8800.00000000,7920.00000000,8120.00000000,18458.05000000,5047.29000000,6120.00000000,11167.29000000,22732.24500000,5.58364500,585.66666667,516.46235100
test_2023_plus,holdout,2023-01-01,2026-07-13 21:30:41,5,1,protect_frozen,0.90000000,1000.00000000,1,6932,6932,6932,6932,1.00000000,1.00000000,1.00000000,10881.98833333,500459.50000000,25804.40000000,5,1000.00000000,2000.00000000,1400.00000000,2,7,2,0,False,1,0.20000000,0,4,5,4,9800.00000000,8820.00000000,9420.00000000,15749.20000000,4269.10500000,7420.00000000,11689.10500000,21594.28000000,5.84455250,528.66666667,466.10016091
test_2023_plus,holdout,2023-01-01,2026-07-13 21:30:41,5,1,stable_hash,0.90000000,1000.00000000,1,6932,6932,6932,6932,1.00000000,1.00000000,1.00000000,10881.98833333,500459.50000000,25804.40000000,5,1000.00000000,2000.00000000,1800.00000000,4,9,4,0,False,1,0.20000000,0,4,5,4,10200.00000000,9180.00000000,9380.00000000,16326.45000000,4643.41500000,7380.00000000,12023.41500000,22073.80500000,6.01170750,499.97916667,624.44388058
test_2023_plus,holdout,2023-01-01,2026-07-13 21:30:41,6,1,round_robin,0.90000000,1000.00000000,1,6932,6932,6932,6932,1.00000000,1.00000000,1.00000000,10881.98833333,500459.50000000,25804.40000000,5,1200.00000000,2200.00000000,1400.00000000,1,7,1,0,False,1,0.16666667,0,5,6,6,10000.00000000,9000.00000000,9800.00000000,15726.60000000,1659.37500000,7600.00000000,9259.37500000,21753.94000000,4.20880682,528.29166667,310.51927834
test_2023_plus,holdout,2023-01-01,2026-07-13 21:30:41,6,1,least_trades,0.90000000,1000.00000000,1,6932,6932,6932,6932,1.00000000,1.00000000,1.00000000,10881.98833333,500459.50000000,25804.40000000,5,1200.00000000,2200.00000000,2000.00000000,4,10,4,0,False,1,0.16666667,0,5,6,6,11600.00000000,10440.00000000,10640.00000000,20091.15000000,4626.63000000,8440.00000000,13066.63000000,26522.03500000,5.93937727,542.16666667,220.40222070
test_2023_plus,holdout,2023-01-01,2026-07-13 21:30:41,6,1,max_headroom,0.90000000,1000.00000000,1,6932,6932,6932,6932,1.00000000,1.00000000,1.00000000,10881.98833333,500459.50000000,25804.40000000,5,1200.00000000,2200.00000000,1200.00000000,0,6,0,0,False,0,0.00000000,0,6,6,2,11600.00000000,10440.00000000,11440.00000000,14204.40000000,8369.59500000,9240.00000000,17609.59500000,22517.92500000,8.00436136,408.72916667,1309.86572679
test_2023_plus,holdout,2023-01-01,2026-07-13 21:30:41,6,1,min_headroom,0.90000000,1000.00000000,1,6932,6932,6932,6932,1.00000000,1.00000000,1.00000000,10881.98833333,500459.50000000,25804.40000000,5,1200.00000000,2200.00000000,2000.00000000,4,10,4,0,False,1,0.16666667,0,5,6,6,7000.00000000,6300.00000000,6500.00000000,21161.60000000,5331.01500000,4300.00000000,9631.01500000,23345.44000000,4.37773409,719.66666667,518.80364515
test_2023_plus,holdout,2023-01-01,2026-07-13 21:30:41,6,1,protect_frozen,0.90000000,1000.00000000,1,6932,6932,6932,6932,1.00000000,1.00000000,1.00000000,10881.98833333,500459.50000000,25804.40000000,5,1200.00000000,2200.00000000,1800.00000000,3,9,3,0,False,1,0.16666667,0,5,6,6,10800.00000000,9720.00000000,10120.00000000,15017.50000000,1833.34500000,7920.00000000,9753.34500000,21435.75000000,4.43333864,613.70833333,176.16753390
test_2023_plus,holdout,2023-01-01,2026-07-13 21:30:41,6,1,stable_hash,0.90000000,1000.00000000,1,6932,6932,6932,6932,1.00000000,1.00000000,1.00000000,10881.98833333,500459.50000000,25804.40000000,5,1200.00000000,2200.00000000,2000.00000000,4,10,4,0,False,1,0.16666667,0,5,6,4,10600.00000000,9540.00000000,9740.00000000,15050.85000000,5165.55000000,7540.00000000,12705.55000000,21730.03000000,5.77525000,457.97916667,489.98687624
test_2023_plus,holdout,2023-01-01,2026-07-13 21:30:41,8,1,round_robin,0.90000000,1000.00000000,1,6932,6932,6932,6932,1.00000000,1.00000000,1.00000000,10881.98833333,500459.50000000,25804.40000000,5,1600.00000000,2600.00000000,2200.00000000,3,11,3,0,False,1,0.12500000,0,7,8,5,9800.00000000,8820.00000000,9220.00000000,17062.85000000,5883.75000000,6620.00000000,12503.75000000,24000.66500000,4.80913462,528.66666667,355.41593152
test_2023_plus,holdout,2023-01-01,2026-07-13 21:30:41,8,1,least_trades,0.90000000,1000.00000000,1,6932,6932,6932,6932,1.00000000,1.00000000,1.00000000,10881.98833333,500459.50000000,25804.40000000,5,1600.00000000,2600.00000000,2000.00000000,2,10,2,0,False,1,0.12500000,0,7,8,7,9200.00000000,8280.00000000,8880.00000000,16145.75000000,1782.04500000,6280.00000000,8062.04500000,21053.09500000,3.10078654,417.43750000,103.89350016
test_2023_plus,holdout,2023-01-01,2026-07-13 21:30:41,8,1,max_headroom,0.90000000,1000.00000000,1,6932,6932,6932,6932,1.00000000,1.00000000,1.00000000,10881.98833333,500459.50000000,25804.40000000,5,1600.00000000,2600.00000000,1600.00000000,0,8,0,0,False,0,0.00000000,0,8,8,2,10800.00000000,9720.00000000,10720.00000000,15004.40000000,8514.09000000,8120.00000000,16634.09000000,22980.30500000,6.39772692,400.89583333,1175.99032734
test_2023_plus,holdout,2023-01-01,2026-07-13 21:30:41,8,1,min_headroom,0.90000000,1000.00000000,1,6932,6932,6932,6932,1.00000000,1.00000000,1.00000000,10881.98833333,500459.50000000,25804.40000000,5,1600.00000000,2600.00000000,2800.00000000,6,14,6,0,False,1,0.12500000,0,7,8,7,5200.00000000,4680.00000000,4480.00000000,25077.00000000,5420.25000000,1880.00000000,7300.25000000,24449.30000000,2.80778846,829.97916667,466.90737840
test_2023_plus,holdout,2023-01-01,2026-07-13 21:30:41,8,1,protect_frozen,0.90000000,1000.00000000,1,6932,6932,6932,6932,1.00000000,1.00000000,1.00000000,10881.98833333,500459.50000000,25804.40000000,5,1600.00000000,2600.00000000,2400.00000000,4,12,4,0,False,1,0.12500000,0,7,8,8,8000.00000000,7200.00000000,7400.00000000,22395.15000000,2835.09000000,4800.00000000,7635.09000000,24955.63500000,2.93657308,761.70833333,111.57277614
test_2023_plus,holdout,2023-01-01,2026-07-13 21:30:41,8,1,stable_hash,0.90000000,1000.00000000,1,6932,6932,6932,6932,1.00000000,1.00000000,1.00000000,10881.98833333,500459.50000000,25804.40000000,5,1600.00000000,2600.00000000,2800.00000000,6,14,6,0,False,1,0.12500000,0,7,8,5,11000.00000000,9900.00000000,9700.00000000,16924.45000000,5464.03500000,7100.00000000,12564.03500000,23957.85500000,4.83232115,618.64583333,370.20549614
test_2023_plus,holdout,2023-01-01,2026-07-13 21:30:41,10,1,round_robin,0.90000000,1000.00000000,1,6932,6932,6932,6932,1.00000000,1.00000000,1.00000000,10881.98833333,500459.50000000,25804.40000000,5,2000.00000000,3000.00000000,3000.00000000,5,15,5,0,False,1,0.10000000,0,9,10,8,7800.00000000,7020.00000000,7020.00000000,22153.40000000,3992.80500000,4020.00000000,8012.80500000,24158.80500000,2.67093500,424.12500000,260.58887160
test_2023_plus,holdout,2023-01-01,2026-07-13 21:30:41,10,1,least_trades,0.90000000,1000.00000000,1,6932,6932,6932,6932,1.00000000,1.00000000,1.00000000,10881.98833333,500459.50000000,25804.40000000,5,2000.00000000,3000.00000000,3200.00000000,6,16,6,0,False,1,0.10000000,0,9,10,9,8400.00000000,7560.00000000,7360.00000000,23449.45000000,2612.88000000,4360.00000000,6972.88000000,25464.50500000,2.32429333,549.70833333,29.36818006
test_2023_plus,holdout,2023-01-01,2026-07-13 21:30:41,10,1,max_headroom,0.90000000,1000.00000000,1,6932,6932,6932,6932,1.00000000,1.00000000,1.00000000,10881.98833333,500459.50000000,25804.40000000,5,2000.00000000,3000.00000000,2000.00000000,0,10,0,0,False,0,0.00000000,0,10,10,3,12200.00000000,10980.00000000,11980.00000000,13604.40000000,8017.87500000,8980.00000000,16997.87500000,22900.79500000,5.66595833,102.70833333,1091.62748225
test_2023_plus,holdout,2023-01-01,2026-07-13 21:30:41,10,1,min_headroom,0.90000000,1000.00000000,1,6932,6932,6932,6932,1.00000000,1.00000000,1.00000000,10881.98833333,500459.50000000,25804.40000000,5,2000.00000000,3000.00000000,3200.00000000,6,16,6,0,False,1,0.10000000,0,9,10,9,1600.00000000,1440.00000000,1240.00000000,28084.85000000,3023.32500000,-1760.00000000,1263.32500000,23516.36500000,0.42110833,1128.70833333,382.05707689
test_2023_plus,holdout,2023-01-01,2026-07-13 21:30:41,10,1,protect_frozen,0.90000000,1000.00000000,1,6932,6932,6932,6932,1.00000000,1.00000000,1.00000000,10881.98833333,500459.50000000,25804.40000000,5,2000.00000000,3000.00000000,2600.00000000,3,13,3,0,False,1,0.10000000,0,9,10,10,6400.00000000,5760.00000000,6160.00000000,22450.80000000,1688.71500000,3160.00000000,4848.71500000,23365.72000000,1.61623833,843.70833333,41.52878520
test_2023_plus,holdout,2023-01-01,2026-07-13 21:30:41,10,1,stable_hash,0.90000000,1000.00000000,1,6932,6932,6932,6932,1.00000000,1.00000000,1.00000000,10881.98833333,500459.50000000,25804.40000000,5,2000.00000000,3000.00000000,3000.00000000,5,15,5,0,False,1,0.10000000,0,9,10,7,10800.00000000,9720.00000000,9720.00000000,21576.45000000,5893.51500000,6720.00000000,12613.51500000,26721.78000000,4.20450500,459.66666667,290.43672288
test_2023_plus,holdout,2023-01-01,2026-07-13 21:30:41,12,1,round_robin,0.90000000,1000.00000000,1,6932,6932,6932,6932,1.00000000,1.00000000,1.00000000,10881.98833333,500459.50000000,25804.40000000,5,2400.00000000,3400.00000000,3200.00000000,4,16,4,0,False,1,0.08333333,0,11,12,6,7800.00000000,7020.00000000,7220.00000000,18467.70000000,2206.35000000,3820.00000000,6026.35000000,23137.78000000,1.77245588,425.72916667,232.81173844
test_2023_plus,holdout,2023-01-01,2026-07-13 21:30:41,12,1,least_trades,0.90000000,1000.00000000,1,6932,6932,6932,6932,1.00000000,1.00000000,1.00000000,10881.98833333,500459.50000000,25804.40000000,5,2400.00000000,3400.00000000,3400.00000000,5,17,5,0,False,1,0.08333333,0,11,12,8,7000.00000000,6300.00000000,6300.00000000,24647.05000000,4015.48500000,2900.00000000,6915.48500000,25236.20000000,2.03396618,425.72916667,16.30673855
test_2023_plus,holdout,2023-01-01,2026-07-13 21:30:41,12,1,max_headroom,0.90000000,1000.00000000,1,6932,6932,6932,6932,1.00000000,1.00000000,1.00000000,10881.98833333,500459.50000000,25804.40000000,5,2400.00000000,3400.00000000,2400.00000000,0,12,0,0,False,0,0.00000000,0,12,12,4,10800.00000000,9720.00000000,10720.00000000,15004.40000000,8506.80000000,7320.00000000,15826.80000000,23042.28000000,4.65494118,402.64583333,1004.30360062
test_2023_plus,holdout,2023-01-01,2026-07-13 21:30:41,12,1,min_headroom,0.90000000,1000.00000000,1,6932,6932,6932,6932,1.00000000,1.00000000,1.00000000,10881.98833333,500459.50000000,25804.40000000,5,2400.00000000,3400.00000000,3400.00000000,5,17,6,0,False,1,0.08333333,0,11,11,10,0.00000000,0.00000000,0.00000000,29255.10000000,1192.50000000,-3400.00000000,-2207.50000000,22929.59000000,-0.64926471,,260.88216522
test_2023_plus,holdout,2023-01-01,2026-07-13 21:30:41,12,1,protect_frozen,0.90000000,1000.00000000,1,6932,6932,6932,6932,1.00000000,1.00000000,1.00000000,10881.98833333,500459.50000000,25804.40000000,5,2400.00000000,3400.00000000,3600.00000000,6,18,6,0,False,1,0.08333333,0,11,12,12,7200.00000000,6480.00000000,6280.00000000,28080.65000000,1326.33000000,2880.00000000,4206.33000000,28152.58500000,1.23715588,869.70833333,12.09309950
test_2023_plus,holdout,2023-01-01,2026-07-13 21:30:41,12,1,stable_hash,0.90000000,1000.00000000,1,6932,6932,6932,6932,1.00000000,1.00000000,1.00000000,10881.98833333,500459.50000000,25804.40000000,5,2400.00000000,3400.00000000,3800.00000000,7,19,7,0,False,1,0.08333333,0,11,12,7,10600.00000000,9540.00000000,9140.00000000,22761.40000000,6628.63500000,5740.00000000,12368.63500000,26766.92500000,3.63783382,477.85416667,216.16409662
test_2023_plus,holdout,2023-01-01,2026-07-13 21:30:41,15,1,round_robin,0.90000000,1000.00000000,1,6932,6932,6932,6932,1.00000000,1.00000000,1.00000000,10881.98833333,500459.50000000,25804.40000000,5,3000.00000000,4000.00000000,3600.00000000,3,18,3,0,False,1,0.06666667,0,14,15,9,4000.00000000,3600.00000000,4000.00000000,25637.85000000,606.96000000,0.00000000,606.96000000,23074.06500000,0.15174000,544.70833333,157.63115879
test_2023_plus,holdout,2023-01-01,2026-07-13 21:30:41,15,1,least_trades,0.90000000,1000.00000000,1,6932,6932,6932,6932,1.00000000,1.00000000,1.00000000,10881.98833333,500459.50000000,25804.40000000,5,3000.00000000,4000.00000000,4400.00000000,7,22,7,0,False,1,0.06666667,0,14,15,9,5600.00000000,5040.00000000,4640.00000000,30284.70000000,2013.52500000,640.00000000,2653.52500000,27923.45500000,0.66338125,544.70833333,77.83355460
test_2023_plus,holdout,2023-01-01,2026-07-13 21:30:41,15,1,max_headroom,0.90000000,1000.00000000,1,6932,6932,6932,6932,1.00000000,1.00000000,1.00000000,10881.98833333,500459.50000000,25804.40000000,5,3000.00000000,4000.00000000,3000.00000000,0,15,0,0,False,0,0.00000000,0,15,15,2,10200.00000000,9180.00000000,10180.00000000,15604.40000000,8024.13000000,6180.00000000,14204.13000000,23316.22500000,3.55103250,255.43750000,860.51278252
test_2023_plus,holdout,2023-01-01,2026-07-13 21:30:41,15,1,min_headroom,0.90000000,1000.00000000,1,6932,6932,6932,6932,1.00000000,1.00000000,1.00000000,10881.98833333,500459.50000000,25804.40000000,5,3000.00000000,4000.00000000,4000.00000000,5,20,6,0,False,1,0.06666667,0,14,14,11,0.00000000,0.00000000,0.00000000,33048.65000000,1090.35000000,-4000.00000000,-2909.65000000,25743.78500000,-0.72741250,,317.64035143
test_2023_plus,holdout,2023-01-01,2026-07-13 21:30:41,15,1,protect_frozen,0.90000000,1000.00000000,1,6932,6932,6932,6932,1.00000000,1.00000000,1.00000000,10881.98833333,500459.50000000,25804.40000000,5,3000.00000000,4000.00000000,5000.00000000,10,25,10,0,False,1,0.07142857,0,13,15,13,1400.00000000,1260.00000000,260.00000000,36931.60000000,783.63000000,-3740.00000000,-2956.37000000,29498.44000000,-0.73909250,829.85416667,164.56887785
test_2023_plus,holdout,2023-01-01,2026-07-13 21:30:41,15,1,stable_hash,0.90000000,1000.00000000,1,6932,6932,6932,6932,1.00000000,1.00000000,1.00000000,10881.98833333,500459.50000000,25804.40000000,5,3000.00000000,4000.00000000,4400.00000000,7,22,7,0,False,1,0.06666667,0,14,15,7,6600.00000000,5940.00000000,5540.00000000,22761.65000000,3186.36000000,1540.00000000,4726.36000000,22345.12000000,1.18159000,639.16666667,191.72649501
test_2023_plus,holdout,2023-01-01,2026-07-13 21:30:41,20,1,round_robin,0.90000000,1000.00000000,1,6932,6932,6932,6932,1.00000000,1.00000000,1.00000000,10881.98833333,500459.50000000,25804.40000000,5,4000.00000000,5000.00000000,5200.00000000,6,26,6,0,False,1,0.05000000,0,19,20,9,4600.00000000,4140.00000000,3940.00000000,27727.30000000,757.66500000,-1060.00000000,-302.33500000,26485.76000000,-0.06046700,688.85416667,134.17548211
test_2023_plus,holdout,2023-01-01,2026-07-13 21:30:41,20,1,least_trades,0.90000000,1000.00000000,1,6932,6932,6932,6932,1.00000000,1.00000000,1.00000000,10881.98833333,500459.50000000,25804.40000000,5,4000.00000000,5000.00000000,5400.00000000,7,27,7,0,False,1,0.05000000,0,19,20,9,6000.00000000,5400.00000000,5000.00000000,32679.25000000,4200.21000000,0.00000000,4200.21000000,30814.06500000,0.84004200,688.85416667,0.43301270
test_2023_plus,holdout,2023-01-01,2026-07-13 21:30:41,20,1,max_headroom,0.90000000,1000.00000000,1,6932,6932,6932,6932,1.00000000,1.00000000,1.00000000,10881.98833333,500459.50000000,25804.40000000,5,4000.00000000,5000.00000000,4000.00000000,0,20,0,0,False,0,0.00000000,0,20,20,5,13600.00000000,12240.00000000,13240.00000000,12204.40000000,2701.48500000,8240.00000000,10941.48500000,21982.23500000,2.18829700,549.79166667,467.51752908
test_2023_plus,holdout,2023-01-01,2026-07-13 21:30:41,20,1,min_headroom,0.90000000,1000.00000000,1,6932,6932,6932,6932,1.00000000,1.00000000,1.00000000,10881.98833333,500459.50000000,25804.40000000,5,4000.00000000,5000.00000000,5000.00000000,5,25,6,0,False,1,0.05000000,0,19,19,11,0.00000000,0.00000000,0.00000000,33048.65000000,1090.35000000,-5000.00000000,-3909.65000000,24743.78500000,-0.78193000,,312.23478275
test_2023_plus,holdout,2023-01-01,2026-07-13 21:30:41,20,1,protect_frozen,0.90000000,1000.00000000,1,6932,6932,6932,6932,1.00000000,1.00000000,1.00000000,10881.98833333,500459.50000000,25804.40000000,5,4000.00000000,5000.00000000,5000.00000000,5,25,9,0,False,1,0.05882353,0,16,16,14,0.00000000,0.00000000,0.00000000,37946.20000000,733.09500000,-5000.00000000,-4266.90500000,29151.58000000,-0.85338100,,112.14158183
test_2023_plus,holdout,2023-01-01,2026-07-13 21:30:41,20,1,stable_hash,0.90000000,1000.00000000,1,6932,6932,6932,6932,1.00000000,1.00000000,1.00000000,10881.98833333,500459.50000000,25804.40000000,5,4000.00000000,5000.00000000,5400.00000000,7,27,7,0,False,1,0.05000000,0,19,20,11,6000.00000000,5400.00000000,5000.00000000,29029.95000000,3471.21000000,0.00000000,3471.21000000,27735.16500000,0.69424200,660.87500000,127.63129514
test_2023_plus,holdout,2023-01-01,2026-07-13 21:30:41,1,2,round_robin,0.90000000,1000.00000000,1,6932,13864,5071,5071,0.36576746,0.73153491,0.00000000,8494.62750000,388421.50000000,24744.95000000,1,200.00000000,1200.00000000,200.00000000,0,1,0,0,False,0,0.00000000,0,1,1,1,11600.00000000,10440.00000000,11440.00000000,13144.95000000,9490.45500000,10240.00000000,19730.45500000,22070.45500000,16.44204583,152.52083333,0.00000000
test_2023_plus,holdout,2023-01-01,2026-07-13 21:30:41,1,2,least_trades,0.90000000,1000.00000000,1,6932,13864,5071,5071,0.36576746,0.73153491,0.00000000,8494.62750000,388421.50000000,24744.95000000,1,200.00000000,1200.00000000,200.00000000,0,1,0,0,False,0,0.00000000,0,1,1,1,11600.00000000,10440.00000000,11440.00000000,13144.95000000,9490.45500000,10240.00000000,19730.45500000,22070.45500000,16.44204583,152.52083333,0.00000000
test_2023_plus,holdout,2023-01-01,2026-07-13 21:30:41,1,2,max_headroom,0.90000000,1000.00000000,1,6932,13864,5071,5071,0.36576746,0.73153491,0.00000000,8494.62750000,388421.50000000,24744.95000000,1,200.00000000,1200.00000000,200.00000000,0,1,0,0,False,0,0.00000000,0,1,1,1,11600.00000000,10440.00000000,11440.00000000,13144.95000000,9490.45500000,10240.00000000,19730.45500000,22070.45500000,16.44204583,152.52083333,0.00000000
test_2023_plus,holdout,2023-01-01,2026-07-13 21:30:41,1,2,min_headroom,0.90000000,1000.00000000,1,6932,13864,5071,5071,0.36576746,0.73153491,0.00000000,8494.62750000,388421.50000000,24744.95000000,1,200.00000000,1200.00000000,200.00000000,0,1,0,0,False,0,0.00000000,0,1,1,1,11600.00000000,10440.00000000,11440.00000000,13144.95000000,9490.45500000,10240.00000000,19730.45500000,22070.45500000,16.44204583,152.52083333,0.00000000
test_2023_plus,holdout,2023-01-01,2026-07-13 21:30:41,1,2,protect_frozen,0.90000000,1000.00000000,1,6932,13864,5071,5071,0.36576746,0.73153491,0.00000000,8494.62750000,388421.50000000,24744.95000000,1,200.00000000,1200.00000000,200.00000000,0,1,0,0,False,0,0.00000000,0,1,1,1,11600.00000000,10440.00000000,11440.00000000,13144.95000000,9490.45500000,10240.00000000,19730.45500000,22070.45500000,16.44204583,152.52083333,0.00000000
test_2023_plus,holdout,2023-01-01,2026-07-13 21:30:41,1,2,stable_hash,0.90000000,1000.00000000,1,6932,13864,5071,5071,0.36576746,0.73153491,0.00000000,8494.62750000,388421.50000000,24744.95000000,1,200.00000000,1200.00000000,200.00000000,0,1,0,0,False,0,0.00000000,0,1,1,1,11600.00000000,10440.00000000,11440.00000000,13144.95000000,9490.45500000,10240.00000000,19730.45500000,22070.45500000,16.44204583,152.52083333,0.00000000
test_2023_plus,holdout,2023-01-01,2026-07-13 21:30:41,2,2,round_robin,0.90000000,1000.00000000,1,6932,13864,10142,10142,0.73153491,0.73153491,0.73153491,16989.25500000,776843.00000000,49489.89999999,2,400.00000000,1400.00000000,400.00000000,0,2,0,0,False,0,0.00000000,0,2,2,2,23200.00000000,20880.00000000,21880.00000000,26289.90000000,18980.91000000,20480.00000000,39460.91000000,44140.91000000,28.18636429,152.52083333,0.00000000
test_2023_plus,holdout,2023-01-01,2026-07-13 21:30:41,2,2,least_trades,0.90000000,1000.00000000,1,6932,13864,10142,10142,0.73153491,0.73153491,0.73153491,16989.25500000,776843.00000000,49489.89999999,2,400.00000000,1400.00000000,400.00000000,0,2,0,0,False,0,0.00000000,0,2,2,2,23200.00000000,20880.00000000,21880.00000000,26289.90000000,18980.91000000,20480.00000000,39460.91000000,44140.91000000,28.18636429,152.52083333,0.00000000
test_2023_plus,holdout,2023-01-01,2026-07-13 21:30:41,2,2,max_headroom,0.90000000,1000.00000000,1,6932,13864,10142,10142,0.73153491,0.73153491,0.73153491,16989.25500000,776843.00000000,49489.89999999,2,400.00000000,1400.00000000,400.00000000,0,2,0,0,False,0,0.00000000,0,2,2,2,23200.00000000,20880.00000000,21880.00000000,26289.90000000,18980.91000000,20480.00000000,39460.91000000,44140.91000000,28.18636429,152.52083333,0.00000000
test_2023_plus,holdout,2023-01-01,2026-07-13 21:30:41,2,2,min_headroom,0.90000000,1000.00000000,1,6932,13864,10142,10142,0.73153491,0.73153491,0.73153491,16989.25500000,776843.00000000,49489.89999999,2,400.00000000,1400.00000000,400.00000000,0,2,0,0,False,0,0.00000000,0,2,2,2,23200.00000000,20880.00000000,21880.00000000,26289.90000000,18980.91000000,20480.00000000,39460.91000000,44140.91000000,28.18636429,152.52083333,0.00000000
test_2023_plus,holdout,2023-01-01,2026-07-13 21:30:41,2,2,protect_frozen,0.90000000,1000.00000000,1,6932,13864,10142,10142,0.73153491,0.73153491,0.73153491,16989.25500000,776843.00000000,49489.89999999,2,400.00000000,1400.00000000,400.00000000,0,2,0,0,False,0,0.00000000,0,2,2,2,23200.00000000,20880.00000000,21880.00000000,26289.90000000,18980.91000000,20480.00000000,39460.91000000,44140.91000000,28.18636429,152.52083333,0.00000000
test_2023_plus,holdout,2023-01-01,2026-07-13 21:30:41,2,2,stable_hash,0.90000000,1000.00000000,1,6932,13864,10142,10142,0.73153491,0.73153491,0.73153491,16989.25500000,776843.00000000,49489.89999999,2,400.00000000,1400.00000000,400.00000000,0,2,0,0,False,0,0.00000000,0,2,2,2,23200.00000000,20880.00000000,21880.00000000,26289.90000000,18980.91000000,20480.00000000,39460.91000000,44140.91000000,28.18636429,152.52083333,0.00000000
test_2023_plus,holdout,2023-01-01,2026-07-13 21:30:41,3,2,round_robin,0.90000000,1000.00000000,1,6932,13864,11701,11701,0.84398442,0.95643393,0.73153491,19064.67138889,872982.00000000,51231.94999999,3,600.00000000,1600.00000000,800.00000000,1,4,1,0,False,1,0.33333333,0,2,3,3,23600.00000000,21240.00000000,22040.00000000,27596.30000000,17816.67000000,20440.00000000,38256.67000000,45276.67000000,23.91041875,88.97916667,435.13395128
test_2023_plus,holdout,2023-01-01,2026-07-13 21:30:41,3,2,least_trades,0.90000000,1000.00000000,1,6932,13864,11701,11701,0.84398442,0.95643393,0.73153491,19064.67138889,872982.00000000,51231.94999999,3,600.00000000,1600.00000000,600.00000000,0,3,0,0,False,0,0.00000000,0,3,3,3,23800.00000000,21420.00000000,22420.00000000,27431.95000000,17668.75500000,20820.00000000,38488.75500000,45508.75500000,24.05547188,220.85416667,0.47140452
test_2023_plus,holdout,2023-01-01,2026-07-13 21:30:41,3,2,max_headroom,0.90000000,1000.00000000,1,6932,13864,11701,11701,0.84398442,0.95643393,0.73153491,19064.67138889,872982.00000000,51231.94999999,3,600.00000000,1600.00000000,600.00000000,0,3,0,0,False,0,0.00000000,0,3,3,3,24000.00000000,21600.00000000,22600.00000000,27231.95000000,18807.39000000,21000.00000000,39807.39000000,45508.75500000,24.87961875,152.52083333,1518.41591433
test_2023_plus,holdout,2023-01-01,2026-07-13 21:30:41,3,2,min_headroom,0.90000000,1000.00000000,1,6932,13864,11701,11701,0.84398442,0.95643393,0.73153491,19064.67138889,872982.00000000,51231.94999999,3,600.00000000,1600.00000000,600.00000000,0,3,0,0,False,0,0.00000000,0,3,3,3,23000.00000000,20700.00000000,21700.00000000,28231.95000000,18388.75500000,20100.00000000,38488.75500000,45508.75500000,24.05547188,225.43750000,225.75847468
test_2023_plus,holdout,2023-01-01,2026-07-13 21:30:41,3,2,protect_frozen,0.90000000,1000.00000000,1,6932,13864,11701,11701,0.84398442,0.95643393,0.73153491,19064.67138889,872982.00000000,51231.94999999,3,600.00000000,1600.00000000,600.00000000,0,3,0,0,False,0,0.00000000,0,3,3,3,23800.00000000,21420.00000000,22420.00000000,27431.95000000,17668.75500000,20820.00000000,38488.75500000,45508.75500000,24.05547188,176.70833333,0.47140452
test_2023_plus,holdout,2023-01-01,2026-07-13 21:30:41,3,2,stable_hash,0.90000000,1000.00000000,1,6932,13864,11701,11701,0.84398442,0.95643393,0.73153491,19064.67138889,872982.00000000,51231.94999999,3,600.00000000,1600.00000000,600.00000000,0,3,0,0,False,0,0.00000000,0,3,3,3,23800.00000000,21420.00000000,22420.00000000,27431.95000000,17668.75500000,20820.00000000,38488.75500000,45508.75500000,24.05547188,102.52083333,10.20892855
test_2023_plus,holdout,2023-01-01,2026-07-13 21:30:41,4,2,round_robin,0.90000000,1000.00000000,1,6932,13864,13260,13260,0.95643393,0.95643393,0.95643393,21140.08777778,969121.00000000,52973.99999999,4,800.00000000,1800.00000000,800.00000000,0,4,0,0,False,0,0.00000000,0,4,4,4,25600.00000000,23040.00000000,24040.00000000,27374.00000000,15276.60000000,22240.00000000,37516.60000000,46876.60000000,20.84255556,283.75000000,9.00000000
test_2023_plus,holdout,2023-01-01,2026-07-13 21:30:41,4,2,least_trades,0.90000000,1000.00000000,1,6932,13864,13260,13260,0.95643393,0.95643393,0.95643393,21140.08777778,969121.00000000,52973.99999999,4,800.00000000,1800.00000000,1200.00000000,2,6,2,0,False,2,0.50000000,0,2,4,4,26000.00000000,23400.00000000,24000.00000000,26867.60000000,14820.84000000,22200.00000000,37020.84000000,46380.84000000,20.56713333,239.83333333,0.00000000
test_2023_plus,holdout,2023-01-01,2026-07-13 21:30:41,4,2,max_headroom,0.90000000,1000.00000000,1,6932,13864,13260,13260,0.95643393,0.95643393,0.95643393,21140.08777778,969121.00000000,52973.99999999,4,800.00000000,1800.00000000,800.00000000,0,4,0,0,False,0,0.00000000,0,4,4,4,24800.00000000,22320.00000000,23320.00000000,28174.00000000,18182.61000000,21520.00000000,39702.61000000,46876.60000000,22.05700556,239.97916667,1546.00000000
test_2023_plus,holdout,2023-01-01,2026-07-13 21:30:41,4,2,min_headroom,0.90000000,1000.00000000,1,6932,13864,13260,13260,0.95643393,0.95643393,0.95643393,21140.08777778,969121.00000000,52973.99999999,4,800.00000000,1800.00000000,800.00000000,0,4,0,0,False,0,0.00000000,0,4,4,4,22400.00000000,20160.00000000,21160.00000000,30574.00000000,18156.60000000,19360.00000000,37516.60000000,46876.60000000,20.84255556,253.85416667,469.00000000
test_2023_plus,holdout,2023-01-01,2026-07-13 21:30:41,4,2,protect_frozen,0.90000000,1000.00000000,1,6932,13864,13260,13260,0.95643393,0.95643393,0.95643393,21140.08777778,969121.00000000,52973.99999999,4,800.00000000,1800.00000000,800.00000000,0,4,0,0,False,0,0.00000000,0,4,4,4,25600.00000000,23040.00000000,24040.00000000,27374.00000000,15276.60000000,22240.00000000,37516.60000000,46876.60000000,20.84255556,376.68750000,0.00000000
test_2023_plus,holdout,2023-01-01,2026-07-13 21:30:41,4,2,stable_hash,0.90000000,1000.00000000,1,6932,13864,13260,13260,0.95643393,0.95643393,0.95643393,21140.08777778,969121.00000000,52973.99999999,4,800.00000000,1800.00000000,800.00000000,0,4,0,0,False,0,0.00000000,0,4,4,4,25000.00000000,22500.00000000,23500.00000000,27974.00000000,15816.60000000,21700.00000000,37516.60000000,46876.60000000,20.84255556,120.25000000,15.92168333
test_2023_plus,holdout,2023-01-01,2026-07-13 21:30:41,5,2,round_robin,0.90000000,1000.00000000,1,6932,13864,13527,13527,0.97569244,0.99495095,0.95643393,21417.36555556,983269.50000000,52795.64999998,5,1000.00000000,2000.00000000,1200.00000000,1,6,1,0,False,1,0.20000000,0,4,5,5,24000.00000000,21600.00000000,22400.00000000,29515.80000000,15578.73000000,20400.00000000,35978.73000000,46964.22000000,17.98936500,221.70833333,255.08539747
test_2023_plus,holdout,2023-01-01,2026-07-13 21:30:41,5,2,least_trades,0.90000000,1000.00000000,1,6932,13864,13527,13527,0.97569244,0.99495095,0.95643393,21417.36555556,983269.50000000,52795.64999998,5,1000.00000000,2000.00000000,1800.00000000,4,9,4,0,False,1,0.20000000,0,4,5,5,29000.00000000,26100.00000000,26300.00000000,23696.10000000,9626.49000000,24300.00000000,33926.49000000,45626.49000000,16.96324500,159.66666667,899.88101436
test_2023_plus,holdout,2023-01-01,2026-07-13 21:30:41,5,2,max_headroom,0.90000000,1000.00000000,1,6932,13864,13527,13527,0.97569244,0.99495095,0.95643393,21417.36555556,983269.50000000,52795.64999998,5,1000.00000000,2000.00000000,1000.00000000,0,5,0,0,False,0,0.00000000,0,5,5,4,24600.00000000,22140.00000000,23140.00000000,28195.65000000,18204.52500000,21140.00000000,39344.52500000,46516.08500000,19.67226250,102.70833333,1606.77921321
test_2023_plus,holdout,2023-01-01,2026-07-13 21:30:41,5,2,min_headroom,0.90000000,1000.00000000,1,6932,13864,13527,13527,0.97569244,0.99495095,0.95643393,21417.36555556,983269.50000000,52795.64999998,5,1000.00000000,2000.00000000,1400.00000000,2,7,2,0,False,2,0.40000000,0,3,5,5,27000.00000000,24300.00000000,24900.00000000,25200.20000000,10980.18000000,22900.00000000,33880.18000000,45580.18000000,16.94009000,435.33333333,1010.48906971
test_2023_plus,holdout,2023-01-01,2026-07-13 21:30:41,5,2,protect_frozen,0.90000000,1000.00000000,1,6932,13864,13527,13527,0.97569244,0.99495095,0.95643393,21417.36555556,983269.50000000,52795.64999998,5,1000.00000000,2000.00000000,1200.00000000,1,6,1,0,False,1,0.20000000,0,4,5,5,26000.00000000,23400.00000000,24200.00000000,26603.45000000,12697.96500000,22200.00000000,34897.96500000,46143.10500000,17.44898250,225.43750000,940.60010632
test_2023_plus,holdout,2023-01-01,2026-07-13 21:30:41,5,2,stable_hash,0.90000000,1000.00000000,1,6932,13864,13527,13527,0.97569244,0.99495095,0.95643393,21417.36555556,983269.50000000,52795.64999998,5,1000.00000000,2000.00000000,1200.00000000,1,6,1,0,False,1,0.20000000,0,4,5,5,24200.00000000,21780.00000000,22580.00000000,28779.15000000,15023.38500000,20580.00000000,35603.38500000,46481.23500000,17.80169250,151.79166667,286.03678085
test_2023_plus,holdout,2023-01-01,2026-07-13 21:30:41,6,2,round_robin,0.90000000,1000.00000000,1,6932,13864,13794,13794,0.99495095,0.99495095,0.99495095,21694.64333333,997418.00000000,52617.29999998,6,1200.00000000,2200.00000000,1600.00000000,2,8,2,0,False,2,0.33333333,0,4,6,6,24000.00000000,21600.00000000,22200.00000000,27868.40000000,11041.56000000,20000.00000000,31041.56000000,45081.56000000,14.10980000,233.22916667,664.44479747
test_2023_plus,holdout,2023-01-01,2026-07-13 21:30:41,6,2,least_trades,0.90000000,1000.00000000,1,6932,13864,13794,13794,0.99495095,0.99495095,0.99495095,21694.64333333,997418.00000000,52617.29999998,6,1200.00000000,2200.00000000,1200.00000000,0,6,0,0,False,0,0.00000000,0,6,6,6,24800.00000000,22320.00000000,23320.00000000,27817.30000000,10995.57000000,21120.00000000,32115.57000000,46155.57000000,14.59798636,246.47916667,0.00000000
test_2023_plus,holdout,2023-01-01,2026-07-13 21:30:41,6,2,max_headroom,0.90000000,1000.00000000,1,6932,13864,13794,13794,0.99495095,0.99495095,0.99495095,21694.64333333,997418.00000000,52617.29999998,6,1200.00000000,2200.00000000,1200.00000000,0,6,0,0,False,0,0.00000000,0,6,6,4,24400.00000000,21960.00000000,22960.00000000,28217.30000000,18722.34000000,20760.00000000,39482.34000000,47017.23000000,17.94651818,164.97916667,1800.86553264
test_2023_plus,holdout,2023-01-01,2026-07-13 21:30:41,6,2,min_headroom,0.90000000,1000.00000000,1,6932,13864,13794,13794,0.99495095,0.99495095,0.99495095,21694.64333333,997418.00000000,52617.29999998,6,1200.00000000,2200.00000000,1600.00000000,2,8,2,0,False,2,0.33333333,0,4,6,6,24800.00000000,22320.00000000,22920.00000000,27795.00000000,10975.50000000,20720.00000000,31695.50000000,45735.50000000,14.40704545,464.93750000,952.14267138
test_2023_plus,holdout,2023-01-01,2026-07-13 21:30:41,6,2,protect_frozen,0.90000000,1000.00000000,1,6932,13864,13794,13794,0.99495095,0.99495095,0.99495095,21694.64333333,997418.00000000,52617.29999998,6,1200.00000000,2200.00000000,1600.00000000,2,8,2,0,False,2,0.33333333,0,4,6,6,26600.00000000,23940.00000000,24540.00000000,29575.00000000,12577.50000000,22340.00000000,34917.50000000,48957.50000000,15.87159091,239.64583333,0.00000000
test_2023_plus,holdout,2023-01-01,2026-07-13 21:30:41,6,2,stable_hash,0.90000000,1000.00000000,1,6932,13864,13794,13794,0.99495095,0.99495095,0.99495095,21694.64333333,997418.00000000,52617.29999998,6,1200.00000000,2200.00000000,1600.00000000,2,8,2,0,False,1,0.16666667,0,5,6,5,24600.00000000,22140.00000000,22740.00000000,27691.65000000,12732.79500000,20540.00000000,33272.79500000,45462.48500000,15.12399773,197.43750000,1037.35733959
test_2023_plus,holdout,2023-01-01,2026-07-13 21:30:41,8,2,round_robin,0.90000000,1000.00000000,1,6932,13864,13862,13862,0.99985574,0.99985574,0.99985574,21762.65444444,1000770.00000000,51677.89999998,8,1600.00000000,2600.00000000,2400.00000000,4,12,4,0,False,2,0.25000000,0,6,8,6,24000.00000000,21600.00000000,21800.00000000,28982.20000000,11950.42500000,19200.00000000,31150.42500000,45283.98000000,11.98093269,400.43750000,683.01427511
test_2023_plus,holdout,2023-01-01,2026-07-13 21:30:41,8,2,least_trades,0.90000000,1000.00000000,1,6932,13864,13862,13862,0.99985574,0.99985574,0.99985574,21762.65444444,1000770.00000000,51677.89999998,8,1600.00000000,2600.00000000,2000.00000000,2,10,2,0,False,2,0.25000000,0,6,8,8,25400.00000000,22860.00000000,23460.00000000,26215.80000000,4874.22000000,20860.00000000,25734.22000000,44454.22000000,9.89777692,397.81250000,511.82125786
test_2023_plus,holdout,2023-01-01,2026-07-13 21:30:41,8,2,max_headroom,0.90000000,1000.00000000,1,6932,13864,13862,13862,0.99985574,0.99985574,0.99985574,21762.65444444,1000770.00000000,51677.89999998,8,1600.00000000,2600.00000000,1600.00000000,0,8,0,0,False,0,0.00000000,0,8,8,4,24000.00000000,21600.00000000,22600.00000000,27677.90000000,18999.81000000,20000.00000000,38999.81000000,46581.41000000,14.99992692,162.87500000,1789.91904496
test_2023_plus,holdout,2023-01-01,2026-07-13 21:30:41,8,2,min_headroom,0.90000000,1000.00000000,1,6932,13864,13862,13862,0.99985574,0.99985574,0.99985574,21762.65444444,1000770.00000000,51677.89999998,8,1600.00000000,2600.00000000,2800.00000000,6,14,6,0,False,2,0.25000000,0,6,8,8,21400.00000000,19260.00000000,19060.00000000,32567.15000000,10590.43500000,16460.00000000,27050.43500000,45770.43500000,10.40401346,548.85416667,580.84645938
test_2023_plus,holdout,2023-01-01,2026-07-13 21:30:41,8,2,protect_frozen,0.90000000,1000.00000000,1,6932,13864,13862,13862,0.99985574,0.99985574,0.99985574,21762.65444444,1000770.00000000,51677.89999998,8,1600.00000000,2600.00000000,2000.00000000,2,10,2,0,False,2,0.25000000,0,6,8,6,22400.00000000,20160.00000000,20760.00000000,29191.00000000,10034.91000000,18160.00000000,28194.91000000,44431.90000000,10.84419615,446.79166667,713.60493272
test_2023_plus,holdout,2023-01-01,2026-07-13 21:30:41,8,2,stable_hash,0.90000000,1000.00000000,1,6932,13864,13862,13862,0.99985574,0.99985574,0.99985574,21762.65444444,1000770.00000000,51677.89999998,8,1600.00000000,2600.00000000,2600.00000000,5,13,5,0,False,1,0.12500000,0,7,8,6,24200.00000000,21780.00000000,21780.00000000,30581.75000000,13932.90000000,19180.00000000,33112.90000000,46990.40500000,12.73573077,162.91666667,781.08257206
test_2023_plus,holdout,2023-01-01,2026-07-13 21:30:41,10,2,round_robin,0.90000000,1000.00000000,1,6932,13864,13864,13864,1.00000000,1.00000000,1.00000000,21763.97666667,1000919.00000000,51608.79999998,10,2000.00000000,3000.00000000,2000.00000000,0,10,0,0,False,0,0.00000000,0,10,10,10,20000.00000000,18000.00000000,19000.00000000,31608.80000000,7008.57000000,16000.00000000,23008.57000000,44447.92000000,7.66952333,410.97916667,1.35646600
test_2023_plus,holdout,2023-01-01,2026-07-13 21:30:41,10,2,least_trades,0.90000000,1000.00000000,1,6932,13864,13864,13864,1.00000000,1.00000000,1.00000000,21763.97666667,1000919.00000000,51608.79999998,10,2000.00000000,3000.00000000,3400.00000000,7,17,7,0,False,2,0.20000000,0,8,10,10,24200.00000000,21780.00000000,21380.00000000,33199.35000000,8373.24000000,18380.00000000,26753.24000000,48259.41500000,8.91774667,243.66666667,285.35418343
test_2023_plus,holdout,2023-01-01,2026-07-13 21:30:41,10,2,max_headroom,0.90000000,1000.00000000,1,6932,13864,13864,13864,1.00000000,1.00000000,1.00000000,21763.97666667,1000919.00000000,51608.79999998,10,2000.00000000,3000.00000000,2000.00000000,0,10,0,0,False,0,0.00000000,0,10,10,4,23200.00000000,20880.00000000,21880.00000000,28408.80000000,17202.96000000,18880.00000000,36082.96000000,45159.64000000,12.02765333,401.22916667,1484.19858510
test_2023_plus,holdout,2023-01-01,2026-07-13 21:30:41,10,2,min_headroom,0.90000000,1000.00000000,1,6932,13864,13864,13864,1.00000000,1.00000000,1.00000000,21763.97666667,1000919.00000000,51608.79999998,10,2000.00000000,3000.00000000,3600.00000000,8,18,8,0,False,2,0.20000000,0,8,10,10,17200.00000000,15480.00000000,14880.00000000,37375.20000000,10460.88000000,11880.00000000,22340.88000000,45517.68000000,7.44696000,585.66666667,455.44905313
test_2023_plus,holdout,2023-01-01,2026-07-13 21:30:41,10,2,protect_frozen,0.90000000,1000.00000000,1,6932,13864,13864,13864,1.00000000,1.00000000,1.00000000,21763.97666667,1000919.00000000,51608.79999998,10,2000.00000000,3000.00000000,2800.00000000,4,14,4,0,False,2,0.20000000,0,8,10,8,19400.00000000,17460.00000000,17660.00000000,31710.40000000,8332.06500000,14660.00000000,22992.06500000,43199.36000000,7.66402167,528.66666667,466.35025464
test_2023_plus,holdout,2023-01-01,2026-07-13 21:30:41,10,2,stable_hash,0.90000000,1000.00000000,1,6932,13864,13864,13864,1.00000000,1.00000000,1.00000000,21763.97666667,1000919.00000000,51608.79999998,10,2000.00000000,3000.00000000,3000.00000000,5,15,5,0,False,1,0.10000000,0,9,10,9,22800.00000000,20520.00000000,20520.00000000,33256.15000000,10529.23500000,17520.00000000,28049.23500000,47450.53500000,9.34974500,241.64583333,554.41754121
test_2023_plus,holdout,2023-01-01,2026-07-13 21:30:41,12,2,round_robin,0.90000000,1000.00000000,1,6932,13864,13864,13864,1.00000000,1.00000000,1.00000000,21763.97666667,1000919.00000000,51608.79999998,10,2400.00000000,3400.00000000,3000.00000000,3,15,3,0,False,2,0.16666667,0,10,12,12,19200.00000000,17280.00000000,17680.00000000,32384.40000000,4611.69000000,14280.00000000,18891.69000000,43425.96000000,5.55637941,528.29166667,357.27459872
test_2023_plus,holdout,2023-01-01,2026-07-13 21:30:41,12,2,least_trades,0.90000000,1000.00000000,1,6932,13864,13864,13864,1.00000000,1.00000000,1.00000000,21763.97666667,1000919.00000000,51608.79999998,10,2400.00000000,3400.00000000,4000.00000000,8,20,8,0,False,2,0.16666667,0,10,12,12,22800.00000000,20520.00000000,19920.00000000,40577.15000000,10053.90000000,16520.00000000,26573.90000000,53039.43500000,7.81585294,542.16666667,220.73757358
test_2023_plus,holdout,2023-01-01,2026-07-13 21:30:41,12,2,max_headroom,0.90000000,1000.00000000,1,6932,13864,13864,13864,1.00000000,1.00000000,1.00000000,21763.97666667,1000919.00000000,51608.79999998,10,2400.00000000,3400.00000000,2400.00000000,0,12,0,0,False,0,0.00000000,0,12,12,4,23200.00000000,20880.00000000,21880.00000000,28408.80000000,16739.19000000,18480.00000000,35219.19000000,45035.85000000,10.35858529,408.72916667,1309.86572679
test_2023_plus,holdout,2023-01-01,2026-07-13 21:30:41,12,2,min_headroom,0.90000000,1000.00000000,1,6932,13864,13864,13864,1.00000000,1.00000000,1.00000000,21763.97666667,1000919.00000000,51608.79999998,10,2400.00000000,3400.00000000,4000.00000000,8,20,8,0,False,2,0.16666667,0,10,12,12,14000.00000000,12600.00000000,12000.00000000,42084.30000000,10346.31000000,8600.00000000,18946.31000000,46475.87000000,5.57244412,719.66666667,308.62243204
test_2023_plus,holdout,2023-01-01,2026-07-13 21:30:41,12,2,protect_frozen,0.90000000,1000.00000000,1,6932,13864,13864,13864,1.00000000,1.00000000,1.00000000,21763.97666667,1000919.00000000,51608.79999998,10,2400.00000000,3400.00000000,4000.00000000,8,20,8,0,False,2,0.16666667,0,10,12,12,22000.00000000,19800.00000000,19200.00000000,33896.10000000,5725.80000000,15800.00000000,21525.80000000,46306.49000000,6.33111765,613.70833333,178.02496704
test_2023_plus,holdout,2023-01-01,2026-07-13 21:30:41,12,2,stable_hash,0.90000000,1000.00000000,1,6932,13864,13864,13864,1.00000000,1.00000000,1.00000000,21763.97666667,1000919.00000000,51608.79999998,10,2400.00000000,3400.00000000,3400.00000000,5,17,5,0,False,1,0.08333333,0,11,12,11,21400.00000000,19260.00000000,19260.00000000,36417.20000000,12713.22000000,15860.00000000,28573.22000000,49429.55000000,8.40388824,304.66666667,419.11132836
test_2023_plus,holdout,2023-01-01,2026-07-13 21:30:41,15,2,round_robin,0.90000000,1000.00000000,1,6932,13864,13864,13864,1.00000000,1.00000000,1.00000000,21763.97666667,1000919.00000000,51608.79999998,10,3000.00000000,4000.00000000,3800.00000000,4,19,4,0,False,1,0.06666667,0,14,15,12,16400.00000000,14760.00000000,14960.00000000,36267.30000000,4981.72500000,10960.00000000,15941.72500000,43600.57000000,3.98543125,372.83333333,299.61252014
test_2023_plus,holdout,2023-01-01,2026-07-13 21:30:41,15,2,least_trades,0.90000000,1000.00000000,1,6932,13864,13864,13864,1.00000000,1.00000000,1.00000000,21763.97666667,1000919.00000000,51608.79999998,10,3000.00000000,4000.00000000,4800.00000000,9,24,9,0,False,1,0.06666667,0,14,15,13,20000.00000000,18000.00000000,17200.00000000,37533.30000000,5963.31000000,13200.00000000,19163.31000000,46979.97000000,4.79082750,484.97916667,206.08654061
test_2023_plus,holdout,2023-01-01,2026-07-13 21:30:41,15,2,max_headroom,0.90000000,1000.00000000,1,6932,13864,13864,13864,1.00000000,1.00000000,1.00000000,21763.97666667,1000919.00000000,51608.79999998,10,3000.00000000,4000.00000000,3000.00000000,0,15,0,0,False,0,0.00000000,0,15,15,5,22800.00000000,20520.00000000,21520.00000000,28808.80000000,17343.22500000,17520.00000000,34863.22500000,45656.25000000,8.71580625,199.39583333,1233.54326862
test_2023_plus,holdout,2023-01-01,2026-07-13 21:30:41,15,2,min_headroom,0.90000000,1000.00000000,1,6932,13864,13864,13864,1.00000000,1.00000000,1.00000000,21763.97666667,1000919.00000000,51608.79999998,10,3000.00000000,4000.00000000,5000.00000000,10,25,10,0,False,2,0.13333333,0,13,15,13,10600.00000000,9540.00000000,8540.00000000,46280.00000000,8992.39500000,4540.00000000,13532.39500000,46192.00000000,3.38309875,764.43750000,441.01665375
test_2023_plus,holdout,2023-01-01,2026-07-13 21:30:41,15,2,protect_frozen,0.90000000,1000.00000000,1,6932,13864,13864,13864,1.00000000,1.00000000,1.00000000,21763.97666667,1000919.00000000,51608.79999998,10,3000.00000000,4000.00000000,4600.00000000,8,23,8,0,False,1,0.06666667,0,14,15,14,17800.00000000,16020.00000000,15420.00000000,39110.50000000,5996.11500000,11420.00000000,17416.11500000,46619.45000000,4.35402875,740.56250000,205.15869197
test_2023_plus,holdout,2023-01-01,2026-07-13 21:30:41,15,2,stable_hash,0.90000000,1000.00000000,1,6932,13864,13864,13864,1.00000000,1.00000000,1.00000000,21763.97666667,1000919.00000000,51608.79999998,10,3000.00000000,4000.00000000,4800.00000000,9,24,9,0,False,1,0.06666667,0,14,15,11,20200.00000000,18180.00000000,17380.00000000,35083.55000000,7544.20500000,13380.00000000,20924.20500000,45364.83000000,5.23105125,289.79166667,374.63732981
test_2023_plus,holdout,2023-01-01,2026-07-13 21:30:41,20,2,round_robin,0.90000000,1000.00000000,1,6932,13864,13864,13864,1.00000000,1.00000000,1.00000000,21763.97666667,1000919.00000000,51608.79999998,10,4000.00000000,5000.00000000,6400.00000000,12,32,12,0,False,2,0.10000000,0,18,20,13,18200.00000000,16380.00000000,14980.00000000,42081.25000000,10642.23000000,9980.00000000,20622.23000000,50087.55500000,4.12444600,424.12500000,286.91355405
test_2023_plus,holdout,2023-01-01,2026-07-13 21:30:41,20,2,least_trades,0.90000000,1000.00000000,1,6932,13864,13864,13864,1.00000000,1.00000000,1.00000000,21763.97666667,1000919.00000000,51608.79999998,10,4000.00000000,5000.00000000,6400.00000000,12,32,12,0,False,2,0.10000000,0,18,20,18,17800.00000000,16020.00000000,14620.00000000,46843.50000000,6193.48500000,9620.00000000,15813.48500000,52007.21000000,3.16269700,505.70833333,29.67069261
test_2023_plus,holdout,2023-01-01,2026-07-13 21:30:41,20,2,max_headroom,0.90000000,1000.00000000,1,6932,13864,13864,13864,1.00000000,1.00000000,1.00000000,21763.97666667,1000919.00000000,51608.79999998,10,4000.00000000,5000.00000000,4000.00000000,0,20,0,0,False,0,0.00000000,0,20,20,6,24400.00000000,21960.00000000,22960.00000000,27208.80000000,16035.75000000,17960.00000000,33995.75000000,45801.59000000,6.79915000,102.70833333,1091.62748225
test_2023_plus,holdout,2023-01-01,2026-07-13 21:30:41,20,2,min_headroom,0.90000000,1000.00000000,1,6932,13864,13864,13864,1.00000000,1.00000000,1.00000000,21763.97666667,1000919.00000000,51608.79999998,10,4000.00000000,5000.00000000,6400.00000000,12,32,12,0,False,2,0.10000000,0,18,20,18,3400.00000000,3060.00000000,1660.00000000,55982.15000000,6302.97000000,-3340.00000000,2962.97000000,47043.93500000,0.59259400,1128.70833333,373.85294903
test_2023_plus,holdout,2023-01-01,2026-07-13 21:30:41,20,2,protect_frozen,0.90000000,1000.00000000,1,6932,13864,13864,13864,1.00000000,1.00000000,1.00000000,21763.97666667,1000919.00000000,51608.79999998,10,4000.00000000,5000.00000000,6400.00000000,12,32,12,0,False,2,0.10000000,0,18,20,19,16400.00000000,14760.00000000,13360.00000000,49675.15000000,7494.75000000,8360.00000000,15854.75000000,53067.63500000,3.17095000,803.60416667,103.15341730
test_2023_plus,holdout,2023-01-01,2026-07-13 21:30:41,20,2,stable_hash,0.90000000,1000.00000000,1,6932,13864,13864,13864,1.00000000,1.00000000,1.00000000,21763.97666667,1000919.00000000,51608.79999998,10,4000.00000000,5000.00000000,6000.00000000,10,30,10,0,False,1,0.05000000,0,19,20,12,17800.00000000,16020.00000000,15020.00000000,39287.60000000,7038.18000000,10020.00000000,17058.18000000,46239.82500000,3.41163600,243.66666667,282.91516396
test_2023_plus,holdout,2023-01-01,2026-07-13 21:30:41,1,3,round_robin,0.90000000,1000.00000000,1,6932,20796,5071,5071,0.24384497,0.73153491,0.00000000,8494.62750000,388421.50000000,24744.95000000,1,200.00000000,1200.00000000,200.00000000,0,1,0,0,False,0,0.00000000,0,1,1,1,11600.00000000,10440.00000000,11440.00000000,13144.95000000,9490.45500000,10240.00000000,19730.45500000,22070.45500000,16.44204583,152.52083333,0.00000000
test_2023_plus,holdout,2023-01-01,2026-07-13 21:30:41,1,3,least_trades,0.90000000,1000.00000000,1,6932,20796,5071,5071,0.24384497,0.73153491,0.00000000,8494.62750000,388421.50000000,24744.95000000,1,200.00000000,1200.00000000,200.00000000,0,1,0,0,False,0,0.00000000,0,1,1,1,11600.00000000,10440.00000000,11440.00000000,13144.95000000,9490.45500000,10240.00000000,19730.45500000,22070.45500000,16.44204583,152.52083333,0.00000000
test_2023_plus,holdout,2023-01-01,2026-07-13 21:30:41,1,3,max_headroom,0.90000000,1000.00000000,1,6932,20796,5071,5071,0.24384497,0.73153491,0.00000000,8494.62750000,388421.50000000,24744.95000000,1,200.00000000,1200.00000000,200.00000000,0,1,0,0,False,0,0.00000000,0,1,1,1,11600.00000000,10440.00000000,11440.00000000,13144.95000000,9490.45500000,10240.00000000,19730.45500000,22070.45500000,16.44204583,152.52083333,0.00000000
test_2023_plus,holdout,2023-01-01,2026-07-13 21:30:41,1,3,min_headroom,0.90000000,1000.00000000,1,6932,20796,5071,5071,0.24384497,0.73153491,0.00000000,8494.62750000,388421.50000000,24744.95000000,1,200.00000000,1200.00000000,200.00000000,0,1,0,0,False,0,0.00000000,0,1,1,1,11600.00000000,10440.00000000,11440.00000000,13144.95000000,9490.45500000,10240.00000000,19730.45500000,22070.45500000,16.44204583,152.52083333,0.00000000
test_2023_plus,holdout,2023-01-01,2026-07-13 21:30:41,1,3,protect_frozen,0.90000000,1000.00000000,1,6932,20796,5071,5071,0.24384497,0.73153491,0.00000000,8494.62750000,388421.50000000,24744.95000000,1,200.00000000,1200.00000000,200.00000000,0,1,0,0,False,0,0.00000000,0,1,1,1,11600.00000000,10440.00000000,11440.00000000,13144.95000000,9490.45500000,10240.00000000,19730.45500000,22070.45500000,16.44204583,152.52083333,0.00000000
test_2023_plus,holdout,2023-01-01,2026-07-13 21:30:41,1,3,stable_hash,0.90000000,1000.00000000,1,6932,20796,5071,5071,0.24384497,0.73153491,0.00000000,8494.62750000,388421.50000000,24744.95000000,1,200.00000000,1200.00000000,200.00000000,0,1,0,0,False,0,0.00000000,0,1,1,1,11600.00000000,10440.00000000,11440.00000000,13144.95000000,9490.45500000,10240.00000000,19730.45500000,22070.45500000,16.44204583,152.52083333,0.00000000
test_2023_plus,holdout,2023-01-01,2026-07-13 21:30:41,2,3,round_robin,0.90000000,1000.00000000,1,6932,20796,10142,10142,0.48768994,0.73153491,0.00000000,16989.25500000,776843.00000000,49489.89999999,2,400.00000000,1400.00000000,400.00000000,0,2,0,0,False,0,0.00000000,0,2,2,2,23200.00000000,20880.00000000,21880.00000000,26289.90000000,18980.91000000,20480.00000000,39460.91000000,44140.91000000,28.18636429,152.52083333,0.00000000
test_2023_plus,holdout,2023-01-01,2026-07-13 21:30:41,2,3,least_trades,0.90000000,1000.00000000,1,6932,20796,10142,10142,0.48768994,0.73153491,0.00000000,16989.25500000,776843.00000000,49489.89999999,2,400.00000000,1400.00000000,400.00000000,0,2,0,0,False,0,0.00000000,0,2,2,2,23200.00000000,20880.00000000,21880.00000000,26289.90000000,18980.91000000,20480.00000000,39460.91000000,44140.91000000,28.18636429,152.52083333,0.00000000
test_2023_plus,holdout,2023-01-01,2026-07-13 21:30:41,2,3,max_headroom,0.90000000,1000.00000000,1,6932,20796,10142,10142,0.48768994,0.73153491,0.00000000,16989.25500000,776843.00000000,49489.89999999,2,400.00000000,1400.00000000,400.00000000,0,2,0,0,False,0,0.00000000,0,2,2,2,23200.00000000,20880.00000000,21880.00000000,26289.90000000,18980.91000000,20480.00000000,39460.91000000,44140.91000000,28.18636429,152.52083333,0.00000000
test_2023_plus,holdout,2023-01-01,2026-07-13 21:30:41,2,3,min_headroom,0.90000000,1000.00000000,1,6932,20796,10142,10142,0.48768994,0.73153491,0.00000000,16989.25500000,776843.00000000,49489.89999999,2,400.00000000,1400.00000000,400.00000000,0,2,0,0,False,0,0.00000000,0,2,2,2,23200.00000000,20880.00000000,21880.00000000,26289.90000000,18980.91000000,20480.00000000,39460.91000000,44140.91000000,28.18636429,152.52083333,0.00000000
test_2023_plus,holdout,2023-01-01,2026-07-13 21:30:41,2,3,protect_frozen,0.90000000,1000.00000000,1,6932,20796,10142,10142,0.48768994,0.73153491,0.00000000,16989.25500000,776843.00000000,49489.89999999,2,400.00000000,1400.00000000,400.00000000,0,2,0,0,False,0,0.00000000,0,2,2,2,23200.00000000,20880.00000000,21880.00000000,26289.90000000,18980.91000000,20480.00000000,39460.91000000,44140.91000000,28.18636429,152.52083333,0.00000000
test_2023_plus,holdout,2023-01-01,2026-07-13 21:30:41,2,3,stable_hash,0.90000000,1000.00000000,1,6932,20796,10142,10142,0.48768994,0.73153491,0.00000000,16989.25500000,776843.00000000,49489.89999999,2,400.00000000,1400.00000000,400.00000000,0,2,0,0,False,0,0.00000000,0,2,2,2,23200.00000000,20880.00000000,21880.00000000,26289.90000000,18980.91000000,20480.00000000,39460.91000000,44140.91000000,28.18636429,152.52083333,0.00000000
test_2023_plus,holdout,2023-01-01,2026-07-13 21:30:41,3,3,round_robin,0.90000000,1000.00000000,1,6932,20796,15213,15213,0.73153491,0.73153491,0.73153491,25483.88250000,1165264.50000000,74234.84999998,3,600.00000000,1600.00000000,600.00000000,0,3,0,0,False,0,0.00000000,0,3,3,3,34800.00000000,31320.00000000,32320.00000000,39434.85000000,28471.36500000,30720.00000000,59191.36500000,66211.36500000,36.99460313,152.52083333,0.00000000
test_2023_plus,holdout,2023-01-01,2026-07-13 21:30:41,3,3,least_trades,0.90000000,1000.00000000,1,6932,20796,15213,15213,0.73153491,0.73153491,0.73153491,25483.88250000,1165264.50000000,74234.84999998,3,600.00000000,1600.00000000,600.00000000,0,3,0,0,False,0,0.00000000,0,3,3,3,34800.00000000,31320.00000000,32320.00000000,39434.85000000,28471.36500000,30720.00000000,59191.36500000,66211.36500000,36.99460313,152.52083333,0.00000000
test_2023_plus,holdout,2023-01-01,2026-07-13 21:30:41,3,3,max_headroom,0.90000000,1000.00000000,1,6932,20796,15213,15213,0.73153491,0.73153491,0.73153491,25483.88250000,1165264.50000000,74234.84999998,3,600.00000000,1600.00000000,600.00000000,0,3,0,0,False,0,0.00000000,0,3,3,3,34800.00000000,31320.00000000,32320.00000000,39434.85000000,28471.36500000,30720.00000000,59191.36500000,66211.36500000,36.99460313,152.52083333,0.00000000
test_2023_plus,holdout,2023-01-01,2026-07-13 21:30:41,3,3,min_headroom,0.90000000,1000.00000000,1,6932,20796,15213,15213,0.73153491,0.73153491,0.73153491,25483.88250000,1165264.50000000,74234.84999998,3,600.00000000,1600.00000000,600.00000000,0,3,0,0,False,0,0.00000000,0,3,3,3,34800.00000000,31320.00000000,32320.00000000,39434.85000000,28471.36500000,30720.00000000,59191.36500000,66211.36500000,36.99460313,152.52083333,0.00000000
test_2023_plus,holdout,2023-01-01,2026-07-13 21:30:41,3,3,protect_frozen,0.90000000,1000.00000000,1,6932,20796,15213,15213,0.73153491,0.73153491,0.73153491,25483.88250000,1165264.50000000,74234.84999998,3,600.00000000,1600.00000000,600.00000000,0,3,0,0,False,0,0.00000000,0,3,3,3,34800.00000000,31320.00000000,32320.00000000,39434.85000000,28471.36500000,30720.00000000,59191.36500000,66211.36500000,36.99460313,152.52083333,0.00000000
test_2023_plus,holdout,2023-01-01,2026-07-13 21:30:41,3,3,stable_hash,0.90000000,1000.00000000,1,6932,20796,15213,15213,0.73153491,0.73153491,0.73153491,25483.88250000,1165264.50000000,74234.84999998,3,600.00000000,1600.00000000,600.00000000,0,3,0,0,False,0,0.00000000,0,3,3,3,34800.00000000,31320.00000000,32320.00000000,39434.85000000,28471.36500000,30720.00000000,59191.36500000,66211.36500000,36.99460313,152.52083333,0.00000000
test_2023_plus,holdout,2023-01-01,2026-07-13 21:30:41,4,3,round_robin,0.90000000,1000.00000000,1,6932,20796,16772,16772,0.80650125,0.95643393,0.73153491,27559.29888889,1261403.50000000,75976.89999998,4,800.00000000,1800.00000000,1000.00000000,1,5,1,0,False,1,0.25000000,0,3,4,4,36200.00000000,32580.00000000,33380.00000000,39728.75000000,26395.87500000,31580.00000000,57975.87500000,67335.87500000,32.20881944,102.27083333,434.96745568
test_2023_plus,holdout,2023-01-01,2026-07-13 21:30:41,4,3,least_trades,0.90000000,1000.00000000,1,6932,20796,16772,16772,0.80650125,0.95643393,0.73153491,27559.29888889,1261403.50000000,75976.89999998,4,800.00000000,1800.00000000,800.00000000,0,4,0,0,False,0,0.00000000,0,4,4,4,35400.00000000,31860.00000000,32860.00000000,40576.90000000,27159.21000000,31060.00000000,58219.21000000,67579.21000000,32.34400556,102.87500000,0.00000000
test_2023_plus,holdout,2023-01-01,2026-07-13 21:30:41,4,3,max_headroom,0.90000000,1000.00000000,1,6932,20796,16772,16772,0.80650125,0.95643393,0.73153491,27559.29888889,1261403.50000000,75976.89999998,4,800.00000000,1800.00000000,800.00000000,0,4,0,0,False,0,0.00000000,0,4,4,4,35600.00000000,32040.00000000,33040.00000000,40376.90000000,27874.26000000,31240.00000000,59114.26000000,67579.21000000,32.84125556,102.70833333,1128.52049162
test_2023_plus,holdout,2023-01-01,2026-07-13 21:30:41,4,3,min_headroom,0.90000000,1000.00000000,1,6932,20796,16772,16772,0.80650125,0.95643393,0.73153491,27559.29888889,1261403.50000000,75976.89999998,4,800.00000000,1800.00000000,800.00000000,0,4,0,0,False,0,0.00000000,0,4,4,4,34400.00000000,30960.00000000,31960.00000000,41576.90000000,28059.21000000,30160.00000000,58219.21000000,67579.21000000,32.34400556,198.79166667,139.07731663
test_2023_plus,holdout,2023-01-01,2026-07-13 21:30:41,4,3,protect_frozen,0.90000000,1000.00000000,1,6932,20796,16772,16772,0.80650125,0.95643393,0.73153491,27559.29888889,1261403.50000000,75976.89999998,4,800.00000000,1800.00000000,1000.00000000,1,5,1,0,False,1,0.25000000,0,3,4,4,35200.00000000,31680.00000000,32480.00000000,40695.00000000,27265.50000000,30680.00000000,57945.50000000,67305.50000000,32.19194444,164.97916667,79.09804043
test_2023_plus,holdout,2023-01-01,2026-07-13 21:30:41,4,3,stable_hash,0.90000000,1000.00000000,1,6932,20796,16772,16772,0.80650125,0.95643393,0.73153491,27559.29888889,1261403.50000000,75976.89999998,4,800.00000000,1800.00000000,800.00000000,0,4,0,0,False,0,0.00000000,0,4,4,4,36400.00000000,32760.00000000,33760.00000000,39576.90000000,26259.21000000,31960.00000000,58219.21000000,67579.21000000,32.34400556,101.66666667,11.33578405
test_2023_plus,holdout,2023-01-01,2026-07-13 21:30:41,5,3,round_robin,0.90000000,1000.00000000,1,6932,20796,18331,18331,0.88146759,0.95643393,0.73153491,29634.71527778,1357542.50000000,77718.94999998,5,1000.00000000,2000.00000000,1200.00000000,1,6,1,0,False,1,0.20000000,0,4,5,5,36000.00000000,32400.00000000,33200.00000000,42152.80000000,26237.52000000,31200.00000000,57437.52000000,69137.52000000,28.71876000,79.58333333,342.27614582
test_2023_plus,holdout,2023-01-01,2026-07-13 21:30:41,5,3,least_trades,0.90000000,1000.00000000,1,6932,20796,18331,18331,0.88146759,0.95643393,0.73153491,29634.71527778,1357542.50000000,77718.94999998,5,1000.00000000,2000.00000000,1600.00000000,3,8,3,0,False,1,0.20000000,0,4,5,5,41000.00000000,36900.00000000,37300.00000000,38556.65000000,23000.98500000,35300.00000000,58300.98500000,70000.98500000,29.15049250,116.60416667,1576.52143658
test_2023_plus,holdout,2023-01-01,2026-07-13 21:30:41,5,3,max_headroom,0.90000000,1000.00000000,1,6932,20796,18331,18331,0.88146759,0.95643393,0.73153491,29634.71527778,1357542.50000000,77718.94999998,5,1000.00000000,2000.00000000,1000.00000000,0,5,0,0,False,0,0.00000000,0,5,5,5,36400.00000000,32760.00000000,33760.00000000,41318.95000000,27815.35500000,31760.00000000,59575.35500000,68947.05500000,29.78767750,92.91666667,1393.61420773
test_2023_plus,holdout,2023-01-01,2026-07-13 21:30:41,5,3,min_headroom,0.90000000,1000.00000000,1,6932,20796,18331,18331,0.88146759,0.95643393,0.73153491,29634.71527778,1357542.50000000,77718.94999998,5,1000.00000000,2000.00000000,1000.00000000,0,5,0,0,False,0,0.00000000,0,5,5,5,34400.00000000,30960.00000000,31960.00000000,43318.95000000,27287.05500000,29960.00000000,57247.05500000,68947.05500000,28.62352750,241.66666667,143.05998742
test_2023_plus,holdout,2023-01-01,2026-07-13 21:30:41,5,3,protect_frozen,0.90000000,1000.00000000,1,6932,20796,18331,18331,0.88146759,0.95643393,0.73153491,29634.71527778,1357542.50000000,77718.94999998,5,1000.00000000,2000.00000000,1200.00000000,1,6,1,0,False,1,0.20000000,0,4,5,5,38800.00000000,34920.00000000,35720.00000000,38983.25000000,23384.92500000,33720.00000000,57104.92500000,68804.92500000,28.55246250,117.95833333,1276.50005875
test_2023_plus,holdout,2023-01-01,2026-07-13 21:30:41,5,3,stable_hash,0.90000000,1000.00000000,1,6932,20796,18331,18331,0.88146759,0.95643393,0.73153491,29634.71527778,1357542.50000000,77718.94999998,5,1000.00000000,2000.00000000,1000.00000000,0,5,0,0,False,0,0.00000000,0,5,5,5,37400.00000000,33660.00000000,34660.00000000,40318.95000000,24587.05500000,32660.00000000,57247.05500000,68947.05500000,28.62352750,99.83333333,7.78203058
test_2023_plus,holdout,2023-01-01,2026-07-13 21:30:41,6,3,round_robin,0.90000000,1000.00000000,1,6932,20796,19890,19890,0.95643393,0.95643393,0.95643393,31710.13166667,1453681.50000000,79460.99999997,6,1200.00000000,2200.00000000,1200.00000000,0,6,0,0,False,0,0.00000000,0,6,6,6,38400.00000000,34560.00000000,35560.00000000,41061.00000000,22914.90000000,33360.00000000,56274.90000000,70314.90000000,25.57950000,283.75000000,9.00000000
test_2023_plus,holdout,2023-01-01,2026-07-13 21:30:41,6,3,least_trades,0.90000000,1000.00000000,1,6932,20796,19890,19890,0.95643393,0.95643393,0.95643393,31710.13166667,1453681.50000000,79460.99999997,6,1200.00000000,2200.00000000,1800.00000000,3,9,3,0,False,3,0.50000000,0,3,6,6,38800.00000000,34920.00000000,35320.00000000,40501.40000000,22411.26000000,33120.00000000,55531.26000000,69571.26000000,25.24148182,239.83333333,0.00000000
test_2023_plus,holdout,2023-01-01,2026-07-13 21:30:41,6,3,max_headroom,0.90000000,1000.00000000,1,6932,20796,19890,19890,0.95643393,0.95643393,0.95643393,31710.13166667,1453681.50000000,79460.99999997,6,1200.00000000,2200.00000000,1200.00000000,0,6,0,0,False,0,0.00000000,0,6,6,6,37200.00000000,33480.00000000,34480.00000000,42261.00000000,27273.91500000,32280.00000000,59553.91500000,70314.90000000,27.06996136,239.97916667,1546.00000000
test_2023_plus,holdout,2023-01-01,2026-07-13 21:30:41,6,3,min_headroom,0.90000000,1000.00000000,1,6932,20796,19890,19890,0.95643393,0.95643393,0.95643393,31710.13166667,1453681.50000000,79460.99999997,6,1200.00000000,2200.00000000,1200.00000000,0,6,0,0,False,0,0.00000000,0,6,6,6,33600.00000000,30240.00000000,31240.00000000,45861.00000000,27234.90000000,29040.00000000,56274.90000000,70314.90000000,25.57950000,253.85416667,469.00000000
test_2023_plus,holdout,2023-01-01,2026-07-13 21:30:41,6,3,protect_frozen,0.90000000,1000.00000000,1,6932,20796,19890,19890,0.95643393,0.95643393,0.95643393,31710.13166667,1453681.50000000,79460.99999997,6,1200.00000000,2200.00000000,1200.00000000,0,6,0,0,False,0,0.00000000,0,6,6,6,38400.00000000,34560.00000000,35560.00000000,41061.00000000,22914.90000000,33360.00000000,56274.90000000,70314.90000000,25.57950000,376.68750000,0.00000000
test_2023_plus,holdout,2023-01-01,2026-07-13 21:30:41,6,3,stable_hash,0.90000000,1000.00000000,1,6932,20796,19890,19890,0.95643393,0.95643393,0.95643393,31710.13166667,1453681.50000000,79460.99999997,6,1200.00000000,2200.00000000,1200.00000000,0,6,0,0,False,0,0.00000000,0,6,6,6,37800.00000000,34020.00000000,35020.00000000,41661.00000000,23660.05500000,32820.00000000,56480.05500000,70314.90000000,25.67275227,92.72916667,11.29896750
test_2023_plus,holdout,2023-01-01,2026-07-13 21:30:41,8,3,round_robin,0.90000000,1000.00000000,1,6932,20796,20424,20424,0.98211194,0.99495095,0.95643393,32264.68722222,1481978.50000000,79104.29999997,8,1600.00000000,2600.00000000,1800.00000000,1,9,1,0,False,1,0.12500000,0,7,8,8,36800.00000000,33120.00000000,33920.00000000,43227.80000000,20185.02000000,31320.00000000,51505.02000000,70225.02000000,19.80962308,309.52083333,199.44469785
test_2023_plus,holdout,2023-01-01,2026-07-13 21:30:41,8,3,least_trades,0.90000000,1000.00000000,1,6932,20796,20424,20424,0.98211194,0.99495095,0.95643393,32264.68722222,1481978.50000000,79104.29999997,8,1600.00000000,2600.00000000,2000.00000000,2,10,2,0,False,1,0.12500000,0,7,8,8,38400.00000000,34560.00000000,35160.00000000,40233.45000000,17490.10500000,32560.00000000,50050.10500000,68770.10500000,19.25004038,162.91666667,655.05981359
test_2023_plus,holdout,2023-01-01,2026-07-13 21:30:41,8,3,max_headroom,0.90000000,1000.00000000,1,6932,20796,20424,20424,0.98211194,0.99495095,0.95643393,32264.68722222,1481978.50000000,79104.29999997,8,1600.00000000,2600.00000000,1600.00000000,0,8,0,0,False,0,0.00000000,0,8,8,6,36200.00000000,32580.00000000,33580.00000000,42904.30000000,26777.61000000,30980.00000000,57757.61000000,69593.87000000,22.21446538,102.70833333,1585.09755220
test_2023_plus,holdout,2023-01-01,2026-07-13 21:30:41,8,3,min_headroom,0.90000000,1000.00000000,1,6932,20796,20424,20424,0.98211194,0.99495095,0.95643393,32264.68722222,1481978.50000000,79104.29999997,8,1600.00000000,2600.00000000,2200.00000000,3,11,3,0,False,3,0.37500000,0,5,8,8,39200.00000000,35280.00000000,35680.00000000,39773.10000000,17075.79000000,33080.00000000,50155.79000000,68875.79000000,19.29068846,446.79166667,963.05253621
test_2023_plus,holdout,2023-01-01,2026-07-13 21:30:41,8,3,protect_frozen,0.90000000,1000.00000000,1,6932,20796,20424,20424,0.98211194,0.99495095,0.95643393,32264.68722222,1481978.50000000,79104.29999997,8,1600.00000000,2600.00000000,2800.00000000,6,14,6,0,False,2,0.25000000,0,6,8,8,42000.00000000,37800.00000000,37600.00000000,44830.65000000,21627.58500000,35000.00000000,56627.58500000,75347.58500000,21.77984038,242.62500000,878.36630137
test_2023_plus,holdout,2023-01-01,2026-07-13 21:30:41,8,3,stable_hash,0.90000000,1000.00000000,1,6932,20796,20424,20424,0.98211194,0.99495095,0.95643393,32264.68722222,1481978.50000000,79104.29999997,8,1600.00000000,2600.00000000,2200.00000000,3,11,3,0,False,1,0.12500000,0,7,8,7,38400.00000000,34560.00000000,34960.00000000,41782.95000000,22512.55500000,32360.00000000,54872.55500000,70761.11000000,21.10482885,86.12500000,1056.35883315
test_2023_plus,holdout,2023-01-01,2026-07-13 21:30:41,10,3,round_robin,0.90000000,1000.00000000,1,6932,20796,20725,20725,0.99658588,0.99985574,0.99495095,32575.97055556,1497803.00000000,78456.24999997,10,2000.00000000,3000.00000000,2200.00000000,1,11,1,0,False,1,0.10000000,0,9,10,9,34200.00000000,30780.00000000,31580.00000000,44345.20000000,17159.98500000,28580.00000000,45739.98500000,68490.68000000,15.24666167,389.95833333,617.54582016
test_2023_plus,holdout,2023-01-01,2026-07-13 21:30:41,10,3,least_trades,0.90000000,1000.00000000,1,6932,20796,20725,20725,0.99658588,0.99985574,0.99495095,32575.97055556,1497803.00000000,78456.24999997,10,2000.00000000,3000.00000000,2000.00000000,0,10,0,0,False,0,0.00000000,0,10,10,10,34800.00000000,31320.00000000,32320.00000000,43656.25000000,15945.21000000,29320.00000000,45265.21000000,68610.62500000,15.08840333,253.85416667,0.50000000
test_2023_plus,holdout,2023-01-01,2026-07-13 21:30:41,10,3,max_headroom,0.90000000,1000.00000000,1,6932,20796,20725,20725,0.99658588,0.99985574,0.99495095,32575.97055556,1497803.00000000,78456.24999997,10,2000.00000000,3000.00000000,2000.00000000,0,10,0,0,False,0,0.00000000,0,10,10,7,36000.00000000,32400.00000000,33400.00000000,42456.25000000,25969.63500000,30400.00000000,56369.63500000,69115.57000000,18.78987833,152.52083333,1503.74101826
test_2023_plus,holdout,2023-01-01,2026-07-13 21:30:41,10,3,min_headroom,0.90000000,1000.00000000,1,6932,20796,20725,20725,0.99658588,0.99985574,0.99495095,32575.97055556,1497803.00000000,78456.24999997,10,2000.00000000,3000.00000000,2600.00000000,3,13,3,0,False,3,0.30000000,0,7,10,10,34400.00000000,30960.00000000,31360.00000000,43803.60000000,16023.24000000,28360.00000000,44383.24000000,67783.24000000,14.79441333,519.95833333,745.36726518
test_2023_plus,holdout,2023-01-01,2026-07-13 21:30:41,10,3,protect_frozen,0.90000000,1000.00000000,1,6932,20796,20725,20725,0.99658588,0.99985574,0.99495095,32575.97055556,1497803.00000000,78456.24999997,10,2000.00000000,3000.00000000,2400.00000000,2,12,2,0,False,1,0.10000000,0,9,10,10,36800.00000000,33120.00000000,33720.00000000,44612.05000000,17406.63000000,30720.00000000,48126.63000000,70870.84500000,16.04221000,435.33333333,0.30000000
test_2023_plus,holdout,2023-01-01,2026-07-13 21:30:41,10,3,stable_hash,0.90000000,1000.00000000,1,6932,20796,20725,20725,0.99658588,0.99985574,0.99495095,32575.97055556,1497803.00000000,78456.24999997,10,2000.00000000,3000.00000000,2800.00000000,4,14,4,0,False,1,0.10000000,0,9,10,9,34600.00000000,31140.00000000,31340.00000000,44336.10000000,19485.31500000,28340.00000000,47825.31500000,68885.31500000,15.94177167,198.79166667,783.80147997
test_2023_plus,holdout,2023-01-01,2026-07-13 21:30:41,12,3,round_robin,0.90000000,1000.00000000,1,6932,20796,20793,20793,0.99985574,0.99985574,0.99985574,32643.98166667,1501155.00000000,77516.84999997,12,2400.00000000,3400.00000000,3600.00000000,6,18,6,0,False,3,0.25000000,0,9,12,9,36800.00000000,33120.00000000,32920.00000000,42673.30000000,17844.88500000,29520.00000000,47364.88500000,67925.97000000,13.93084853,400.43750000,683.20592308
test_2023_plus,holdout,2023-01-01,2026-07-13 21:30:41,12,3,least_trades,0.90000000,1000.00000000,1,6932,20796,20793,20793,0.99985574,0.99985574,0.99985574,32643.98166667,1501155.00000000,77516.84999997,12,2400.00000000,3400.00000000,3000.00000000,3,15,3,0,False,3,0.25000000,0,9,12,12,38200.00000000,34380.00000000,34780.00000000,39223.70000000,7221.33000000,31380.00000000,38601.33000000,66681.33000000,11.35333235,397.81250000,512.11001422
test_2023_plus,holdout,2023-01-01,2026-07-13 21:30:41,12,3,max_headroom,0.90000000,1000.00000000,1,6932,20796,20793,20793,0.99985574,0.99985574,0.99985574,32643.98166667,1501155.00000000,77516.84999997,12,2400.00000000,3400.00000000,2400.00000000,0,12,0,0,False,0,0.00000000,0,12,12,6,36000.00000000,32400.00000000,33400.00000000,41516.85000000,28499.71500000,30000.00000000,58499.71500000,69872.11500000,17.20579853,162.87500000,1789.91904496
test_2023_plus,holdout,2023-01-01,2026-07-13 21:30:41,12,3,min_headroom,0.90000000,1000.00000000,1,6932,20796,20793,20793,0.99985574,0.99985574,0.99985574,32643.98166667,1501155.00000000,77516.84999997,12,2400.00000000,3400.00000000,4200.00000000,9,21,9,0,False,3,0.25000000,0,9,12,12,32000.00000000,28800.00000000,28000.00000000,49011.00000000,16029.90000000,24600.00000000,40629.90000000,68709.90000000,11.94997059,548.85416667,553.72260404
test_2023_plus,holdout,2023-01-01,2026-07-13 21:30:41,12,3,protect_frozen,0.90000000,1000.00000000,1,6932,20796,20793,20793,0.99985574,0.99985574,0.99985574,32643.98166667,1501155.00000000,77516.84999997,12,2400.00000000,3400.00000000,3000.00000000,3,15,3,0,False,3,0.25000000,0,9,12,9,33800.00000000,30420.00000000,30820.00000000,43586.50000000,15175.98000000,27420.00000000,42595.98000000,66647.85000000,12.52822941,446.79166667,713.79747361
test_2023_plus,holdout,2023-01-01,2026-07-13 21:30:41,12,3,stable_hash,0.90000000,1000.00000000,1,6932,20796,20793,20793,0.99985574,0.99985574,0.99985574,32643.98166667,1501155.00000000,77516.84999997,12,2400.00000000,3400.00000000,3000.00000000,3,15,3,0,False,1,0.08333333,0,11,12,11,34600.00000000,31140.00000000,31540.00000000,44433.25000000,18923.98500000,28140.00000000,47063.98500000,68129.92500000,13.84234853,241.64583333,518.38747708
test_2023_plus,holdout,2023-01-01,2026-07-13 21:30:41,15,3,round_robin,0.90000000,1000.00000000,1,6932,20796,20796,20796,1.00000000,1.00000000,1.00000000,32645.96500000,1501378.50000000,77413.19999997,15,3000.00000000,4000.00000000,3000.00000000,0,15,0,0,False,0,0.00000000,0,15,15,15,30000.00000000,27000.00000000,28000.00000000,47413.20000000,10512.85500000,24000.00000000,34512.85500000,66671.88000000,8.62821375,410.97916667,1.35646600
test_2023_plus,holdout,2023-01-01,2026-07-13 21:30:41,15,3,least_trades,0.90000000,1000.00000000,1,6932,20796,20796,20796,1.00000000,1.00000000,1.00000000,32645.96500000,1501378.50000000,77413.19999997,15,3000.00000000,4000.00000000,5200.00000000,11,26,11,0,False,3,0.20000000,0,12,15,15,37200.00000000,33480.00000000,32280.00000000,50138.15000000,11694.01500000,28280.00000000,39974.01500000,73404.33500000,9.99350375,243.66666667,241.40308384
test_2023_plus,holdout,2023-01-01,2026-07-13 21:30:41,15,3,max_headroom,0.90000000,1000.00000000,1,6932,20796,20796,20796,1.00000000,1.00000000,1.00000000,32645.96500000,1501378.50000000,77413.19999997,15,3000.00000000,4000.00000000,3000.00000000,0,15,0,0,False,0,0.00000000,0,15,15,6,34800.00000000,31320.00000000,32320.00000000,42613.20000000,25804.44000000,28320.00000000,54124.44000000,67739.46000000,13.53111000,401.22916667,1484.19858510
test_2023_plus,holdout,2023-01-01,2026-07-13 21:30:41,15,3,min_headroom,0.90000000,1000.00000000,1,6932,20796,20796,20796,1.00000000,1.00000000,1.00000000,32645.96500000,1501378.50000000,77413.19999997,15,3000.00000000,4000.00000000,5400.00000000,12,27,12,0,False,3,0.20000000,0,12,15,15,26200.00000000,23580.00000000,22180.00000000,55794.00000000,15447.82500000,18180.00000000,33627.82500000,68394.60000000,8.40695625,585.66666667,518.08463487
test_2023_plus,holdout,2023-01-01,2026-07-13 21:30:41,15,3,protect_frozen,0.90000000,1000.00000000,1,6932,20796,20796,20796,1.00000000,1.00000000,1.00000000,32645.96500000,1501378.50000000,77413.19999997,15,3000.00000000,4000.00000000,4000.00000000,5,20,5,0,False,3,0.20000000,0,12,15,13,28800.00000000,25920.00000000,25920.00000000,47996.70000000,13471.92000000,21920.00000000,35391.92000000,65117.03000000,8.84798000,528.66666667,397.42311066
test_2023_plus,holdout,2023-01-01,2026-07-13 21:30:41,15,3,stable_hash,0.90000000,1000.00000000,1,6932,20796,20796,20796,1.00000000,1.00000000,1.00000000,32645.96500000,1501378.50000000,77413.19999997,15,3000.00000000,4000.00000000,4200.00000000,6,21,6,0,False,1,0.06666667,0,14,15,14,33800.00000000,30420.00000000,30220.00000000,45020.45000000,13787.10000000,26220.00000000,40007.10000000,66738.40500000,10.00177500,299.12500000,512.98414097
test_2023_plus,holdout,2023-01-01,2026-07-13 21:30:41,20,3,round_robin,0.90000000,1000.00000000,1,6932,20796,20796,20796,1.00000000,1.00000000,1.00000000,32645.96500000,1501378.50000000,77413.19999997,15,4000.00000000,5000.00000000,7000.00000000,15,35,15,0,False,2,0.10000000,0,18,20,13,32400.00000000,29160.00000000,27160.00000000,56760.00000000,18264.01500000,22160.00000000,40424.01500000,73702.59500000,8.08480300,165.87500000,473.94704346
test_2023_plus,holdout,2023-01-01,2026-07-13 21:30:41,20,3,least_trades,0.90000000,1000.00000000,1,6932,20796,20796,20796,1.00000000,1.00000000,1.00000000,32645.96500000,1501378.50000000,77413.19999997,15,4000.00000000,5000.00000000,6200.00000000,11,31,11,0,False,1,0.05000000,0,19,20,19,30000.00000000,27000.00000000,25800.00000000,55554.05000000,12020.04000000,20800.00000000,32820.04000000,70798.64500000,6.56400800,366.79166667,237.35826824
test_2023_plus,holdout,2023-01-01,2026-07-13 21:30:41,20,3,max_headroom,0.90000000,1000.00000000,1,6932,20796,20796,20796,1.00000000,1.00000000,1.00000000,32645.96500000,1501378.50000000,77413.19999997,15,4000.00000000,5000.00000000,4000.00000000,0,20,0,0,False,0,0.00000000,0,20,20,9,35000.00000000,31500.00000000,32500.00000000,42413.20000000,26205.79500000,27500.00000000,53705.79500000,71003.39000000,10.74115900,162.87500000,1334.96998468
test_2023_plus,holdout,2023-01-01,2026-07-13 21:30:41,20,3,min_headroom,0.90000000,1000.00000000,1,6932,20796,20796,20796,1.00000000,1.00000000,1.00000000,32645.96500000,1501378.50000000,77413.19999997,15,4000.00000000,5000.00000000,6400.00000000,12,32,12,0,False,3,0.15000000,0,17,20,20,17800.00000000,16020.00000000,14620.00000000,66930.75000000,14918.71500000,9620.00000000,24538.71500000,69857.67500000,4.90774300,751.47916667,481.17594235
test_2023_plus,holdout,2023-01-01,2026-07-13 21:30:41,20,3,protect_frozen,0.90000000,1000.00000000,1,6932,20796,20796,20796,1.00000000,1.00000000,1.00000000,32645.96500000,1501378.50000000,77413.19999997,15,4000.00000000,5000.00000000,6600.00000000,13,33,13,0,False,2,0.10000000,0,18,20,19,27200.00000000,24480.00000000,22880.00000000,57946.25000000,12440.29500000,17880.00000000,30320.29500000,70031.62500000,6.06405900,688.87500000,238.64196509
test_2023_plus,holdout,2023-01-01,2026-07-13 21:30:41,20,3,stable_hash,0.90000000,1000.00000000,1,6932,20796,20796,20796,1.00000000,1.00000000,1.00000000,32645.96500000,1501378.50000000,77413.19999997,15,4000.00000000,5000.00000000,6000.00000000,10,30,10,0,False,1,0.05000000,0,19,20,16,29000.00000000,26100.00000000,25100.00000000,51158.70000000,12087.22500000,20100.00000000,32187.22500000,66906.79500000,6.43744500,325.54166667,443.62969919
test_2023_plus,holdout,2023-01-01,2026-07-13 21:30:41,1,4,round_robin,0.90000000,1000.00000000,1,6932,27728,5071,5071,0.18288373,0.73153491,0.00000000,8494.62750000,388421.50000000,24744.95000000,1,200.00000000,1200.00000000,200.00000000,0,1,0,0,False,0,0.00000000,0,1,1,1,11600.00000000,10440.00000000,11440.00000000,13144.95000000,9490.45500000,10240.00000000,19730.45500000,22070.45500000,16.44204583,152.52083333,0.00000000
test_2023_plus,holdout,2023-01-01,2026-07-13 21:30:41,1,4,least_trades,0.90000000,1000.00000000,1,6932,27728,5071,5071,0.18288373,0.73153491,0.00000000,8494.62750000,388421.50000000,24744.95000000,1,200.00000000,1200.00000000,200.00000000,0,1,0,0,False,0,0.00000000,0,1,1,1,11600.00000000,10440.00000000,11440.00000000,13144.95000000,9490.45500000,10240.00000000,19730.45500000,22070.45500000,16.44204583,152.52083333,0.00000000
test_2023_plus,holdout,2023-01-01,2026-07-13 21:30:41,1,4,max_headroom,0.90000000,1000.00000000,1,6932,27728,5071,5071,0.18288373,0.73153491,0.00000000,8494.62750000,388421.50000000,24744.95000000,1,200.00000000,1200.00000000,200.00000000,0,1,0,0,False,0,0.00000000,0,1,1,1,11600.00000000,10440.00000000,11440.00000000,13144.95000000,9490.45500000,10240.00000000,19730.45500000,22070.45500000,16.44204583,152.52083333,0.00000000
test_2023_plus,holdout,2023-01-01,2026-07-13 21:30:41,1,4,min_headroom,0.90000000,1000.00000000,1,6932,27728,5071,5071,0.18288373,0.73153491,0.00000000,8494.62750000,388421.50000000,24744.95000000,1,200.00000000,1200.00000000,200.00000000,0,1,0,0,False,0,0.00000000,0,1,1,1,11600.00000000,10440.00000000,11440.00000000,13144.95000000,9490.45500000,10240.00000000,19730.45500000,22070.45500000,16.44204583,152.52083333,0.00000000
test_2023_plus,holdout,2023-01-01,2026-07-13 21:30:41,1,4,protect_frozen,0.90000000,1000.00000000,1,6932,27728,5071,5071,0.18288373,0.73153491,0.00000000,8494.62750000,388421.50000000,24744.95000000,1,200.00000000,1200.00000000,200.00000000,0,1,0,0,False,0,0.00000000,0,1,1,1,11600.00000000,10440.00000000,11440.00000000,13144.95000000,9490.45500000,10240.00000000,19730.45500000,22070.45500000,16.44204583,152.52083333,0.00000000
test_2023_plus,holdout,2023-01-01,2026-07-13 21:30:41,1,4,stable_hash,0.90000000,1000.00000000,1,6932,27728,5071,5071,0.18288373,0.73153491,0.00000000,8494.62750000,388421.50000000,24744.95000000,1,200.00000000,1200.00000000,200.00000000,0,1,0,0,False,0,0.00000000,0,1,1,1,11600.00000000,10440.00000000,11440.00000000,13144.95000000,9490.45500000,10240.00000000,19730.45500000,22070.45500000,16.44204583,152.52083333,0.00000000
test_2023_plus,holdout,2023-01-01,2026-07-13 21:30:41,2,4,round_robin,0.90000000,1000.00000000,1,6932,27728,10142,10142,0.36576746,0.73153491,0.00000000,16989.25500000,776843.00000000,49489.89999999,2,400.00000000,1400.00000000,400.00000000,0,2,0,0,False,0,0.00000000,0,2,2,2,23200.00000000,20880.00000000,21880.00000000,26289.90000000,18980.91000000,20480.00000000,39460.91000000,44140.91000000,28.18636429,152.52083333,0.00000000
test_2023_plus,holdout,2023-01-01,2026-07-13 21:30:41,2,4,least_trades,0.90000000,1000.00000000,1,6932,27728,10142,10142,0.36576746,0.73153491,0.00000000,16989.25500000,776843.00000000,49489.89999999,2,400.00000000,1400.00000000,400.00000000,0,2,0,0,False,0,0.00000000,0,2,2,2,23200.00000000,20880.00000000,21880.00000000,26289.90000000,18980.91000000,20480.00000000,39460.91000000,44140.91000000,28.18636429,152.52083333,0.00000000
test_2023_plus,holdout,2023-01-01,2026-07-13 21:30:41,2,4,max_headroom,0.90000000,1000.00000000,1,6932,27728,10142,10142,0.36576746,0.73153491,0.00000000,16989.25500000,776843.00000000,49489.89999999,2,400.00000000,1400.00000000,400.00000000,0,2,0,0,False,0,0.00000000,0,2,2,2,23200.00000000,20880.00000000,21880.00000000,26289.90000000,18980.91000000,20480.00000000,39460.91000000,44140.91000000,28.18636429,152.52083333,0.00000000
test_2023_plus,holdout,2023-01-01,2026-07-13 21:30:41,2,4,min_headroom,0.90000000,1000.00000000,1,6932,27728,10142,10142,0.36576746,0.73153491,0.00000000,16989.25500000,776843.00000000,49489.89999999,2,400.00000000,1400.00000000,400.00000000,0,2,0,0,False,0,0.00000000,0,2,2,2,23200.00000000,20880.00000000,21880.00000000,26289.90000000,18980.91000000,20480.00000000,39460.91000000,44140.91000000,28.18636429,152.52083333,0.00000000
test_2023_plus,holdout,2023-01-01,2026-07-13 21:30:41,2,4,protect_frozen,0.90000000,1000.00000000,1,6932,27728,10142,10142,0.36576746,0.73153491,0.00000000,16989.25500000,776843.00000000,49489.89999999,2,400.00000000,1400.00000000,400.00000000,0,2,0,0,False,0,0.00000000,0,2,2,2,23200.00000000,20880.00000000,21880.00000000,26289.90000000,18980.91000000,20480.00000000,39460.91000000,44140.91000000,28.18636429,152.52083333,0.00000000
test_2023_plus,holdout,2023-01-01,2026-07-13 21:30:41,2,4,stable_hash,0.90000000,1000.00000000,1,6932,27728,10142,10142,0.36576746,0.73153491,0.00000000,16989.25500000,776843.00000000,49489.89999999,2,400.00000000,1400.00000000,400.00000000,0,2,0,0,False,0,0.00000000,0,2,2,2,23200.00000000,20880.00000000,21880.00000000,26289.90000000,18980.91000000,20480.00000000,39460.91000000,44140.91000000,28.18636429,152.52083333,0.00000000
test_2023_plus,holdout,2023-01-01,2026-07-13 21:30:41,3,4,round_robin,0.90000000,1000.00000000,1,6932,27728,15213,15213,0.54865118,0.73153491,0.00000000,25483.88250000,1165264.50000000,74234.84999998,3,600.00000000,1600.00000000,600.00000000,0,3,0,0,False,0,0.00000000,0,3,3,3,34800.00000000,31320.00000000,32320.00000000,39434.85000000,28471.36500000,30720.00000000,59191.36500000,66211.36500000,36.99460313,152.52083333,0.00000000
test_2023_plus,holdout,2023-01-01,2026-07-13 21:30:41,3,4,least_trades,0.90000000,1000.00000000,1,6932,27728,15213,15213,0.54865118,0.73153491,0.00000000,25483.88250000,1165264.50000000,74234.84999998,3,600.00000000,1600.00000000,600.00000000,0,3,0,0,False,0,0.00000000,0,3,3,3,34800.00000000,31320.00000000,32320.00000000,39434.85000000,28471.36500000,30720.00000000,59191.36500000,66211.36500000,36.99460313,152.52083333,0.00000000
test_2023_plus,holdout,2023-01-01,2026-07-13 21:30:41,3,4,max_headroom,0.90000000,1000.00000000,1,6932,27728,15213,15213,0.54865118,0.73153491,0.00000000,25483.88250000,1165264.50000000,74234.84999998,3,600.00000000,1600.00000000,600.00000000,0,3,0,0,False,0,0.00000000,0,3,3,3,34800.00000000,31320.00000000,32320.00000000,39434.85000000,28471.36500000,30720.00000000,59191.36500000,66211.36500000,36.99460313,152.52083333,0.00000000
test_2023_plus,holdout,2023-01-01,2026-07-13 21:30:41,3,4,min_headroom,0.90000000,1000.00000000,1,6932,27728,15213,15213,0.54865118,0.73153491,0.00000000,25483.88250000,1165264.50000000,74234.84999998,3,600.00000000,1600.00000000,600.00000000,0,3,0,0,False,0,0.00000000,0,3,3,3,34800.00000000,31320.00000000,32320.00000000,39434.85000000,28471.36500000,30720.00000000,59191.36500000,66211.36500000,36.99460313,152.52083333,0.00000000
test_2023_plus,holdout,2023-01-01,2026-07-13 21:30:41,3,4,protect_frozen,0.90000000,1000.00000000,1,6932,27728,15213,15213,0.54865118,0.73153491,0.00000000,25483.88250000,1165264.50000000,74234.84999998,3,600.00000000,1600.00000000,600.00000000,0,3,0,0,False,0,0.00000000,0,3,3,3,34800.00000000,31320.00000000,32320.00000000,39434.85000000,28471.36500000,30720.00000000,59191.36500000,66211.36500000,36.99460313,152.52083333,0.00000000
test_2023_plus,holdout,2023-01-01,2026-07-13 21:30:41,3,4,stable_hash,0.90000000,1000.00000000,1,6932,27728,15213,15213,0.54865118,0.73153491,0.00000000,25483.88250000,1165264.50000000,74234.84999998,3,600.00000000,1600.00000000,600.00000000,0,3,0,0,False,0,0.00000000,0,3,3,3,34800.00000000,31320.00000000,32320.00000000,39434.85000000,28471.36500000,30720.00000000,59191.36500000,66211.36500000,36.99460313,152.52083333,0.00000000
test_2023_plus,holdout,2023-01-01,2026-07-13 21:30:41,4,4,round_robin,0.90000000,1000.00000000,1,6932,27728,20284,20284,0.73153491,0.73153491,0.73153491,33978.51000000,1553686.00000000,98979.79999997,4,800.00000000,1800.00000000,800.00000000,0,4,0,0,False,0,0.00000000,0,4,4,4,46400.00000000,41760.00000000,42760.00000000,52579.80000000,37961.82000000,40960.00000000,78921.82000000,88281.82000000,43.84545556,152.52083333,0.00000000
test_2023_plus,holdout,2023-01-01,2026-07-13 21:30:41,4,4,least_trades,0.90000000,1000.00000000,1,6932,27728,20284,20284,0.73153491,0.73153491,0.73153491,33978.51000000,1553686.00000000,98979.79999997,4,800.00000000,1800.00000000,800.00000000,0,4,0,0,False,0,0.00000000,0,4,4,4,46400.00000000,41760.00000000,42760.00000000,52579.80000000,37961.82000000,40960.00000000,78921.82000000,88281.82000000,43.84545556,152.52083333,0.00000000
test_2023_plus,holdout,2023-01-01,2026-07-13 21:30:41,4,4,max_headroom,0.90000000,1000.00000000,1,6932,27728,20284,20284,0.73153491,0.73153491,0.73153491,33978.51000000,1553686.00000000,98979.79999997,4,800.00000000,1800.00000000,800.00000000,0,4,0,0,False,0,0.00000000,0,4,4,4,46400.00000000,41760.00000000,42760.00000000,52579.80000000,37961.82000000,40960.00000000,78921.82000000,88281.82000000,43.84545556,152.52083333,0.00000000
test_2023_plus,holdout,2023-01-01,2026-07-13 21:30:41,4,4,min_headroom,0.90000000,1000.00000000,1,6932,27728,20284,20284,0.73153491,0.73153491,0.73153491,33978.51000000,1553686.00000000,98979.79999997,4,800.00000000,1800.00000000,800.00000000,0,4,0,0,False,0,0.00000000,0,4,4,4,46400.00000000,41760.00000000,42760.00000000,52579.80000000,37961.82000000,40960.00000000,78921.82000000,88281.82000000,43.84545556,152.52083333,0.00000000
test_2023_plus,holdout,2023-01-01,2026-07-13 21:30:41,4,4,protect_frozen,0.90000000,1000.00000000,1,6932,27728,20284,20284,0.73153491,0.73153491,0.73153491,33978.51000000,1553686.00000000,98979.79999997,4,800.00000000,1800.00000000,800.00000000,0,4,0,0,False,0,0.00000000,0,4,4,4,46400.00000000,41760.00000000,42760.00000000,52579.80000000,37961.82000000,40960.00000000,78921.82000000,88281.82000000,43.84545556,152.52083333,0.00000000
test_2023_plus,holdout,2023-01-01,2026-07-13 21:30:41,4,4,stable_hash,0.90000000,1000.00000000,1,6932,27728,20284,20284,0.73153491,0.73153491,0.73153491,33978.51000000,1553686.00000000,98979.79999997,4,800.00000000,1800.00000000,800.00000000,0,4,0,0,False,0,0.00000000,0,4,4,4,46400.00000000,41760.00000000,42760.00000000,52579.80000000,37961.82000000,40960.00000000,78921.82000000,88281.82000000,43.84545556,152.52083333,0.00000000
test_2023_plus,holdout,2023-01-01,2026-07-13 21:30:41,5,4,round_robin,0.90000000,1000.00000000,1,6932,27728,21843,21843,0.78775967,0.95643393,0.73153491,36053.92638889,1649825.00000000,100721.84999997,5,1000.00000000,2000.00000000,1000.00000000,0,5,0,0,False,0,0.00000000,0,5,5,5,46600.00000000,41940.00000000,42940.00000000,54121.85000000,37009.66500000,40940.00000000,77949.66500000,89649.66500000,38.97483250,79.58333333,10.98362417
test_2023_plus,holdout,2023-01-01,2026-07-13 21:30:41,5,4,least_trades,0.90000000,1000.00000000,1,6932,27728,21843,21843,0.78775967,0.95643393,0.73153491,36053.92638889,1649825.00000000,100721.84999997,5,1000.00000000,2000.00000000,1000.00000000,0,5,0,0,False,0,0.00000000,0,5,5,5,47600.00000000,42840.00000000,43840.00000000,53121.85000000,36109.66500000,41840.00000000,77949.66500000,89649.66500000,38.97483250,81.66666667,0.48989795
test_2023_plus,holdout,2023-01-01,2026-07-13 21:30:41,5,4,max_headroom,0.90000000,1000.00000000,1,6932,27728,21843,21843,0.78775967,0.95643393,0.73153491,36053.92638889,1649825.00000000,100721.84999997,5,1000.00000000,2000.00000000,1000.00000000,0,5,0,0,False,0,0.00000000,0,5,5,5,47400.00000000,42660.00000000,43660.00000000,53321.85000000,37637.68500000,41660.00000000,79297.68500000,89649.66500000,39.64884250,102.87500000,1261.98456409
test_2023_plus,holdout,2023-01-01,2026-07-13 21:30:41,5,4,min_headroom,0.90000000,1000.00000000,1,6932,27728,21843,21843,0.78775967,0.95643393,0.73153491,36053.92638889,1649825.00000000,100721.84999997,5,1000.00000000,2000.00000000,1000.00000000,0,5,0,0,False,0,0.00000000,0,5,5,5,46200.00000000,41580.00000000,42580.00000000,54521.85000000,37369.66500000,40580.00000000,77949.66500000,89649.66500000,38.97483250,176.70833333,155.01432192
test_2023_plus,holdout,2023-01-01,2026-07-13 21:30:41,5,4,protect_frozen,0.90000000,1000.00000000,1,6932,27728,21843,21843,0.78775967,0.95643393,0.73153491,36053.92638889,1649825.00000000,100721.84999997,5,1000.00000000,2000.00000000,1000.00000000,0,5,0,0,False,0,0.00000000,0,5,5,5,47800.00000000,43020.00000000,44020.00000000,52921.85000000,35929.66500000,42020.00000000,77949.66500000,89649.66500000,38.97483250,89.70833333,0.48989795
test_2023_plus,holdout,2023-01-01,2026-07-13 21:30:41,5,4,stable_hash,0.90000000,1000.00000000,1,6932,27728,21843,21843,0.78775967,0.95643393,0.73153491,36053.92638889,1649825.00000000,100721.84999997,5,1000.00000000,2000.00000000,1000.00000000,0,5,0,0,False,0,0.00000000,0,5,5,5,47200.00000000,42480.00000000,43480.00000000,53521.85000000,36469.66500000,41480.00000000,77949.66500000,89649.66500000,38.97483250,96.50000000,23.52530552
test_2023_plus,holdout,2023-01-01,2026-07-13 21:30:41,6,4,round_robin,0.90000000,1000.00000000,1,6932,27728,23402,23402,0.84398442,0.95643393,0.73153491,38129.34277778,1745964.00000000,102463.89999997,6,1200.00000000,2200.00000000,1600.00000000,2,8,2,0,False,2,0.33333333,0,4,6,6,47200.00000000,42480.00000000,43080.00000000,55192.60000000,35633.34000000,40880.00000000,76513.34000000,90553.34000000,34.77879091,88.97916667,435.13395128
test_2023_plus,holdout,2023-01-01,2026-07-13 21:30:41,6,4,least_trades,0.90000000,1000.00000000,1,6932,27728,23402,23402,0.84398442,0.95643393,0.73153491,38129.34277778,1745964.00000000,102463.89999997,6,1200.00000000,2200.00000000,1200.00000000,0,6,0,0,False,0,0.00000000,0,6,6,6,47600.00000000,42840.00000000,43840.00000000,54863.90000000,35337.51000000,41640.00000000,76977.51000000,91017.51000000,34.98977727,220.85416667,0.47140452
test_2023_plus,holdout,2023-01-01,2026-07-13 21:30:41,6,4,max_headroom,0.90000000,1000.00000000,1,6932,27728,23402,23402,0.84398442,0.95643393,0.73153491,38129.34277778,1745964.00000000,102463.89999997,6,1200.00000000,2200.00000000,1200.00000000,0,6,0,0,False,0,0.00000000,0,6,6,6,48000.00000000,43200.00000000,44200.00000000,54463.90000000,37614.78000000,42000.00000000,79614.78000000,91017.51000000,36.18853636,152.52083333,1518.41591433
test_2023_plus,holdout,2023-01-01,2026-07-13 21:30:41,6,4,min_headroom,0.90000000,1000.00000000,1,6932,27728,23402,23402,0.84398442,0.95643393,0.73153491,38129.34277778,1745964.00000000,102463.89999997,6,1200.00000000,2200.00000000,1200.00000000,0,6,0,0,False,0,0.00000000,0,6,6,6,46000.00000000,41400.00000000,42400.00000000,56463.90000000,36777.51000000,40200.00000000,76977.51000000,91017.51000000,34.98977727,225.43750000,225.75847468
test_2023_plus,holdout,2023-01-01,2026-07-13 21:30:41,6,4,protect_frozen,0.90000000,1000.00000000,1,6932,27728,23402,23402,0.84398442,0.95643393,0.73153491,38129.34277778,1745964.00000000,102463.89999997,6,1200.00000000,2200.00000000,1200.00000000,0,6,0,0,False,0,0.00000000,0,6,6,6,47600.00000000,42840.00000000,43840.00000000,54863.90000000,35337.51000000,41640.00000000,76977.51000000,91017.51000000,34.98977727,176.70833333,0.47140452
test_2023_plus,holdout,2023-01-01,2026-07-13 21:30:41,6,4,stable_hash,0.90000000,1000.00000000,1,6932,27728,23402,23402,0.84398442,0.95643393,0.73153491,38129.34277778,1745964.00000000,102463.89999997,6,1200.00000000,2200.00000000,1200.00000000,0,6,0,0,False,0,0.00000000,0,6,6,6,48600.00000000,43740.00000000,44740.00000000,53863.90000000,34437.51000000,42540.00000000,76977.51000000,91017.51000000,34.98977727,92.91666667,18.40893503
test_2023_plus,holdout,2023-01-01,2026-07-13 21:30:41,8,4,round_robin,0.90000000,1000.00000000,1,6932,27728,26520,26520,0.95643393,0.95643393,0.95643393,42280.17555556,1938242.00000000,105947.99999996,8,1600.00000000,2600.00000000,1600.00000000,0,8,0,0,False,0,0.00000000,0,8,8,8,51200.00000000,46080.00000000,47080.00000000,54748.00000000,30553.20000000,44480.00000000,75033.20000000,93753.20000000,28.85892308,283.75000000,9.00000000
test_2023_plus,holdout,2023-01-01,2026-07-13 21:30:41,8,4,least_trades,0.90000000,1000.00000000,1,6932,27728,26519,26519,0.95639786,0.95643393,0.95628967,42279.80333333,1938228.50000000,105928.54999996,8,1600.00000000,2600.00000000,2400.00000000,4,12,4,0,False,4,0.50000000,0,4,8,8,51600.00000000,46440.00000000,46640.00000000,54115.75000000,29984.17500000,44040.00000000,74024.17500000,92744.17500000,28.47083654,239.83333333,0.33071891
test_2023_plus,holdout,2023-01-01,2026-07-13 21:30:41,8,4,max_headroom,0.90000000,1000.00000000,1,6932,27728,26520,26520,0.95643393,0.95643393,0.95643393,42280.17555556,1938242.00000000,105947.99999996,8,1600.00000000,2600.00000000,1600.00000000,0,8,0,0,False,0,0.00000000,0,8,8,8,49600.00000000,44640.00000000,45640.00000000,56348.00000000,36365.22000000,43040.00000000,79405.22000000,93753.20000000,30.54046923,239.97916667,1546.00000000
test_2023_plus,holdout,2023-01-01,2026-07-13 21:30:41,8,4,min_headroom,0.90000000,1000.00000000,1,6932,27728,26520,26520,0.95643393,0.95643393,0.95643393,42280.17555556,1938242.00000000,105947.99999996,8,1600.00000000,2600.00000000,1600.00000000,0,8,0,0,False,0,0.00000000,0,8,8,8,44800.00000000,40320.00000000,41320.00000000,61148.00000000,36313.20000000,38720.00000000,75033.20000000,93753.20000000,28.85892308,253.85416667,469.00000000
test_2023_plus,holdout,2023-01-01,2026-07-13 21:30:41,8,4,protect_frozen,0.90000000,1000.00000000,1,6932,27728,26520,26520,0.95643393,0.95643393,0.95643393,42280.17555556,1938242.00000000,105947.99999996,8,1600.00000000,2600.00000000,1600.00000000,0,8,0,0,False,0,0.00000000,0,8,8,8,51200.00000000,46080.00000000,47080.00000000,54748.00000000,30553.20000000,44480.00000000,75033.20000000,93753.20000000,28.85892308,376.68750000,0.00000000
test_2023_plus,holdout,2023-01-01,2026-07-13 21:30:41,8,4,stable_hash,0.90000000,1000.00000000,1,6932,27728,26520,26520,0.95643393,0.95643393,0.95643393,42280.17555556,1938242.00000000,105947.99999996,8,1600.00000000,2600.00000000,1600.00000000,0,8,0,0,False,0,0.00000000,0,8,8,8,49800.00000000,44820.00000000,45820.00000000,56148.00000000,31813.20000000,43220.00000000,75033.20000000,93753.20000000,28.85892308,106.37500000,25.17935662
test_2023_plus,holdout,2023-01-01,2026-07-13 21:30:41,10,4,round_robin,0.90000000,1000.00000000,1,6932,27728,27054,27054,0.97569244,0.99495095,0.95643393,42834.73111111,1966539.00000000,105591.29999996,10,2000.00000000,3000.00000000,2400.00000000,2,12,2,0,False,2,0.20000000,0,8,10,10,48000.00000000,43200.00000000,43800.00000000,59031.60000000,31157.46000000,40800.00000000,71957.46000000,93928.44000000,23.98582000,221.70833333,255.08539747
test_2023_plus,holdout,2023-01-01,2026-07-13 21:30:41,10,4,least_trades,0.90000000,1000.00000000,1,6932,27728,27054,27054,0.97569244,0.99495095,0.95643393,42834.73111111,1966539.00000000,105591.29999996,10,2000.00000000,3000.00000000,3400.00000000,7,17,7,0,False,2,0.20000000,0,8,10,9,55600.00000000,50040.00000000,49640.00000000,51291.80000000,23799.55500000,46640.00000000,70439.55500000,92802.62000000,23.47985167,159.66666667,909.15831405
test_2023_plus,holdout,2023-01-01,2026-07-13 21:30:41,10,4,max_headroom,0.90000000,1000.00000000,1,6932,27728,27054,27054,0.97569244,0.99495095,0.95643393,42834.73111111,1966539.00000000,105591.29999996,10,2000.00000000,3000.00000000,2000.00000000,0,10,0,0,False,0,0.00000000,0,10,10,8,49200.00000000,44280.00000000,45280.00000000,56391.30000000,36409.05000000,42280.00000000,78689.05000000,93032.17000000,26.22968333,102.70833333,1606.77921321
test_2023_plus,holdout,2023-01-01,2026-07-13 21:30:41,10,4,min_headroom,0.90000000,1000.00000000,1,6932,27728,27054,27054,0.97569244,0.99495095,0.95643393,42834.73111111,1966539.00000000,105591.29999996,10,2000.00000000,3000.00000000,2800.00000000,4,14,4,0,False,4,0.40000000,0,6,10,10,53600.00000000,48240.00000000,48440.00000000,50800.40000000,22320.36000000,45440.00000000,67760.36000000,91160.36000000,22.58678667,435.33333333,972.10645508
test_2023_plus,holdout,2023-01-01,2026-07-13 21:30:41,10,4,protect_frozen,0.90000000,1000.00000000,1,6932,27728,27054,27054,0.97569244,0.99495095,0.95643393,42834.73111111,1966539.00000000,105591.29999996,10,2000.00000000,3000.00000000,2400.00000000,2,12,2,0,False,2,0.20000000,0,8,10,10,50800.00000000,45720.00000000,46320.00000000,54406.90000000,26021.07000000,43320.00000000,69341.07000000,92286.21000000,23.11369000,225.43750000,940.85012622
test_2023_plus,holdout,2023-01-01,2026-07-13 21:30:41,10,4,stable_hash,0.90000000,1000.00000000,1,6932,27728,27054,27054,0.97569244,0.99495095,0.95643393,42834.73111111,1966539.00000000,105591.29999996,10,2000.00000000,3000.00000000,2400.00000000,2,12,2,0,False,1,0.10000000,0,9,10,9,47600.00000000,42840.00000000,43440.00000000,57835.35000000,29285.50500000,40440.00000000,69725.50500000,92491.81500000,23.24183500,95.79166667,801.07852923
test_2023_plus,holdout,2023-01-01,2026-07-13 21:30:41,12,4,round_robin,0.90000000,1000.00000000,1,6932,27728,27588,27588,0.99495095,0.99495095,0.99495095,43389.28666667,1994836.00000000,105234.59999996,12,2400.00000000,3400.00000000,3400.00000000,5,17,5,0,False,4,0.33333333,0,8,12,11,48000.00000000,43200.00000000,43200.00000000,55671.90000000,23351.94000000,39800.00000000,63151.94000000,89904.71000000,18.57410000,233.22916667,765.50945273
test_2023_plus,holdout,2023-01-01,2026-07-13 21:30:41,12,4,least_trades,0.90000000,1000.00000000,1,6932,27728,27588,27588,0.99495095,0.99495095,0.99495095,43389.28666667,1994836.00000000,105234.59999996,12,2400.00000000,3400.00000000,2400.00000000,0,12,0,0,False,0,0.00000000,0,12,12,12,49600.00000000,44640.00000000,45640.00000000,55634.60000000,21991.14000000,42240.00000000,64231.14000000,92311.14000000,18.89151176,246.47916667,0.00000000
test_2023_plus,holdout,2023-01-01,2026-07-13 21:30:41,12,4,max_headroom,0.90000000,1000.00000000,1,6932,27728,27588,27588,0.99495095,0.99495095,0.99495095,43389.28666667,1994836.00000000,105234.59999996,12,2400.00000000,3400.00000000,2400.00000000,0,12,0,0,False,0,0.00000000,0,12,12,8,48800.00000000,43920.00000000,44920.00000000,56434.60000000,37444.68000000,41520.00000000,78964.68000000,94034.46000000,23.22490588,164.97916667,1800.86553264
test_2023_plus,holdout,2023-01-01,2026-07-13 21:30:41,12,4,min_headroom,0.90000000,1000.00000000,1,6932,27728,27588,27588,0.99495095,0.99495095,0.99495095,43389.28666667,1994836.00000000,105234.59999996,12,2400.00000000,3400.00000000,3200.00000000,4,16,4,0,False,4,0.33333333,0,8,12,12,49800.00000000,44820.00000000,45020.00000000,55390.00000000,21771.00000000,41620.00000000,63391.00000000,91471.00000000,18.64441176,464.93750000,953.83445454
test_2023_plus,holdout,2023-01-01,2026-07-13 21:30:41,12,4,protect_frozen,0.90000000,1000.00000000,1,6932,27728,27588,27588,0.99495095,0.99495095,0.99495095,43389.28666667,1994836.00000000,105234.59999996,12,2400.00000000,3400.00000000,3200.00000000,4,16,4,0,False,4,0.33333333,0,8,12,12,53000.00000000,47700.00000000,47900.00000000,59350.00000000,25335.00000000,44500.00000000,69835.00000000,97915.00000000,20.53970588,239.64583333,0.00000000
test_2023_plus,holdout,2023-01-01,2026-07-13 21:30:41,12,4,stable_hash,0.90000000,1000.00000000,1,6932,27728,27588,27588,0.99495095,0.99495095,0.99495095,43389.28666667,1994836.00000000,105234.59999996,12,2400.00000000,3400.00000000,3800.00000000,7,19,7,0,False,1,0.08333333,0,11,12,9,51000.00000000,45900.00000000,45500.00000000,58902.90000000,32622.43500000,42100.00000000,74722.43500000,96264.97000000,21.97718676,117.95833333,983.44050263
test_2023_plus,holdout,2023-01-01,2026-07-13 21:30:41,15,4,round_robin,0.90000000,1000.00000000,1,6932,27728,27690,27690,0.99862954,0.99985574,0.99495095,43491.30333333,1999864.00000000,103825.49999995,15,3000.00000000,4000.00000000,4000.00000000,5,20,5,0,False,1,0.06666667,0,14,15,12,46600.00000000,41940.00000000,41940.00000000,58232.00000000,24384.69000000,37940.00000000,62324.69000000,90483.57500000,15.58117250,208.54166667,699.49531013
test_2023_plus,holdout,2023-01-01,2026-07-13 21:30:41,15,4,least_trades,0.90000000,1000.00000000,1,6932,27728,27690,27690,0.99862954,0.99985574,0.99495095,43491.30333333,1999864.00000000,103825.49999995,15,3000.00000000,4000.00000000,4600.00000000,8,23,8,0,False,1,0.06666667,0,14,15,14,52600.00000000,47340.00000000,46740.00000000,52050.45000000,16558.56000000,42740.00000000,59298.56000000,89585.40500000,14.82464000,348.77083333,559.90111825
test_2023_plus,holdout,2023-01-01,2026-07-13 21:30:41,15,4,max_headroom,0.90000000,1000.00000000,1,6932,27728,27690,27690,0.99862954,0.99985574,0.99495095,43491.30333333,1999864.00000000,103825.49999995,15,3000.00000000,4000.00000000,3000.00000000,0,15,0,0,False,0,0.00000000,0,15,15,10,48000.00000000,43200.00000000,44200.00000000,55825.50000000,34947.54000000,40200.00000000,75147.54000000,92582.38500000,18.78688500,102.52083333,1506.95525260
test_2023_plus,holdout,2023-01-01,2026-07-13 21:30:41,15,4,min_headroom,0.90000000,1000.00000000,1,6932,27728,27690,27690,0.99862954,0.99985574,0.99495095,43491.30333333,1999864.00000000,103825.49999995,15,3000.00000000,4000.00000000,5400.00000000,12,27,12,0,False,4,0.26666667,0,11,15,15,44200.00000000,39780.00000000,38380.00000000,63231.50000000,21808.35000000,34380.00000000,56188.35000000,91288.35000000,14.04708750,528.66666667,675.60892699
test_2023_plus,holdout,2023-01-01,2026-07-13 21:30:41,15,4,protect_frozen,0.90000000,1000.00000000,1,6932,27728,27690,27690,0.99862954,0.99985574,0.99495095,43491.30333333,1999864.00000000,103825.49999995,15,3000.00000000,4000.00000000,3200.00000000,1,16,1,0,False,1,0.06666667,0,14,15,15,46400.00000000,41760.00000000,42560.00000000,57332.15000000,17801.73000000,38560.00000000,56361.73000000,90158.93500000,14.09043250,491.56250000,386.13904232
test_2023_plus,holdout,2023-01-01,2026-07-13 21:30:41,15,4,stable_hash,0.90000000,1000.00000000,1,6932,27728,27690,27690,0.99862954,0.99985574,0.99495095,43491.30333333,1999864.00000000,103825.49999995,15,3000.00000000,4000.00000000,4600.00000000,8,23,8,0,False,1,0.06666667,0,14,15,13,50200.00000000,45180.00000000,44580.00000000,57649.80000000,22274.19000000,40580.00000000,62854.19000000,92980.16000000,15.71354750,162.91666667,750.74476799
test_2023_plus,holdout,2023-01-01,2026-07-13 21:30:41,20,4,round_robin,0.90000000,1000.00000000,1,6932,27728,27728,27728,1.00000000,1.00000000,1.00000000,43527.95333333,2001838.00000000,103217.59999995,20,4000.00000000,5000.00000000,4000.00000000,0,20,0,0,False,0,0.00000000,0,20,20,20,40000.00000000,36000.00000000,37000.00000000,63217.60000000,14017.14000000,32000.00000000,46017.14000000,88895.84000000,9.20342800,410.97916667,1.35646600
test_2023_plus,holdout,2023-01-01,2026-07-13 21:30:41,20,4,least_trades,0.90000000,1000.00000000,1,6932,27728,27728,27728,1.00000000,1.00000000,1.00000000,43527.95333333,2001838.00000000,103217.59999995,20,4000.00000000,5000.00000000,6000.00000000,10,30,10,0,False,4,0.20000000,0,16,20,18,44000.00000000,39600.00000000,38600.00000000,66994.00000000,19308.24000000,33600.00000000,52908.24000000,93894.60000000,10.58164800,243.66666667,313.37980152
test_2023_plus,holdout,2023-01-01,2026-07-13 21:30:41,20,4,max_headroom,0.90000000,1000.00000000,1,6932,27728,27728,27728,1.00000000,1.00000000,1.00000000,43527.95333333,2001838.00000000,103217.59999995,20,4000.00000000,5000.00000000,4000.00000000,0,20,0,0,False,0,0.00000000,0,20,20,8,46400.00000000,41760.00000000,42760.00000000,56817.60000000,34405.92000000,37760.00000000,72165.92000000,90319.28000000,14.43318400,401.22916667,1484.19858510
test_2023_plus,holdout,2023-01-01,2026-07-13 21:30:41,20,4,min_headroom,0.90000000,1000.00000000,1,6932,27728,27728,27728,1.00000000,1.00000000,1.00000000,43527.95333333,2001838.00000000,103217.59999995,20,4000.00000000,5000.00000000,7200.00000000,16,36,16,0,False,4,0.20000000,0,16,20,20,35000.00000000,31500.00000000,29300.00000000,74441.25000000,20592.76500000,24300.00000000,44892.76500000,91297.12500000,8.97855300,585.66666667,511.38184119
test_2023_plus,holdout,2023-01-01,2026-07-13 21:30:41,20,4,protect_frozen,0.90000000,1000.00000000,1,6932,27728,27728,27728,1.00000000,1.00000000,1.00000000,43527.95333333,2001838.00000000,103217.59999995,20,4000.00000000,5000.00000000,5600.00000000,8,28,8,0,False,4,0.20000000,0,16,20,16,38000.00000000,34200.00000000,33600.00000000,63787.95000000,16322.13000000,28600.00000000,44922.13000000,86009.15500000,8.98442600,528.66666667,469.42139651
test_2023_plus,holdout,2023-01-01,2026-07-13 21:30:41,20,4,stable_hash,0.90000000,1000.00000000,1,6932,27728,27728,27728,1.00000000,1.00000000,1.00000000,43527.95333333,2001838.00000000,103217.59999995,20,4000.00000000,5000.00000000,5400.00000000,7,27,7,0,False,1,0.05000000,0,19,20,17,42800.00000000,38520.00000000,38120.00000000,62001.85000000,16350.21000000,33120.00000000,49470.21000000,89780.26500000,9.89404200,233.60416667,510.50791130
test_2023_plus,holdout,2023-01-01,2026-07-13 21:30:41,20,6,round_robin,0.90000000,1000.00000000,1,6932,41592,41450,41450,0.99658588,0.99985574,0.99495095,65151.94111111,2995606.00000000,156912.50000013,20,4000.00000000,5000.00000000,4400.00000000,2,22,2,0,False,2,0.10000000,0,18,20,18,68400.00000000,61560.00000000,62160.00000000,88690.40000000,34319.97000000,57160.00000000,91479.97000000,136981.36000000,18.29599400,389.95833333,617.54582016
test_2023_plus,holdout,2023-01-01,2026-07-13 21:30:41,20,6,least_trades,0.90000000,1000.00000000,1,6932,41592,41450,41450,0.99658588,0.99985574,0.99495095,65151.94111111,2995606.00000000,156912.50000013,20,4000.00000000,5000.00000000,4000.00000000,0,20,0,0,False,0,0.00000000,0,20,20,20,69600.00000000,62640.00000000,63640.00000000,87312.50000000,31890.42000000,58640.00000000,90530.42000000,137221.25000000,18.10608400,253.85416667,0.50000000
test_2023_plus,holdout,2023-01-01,2026-07-13 21:30:41,20,6,max_headroom,0.90000000,1000.00000000,1,6932,41592,41450,41450,0.99658588,0.99985574,0.99495095,65151.94111111,2995606.00000000,156912.50000013,20,4000.00000000,5000.00000000,4000.00000000,0,20,0,0,False,0,0.00000000,0,20,20,14,72000.00000000,64800.00000000,65800.00000000,84912.50000000,51939.27000001,60800.00000000,112739.27000001,138231.14000000,22.54785400,152.52083333,1503.74101826
test_2023_plus,holdout,2023-01-01,2026-07-13 21:30:41,20,6,min_headroom,0.90000000,1000.00000000,1,6932,41592,41450,41450,0.99658588,0.99985574,0.99495095,65151.94111111,2995606.00000000,156912.50000013,20,4000.00000000,5000.00000000,5200.00000000,6,26,6,0,False,6,0.30000000,1,14,20,20,69400.00000000,62460.00000000,62260.00000000,87007.20000000,31506.48000000,57260.00000000,88766.48000000,135566.48000000,17.75329600,519.95833333,765.51711934
test_2023_plus,holdout,2023-01-01,2026-07-13 21:30:41,20,6,protect_frozen,0.90000000,1000.00000000,1,6932,41592,41450,41450,0.99658588,0.99985574,0.99495095,65151.94111111,2995606.00000000,156912.50000013,20,4000.00000000,5000.00000000,5800.00000000,9,29,9,0,False,2,0.10000000,0,18,20,20,72600.00000000,65340.00000000,64540.00000000,93362.00000000,40080.46500000,59540.00000000,99620.46500000,143565.80000000,19.92409300,359.70833333,313.61138372
test_2023_plus,holdout,2023-01-01,2026-07-13 21:30:41,20,6,stable_hash,0.90000000,1000.00000000,1,6932,41592,41450,41450,0.99658588,0.99985574,0.99495095,65151.94111111,2995606.00000000,156912.50000013,20,4000.00000000,5000.00000000,5000.00000000,5,25,5,0,False,1,0.05000000,0,19,20,18,73000.00000000,65700.00000000,65700.00000000,86006.20000000,34411.63500000,60700.00000000,95111.63500000,138331.30000000,19.02232700,116.77083333,616.64111118
test_2023_plus,holdout,2023-01-01,2026-07-13 21:30:41,24,6,round_robin,0.90000000,1000.00000000,1,6932,41592,41586,41586,0.99985574,0.99985574,0.99985574,65287.96333333,3002310.00000000,155033.70000012,24,4800.00000000,5800.00000000,6800.00000000,10,34,10,0,False,6,0.25000000,1,18,24,20,71800.00000000,64620.00000000,63620.00000000,81764.80000000,33560.32500000,57820.00000000,91380.32500000,131917.13500000,15.75522845,400.43750000,658.48771924
test_2023_plus,holdout,2023-01-01,2026-07-13 21:30:41,24,6,least_trades,0.90000000,1000.00000000,1,6932,41592,41586,41586,0.99985574,0.99985574,0.99985574,65287.96333333,3002310.00000000,155033.70000012,24,4800.00000000,5800.00000000,6000.00000000,6,30,6,0,False,6,0.25000000,1,18,24,24,77200.00000000,69480.00000000,69280.00000000,77647.40000000,14389.56000000,63480.00000000,77869.56000000,133362.66000000,13.42578621,397.81250000,512.78374259
test_2023_plus,holdout,2023-01-01,2026-07-13 21:30:41,24,6,max_headroom,0.90000000,1000.00000000,1,6932,41592,41586,41586,0.99985574,0.99985574,0.99985574,65287.96333333,3002310.00000000,155033.70000012,24,4800.00000000,5800.00000000,4800.00000000,0,24,0,0,False,0,0.00000000,0,24,24,12,72000.00000000,64800.00000000,65800.00000000,83033.70000001,56999.43000001,60000.00000000,116999.43000001,139744.23000001,20.17231552,162.87500000,1789.91904496
test_2023_plus,holdout,2023-01-01,2026-07-13 21:30:41,24,6,min_headroom,0.90000000,1000.00000000,1,6932,41592,41586,41586,0.99985574,0.99985574,0.99985574,65287.96333333,3002310.00000000,155033.70000012,24,4800.00000000,5800.00000000,8400.00000000,18,42,18,0,False,6,0.25000000,3,18,24,24,64000.00000000,57600.00000000,55000.00000000,97496.55000000,31586.89500000,49200.00000000,80786.89500000,136946.89500000,13.92877500,548.85416667,569.91249176
test_2023_plus,holdout,2023-01-01,2026-07-13 21:30:41,24,6,protect_frozen,0.90000000,1000.00000000,1,6932,41592,41586,41586,0.99985574,0.99985574,0.99985574,65287.96333333,3002310.00000000,155033.70000012,24,4800.00000000,5800.00000000,6000.00000000,6,30,6,0,False,6,0.25000000,1,18,24,18,67800.00000000,61020.00000000,60820.00000000,86973.00000000,30638.52000000,55020.00000000,85658.52000000,133295.70000000,14.76871034,446.79166667,714.56770148
test_2023_plus,holdout,2023-01-01,2026-07-13 21:30:41,24,6,stable_hash,0.90000000,1000.00000000,1,6932,41592,41586,41586,0.99985574,0.99985574,0.99985574,65287.96333333,3002310.00000000,155033.70000012,24,4800.00000000,5800.00000000,7000.00000000,11,35,11,0,False,1,0.04166667,0,23,24,19,69600.00000000,62640.00000000,61440.00000000,86751.45000000,31578.61500000,55640.00000000,87218.61500000,133763.82500000,15.03769224,145.83333333,683.18587713
test_2023_plus,holdout,2023-01-01,2026-07-13 21:30:41,25,6,round_robin,0.90000000,1000.00000000,1,6932,41592,41587,41587,0.99987978,1.00000000,0.99985574,65288.62444444,3002384.50000000,154999.15000012,25,5000.00000000,6000.00000000,7400.00000000,12,37,12,0,False,1,0.04000000,0,24,25,21,73600.00000000,66240.00000000,64840.00000000,88546.85000000,34477.96500000,58840.00000000,93317.96500000,139624.18000000,15.55299417,234.16666667,628.15835710
test_2023_plus,holdout,2023-01-01,2026-07-13 21:30:41,25,6,least_trades,0.90000000,1000.00000000,1,6932,41592,41587,41587,0.99987978,1.00000000,0.99985574,65288.62444444,3002384.50000000,154999.15000012,25,5000.00000000,6000.00000000,5800.00000000,4,29,4,0,False,1,0.04000000,0,24,25,25,67800.00000000,61020.00000000,61220.00000000,87177.40000000,25124.80500000,55220.00000000,80344.80500000,133679.66000000,13.39080083,352.97916667,372.63811077
test_2023_plus,holdout,2023-01-01,2026-07-13 21:30:41,25,6,max_headroom,0.90000000,1000.00000000,1,6932,41592,41587,41587,0.99987978,1.00000000,0.99985574,65288.62444444,3002384.50000000,154999.15000012,25,5000.00000000,6000.00000000,5000.00000000,0,25,0,0,False,0,0.00000000,0,25,25,15,72600.00000000,65340.00000000,66340.00000000,82399.15000001,53019.94500001,60340.00000000,113359.94500001,139227.43000000,18.89332417,239.83333333,1514.87428178
test_2023_plus,holdout,2023-01-01,2026-07-13 21:30:41,25,6,min_headroom,0.90000000,1000.00000000,1,6932,41592,41587,41587,0.99987978,1.00000000,0.99985574,65288.62444444,3002384.50000000,154999.15000012,25,5000.00000000,6000.00000000,8600.00000000,18,43,18,0,False,6,0.24000000,2,19,25,25,63400.00000000,57060.00000000,54460.00000000,101545.10000000,32890.59000000,48460.00000000,81350.59000000,139850.59000000,13.55843167,577.64583333,582.88325555
test_2023_plus,holdout,2023-01-01,2026-07-13 21:30:41,25,6,protect_frozen,0.90000000,1000.00000000,1,6932,41592,41587,41587,0.99987978,1.00000000,0.99985574,65288.62444444,3002384.50000000,154999.15000012,25,5000.00000000,6000.00000000,8800.00000000,19,44,19,0,False,2,0.08000000,0,23,25,24,74600.00000000,67140.00000000,64340.00000000,92367.80000000,31243.50000000,58340.00000000,89583.50000000,141471.02000000,14.93058333,519.95833333,412.96185587
test_2023_plus,holdout,2023-01-01,2026-07-13 21:30:41,25,6,stable_hash,0.90000000,1000.00000000,1,6932,41592,41587,41587,0.99987978,1.00000000,0.99985574,65288.62444444,3002384.50000000,154999.15000012,25,5000.00000000,6000.00000000,7800.00000000,14,39,14,0,False,1,0.04000000,0,24,25,21,70000.00000000,63000.00000000,61200.00000000,91895.05000000,33280.11000000,55200.00000000,88480.11000000,138697.05000000,14.74668500,144.54166667,634.00130473
test_2023_plus,holdout,2023-01-01,2026-07-13 21:30:41,30,6,round_robin,0.90000000,1000.00000000,1,6932,41592,41592,41592,1.00000000,1.00000000,1.00000000,65291.93000000,3002757.00000000,154826.40000012,30,6000.00000000,7000.00000000,6000.00000000,0,30,0,0,False,0,0.00000000,0,30,30,30,60000.00000000,54000.00000000,55000.00000000,94826.40000000,21025.71000000,48000.00000000,69025.71000000,133343.76000000,9.86081571,410.97916667,1.35646600
test_2023_plus,holdout,2023-01-01,2026-07-13 21:30:41,30,6,least_trades,0.90000000,1000.00000000,1,6932,41592,41592,41592,1.00000000,1.00000000,1.00000000,65291.93000000,3002757.00000000,154826.40000012,30,6000.00000000,7000.00000000,10200.00000000,21,51,21,0,False,6,0.20000000,1,24,30,28,74600.00000000,67140.00000000,63940.00000000,92877.55000000,25994.29500000,56940.00000000,82934.29500000,140529.79500000,11.84775643,243.66666667,339.60000818
test_2023_plus,holdout,2023-01-01,2026-07-13 21:30:41,30,6,max_headroom,0.90000000,1000.00000000,1,6932,41592,41592,41592,1.00000000,1.00000000,1.00000000,65291.93000000,3002757.00000000,154826.40000012,30,6000.00000000,7000.00000000,6000.00000000,0,30,0,0,False,0,0.00000000,0,30,30,12,69600.00000000,62640.00000000,63640.00000000,85226.40000001,51608.88000001,56640.00000000,108248.88000001,135478.92000000,15.46412571,401.22916667,1484.19858510
test_2023_plus,holdout,2023-01-01,2026-07-13 21:30:41,30,6,min_headroom,0.90000000,1000.00000000,1,6932,41592,41592,41592,1.00000000,1.00000000,1.00000000,65291.93000000,3002757.00000000,154826.40000012,30,6000.00000000,7000.00000000,10800.00000000,24,54,24,0,False,6,0.20000000,4,24,30,30,52000.00000000,46800.00000000,43000.00000000,112653.85000000,31818.28500000,36000.00000000,67818.28500000,137388.46500000,9.68832643,585.66666667,521.08397809
test_2023_plus,holdout,2023-01-01,2026-07-13 21:30:41,30,6,protect_frozen,0.90000000,1000.00000000,1,6932,41592,41592,41592,1.00000000,1.00000000,1.00000000,65291.93000000,3002757.00000000,154826.40000012,30,6000.00000000,7000.00000000,8400.00000000,12,42,12,0,False,6,0.20000000,1,24,30,24,56800.00000000,51120.00000000,49720.00000000,95849.35000000,23270.85000000,42720.00000000,65990.85000000,128984.41500000,9.42726429,528.66666667,467.96854239
test_2023_plus,holdout,2023-01-01,2026-07-13 21:30:41,30,6,stable_hash,0.90000000,1000.00000000,1,6932,41592,41592,41592,1.00000000,1.00000000,1.00000000,65291.93000000,3002757.00000000,154826.40000012,30,6000.00000000,7000.00000000,9000.00000000,15,45,15,0,False,1,0.03333333,0,29,30,24,66400.00000000,59760.00000000,57760.00000000,94383.10000000,29558.52000000,50760.00000000,80318.52000000,136669.27500000,11.47407429,166.47916667,549.20006069
test_2023_plus,holdout,2023-01-01,2026-07-13 21:30:41,35,6,round_robin,0.90000000,1000.00000000,1,6932,41592,41592,41592,1.00000000,1.00000000,1.00000000,65291.93000000,3002757.00000000,154826.40000012,30,7000.00000000,8000.00000000,11000.00000000,20,55,20,0,False,2,0.05714286,0,33,35,23,63200.00000000,56880.00000000,53880.00000000,89020.20000000,28130.35500000,45880.00000000,74010.35500000,127032.86500000,9.25129437,409.95833333,514.15757451
test_2023_plus,holdout,2023-01-01,2026-07-13 21:30:41,35,6,least_trades,0.90000000,1000.00000000,1,6932,41592,41592,41592,1.00000000,1.00000000,1.00000000,65291.93000000,3002757.00000000,154826.40000012,30,7000.00000000,8000.00000000,11800.00000000,24,59,24,0,False,4,0.11428571,0,31,35,33,65800.00000000,59220.00000000,55420.00000000,107439.15000000,26067.87000000,47420.00000000,73487.87000000,144115.23500000,9.18598375,376.18750000,267.80914008
test_2023_plus,holdout,2023-01-01,2026-07-13 21:30:41,35,6,max_headroom,0.90000000,1000.00000000,1,6932,41592,41592,41592,1.00000000,1.00000000,1.00000000,65291.93000000,3002757.00000000,154826.40000012,30,7000.00000000,8000.00000000,7000.00000000,0,35,0,0,False,0,0.00000000,0,35,35,13,70800.00000000,63720.00000000,64720.00000000,84026.40000000,50960.52000001,56720.00000000,107680.52000001,140148.42500000,13.46006500,152.52083333,1406.97962099
test_2023_plus,holdout,2023-01-01,2026-07-13 21:30:41,35,6,min_headroom,0.90000000,1000.00000000,1,6932,41592,41592,41592,1.00000000,1.00000000,1.00000000,65291.93000000,3002757.00000000,154826.40000012,30,7000.00000000,8000.00000000,11800.00000000,24,59,24,0,False,6,0.17142857,4,29,35,35,46000.00000000,41400.00000000,37600.00000000,123189.45000000,30808.30500000,29600.00000000,60408.30500000,140470.50500000,7.55103812,680.95833333,446.28266324
test_2023_plus,holdout,2023-01-01,2026-07-13 21:30:41,35,6,protect_frozen,0.90000000,1000.00000000,1,6932,41592,41592,41592,1.00000000,1.00000000,1.00000000,65291.93000000,3002757.00000000,154826.40000012,30,7000.00000000,8000.00000000,10800.00000000,19,54,19,0,False,2,0.05714286,0,33,35,33,69000.00000000,62100.00000000,59300.00000000,107673.80000000,26296.15500000,51300.00000000,77596.15500000,148206.42000000,9.69951937,585.66666667,282.67060805
test_2023_plus,holdout,2023-01-01,2026-07-13 21:30:41,35,6,stable_hash,0.90000000,1000.00000000,1,6932,41592,41592,41592,1.00000000,1.00000000,1.00000000,65291.93000000,3002757.00000000,154826.40000012,30,7000.00000000,8000.00000000,10200.00000000,16,51,16,0,False,2,0.05714286,0,33,35,25,62600.00000000,56340.00000000,54140.00000000,98909.40000000,29651.62500000,46140.00000000,75791.62500000,136817.88000000,9.47395312,150.70833333,490.21271185
test_2023_plus,holdout,2023-01-01,2026-07-13 21:30:41,40,6,round_robin,0.90000000,1000.00000000,1,6932,41592,41592,41592,1.00000000,1.00000000,1.00000000,65291.93000000,3002757.00000000,154826.40000012,30,8000.00000000,9000.00000000,13200.00000000,26,66,26,0,False,4,0.10000000,0,36,40,25,67800.00000000,61020.00000000,56820.00000000,105265.75000000,37226.74500000,47820.00000000,85046.74500000,149031.07500000,9.44963833,165.87500000,470.57989160
test_2023_plus,holdout,2023-01-01,2026-07-13 21:30:41,40,6,least_trades,0.90000000,1000.00000000,1,6932,41592,41592,41592,1.00000000,1.00000000,1.00000000,65291.93000000,3002757.00000000,154826.40000012,30,8000.00000000,9000.00000000,11000.00000000,15,55,15,0,False,2,0.05000000,0,38,40,35,62600.00000000,56340.00000000,54340.00000000,100432.05000000,24034.23000000,45340.00000000,69374.23000000,136366.45000000,7.70824778,366.79166667,210.49275374
test_2023_plus,holdout,2023-01-01,2026-07-13 21:30:41,40,6,max_headroom,0.90000000,1000.00000000,1,6932,41592,41592,41592,1.00000000,1.00000000,1.00000000,65291.93000000,3002757.00000000,154826.40000012,30,8000.00000000,9000.00000000,8000.00000000,0,40,0,0,False,0,0.00000000,0,40,40,18,70000.00000000,63000.00000000,64000.00000000,84826.40000001,52411.59000001,55000.00000000,107411.59000001,142006.78000000,11.93462111,162.87500000,1334.96998468
test_2023_plus,holdout,2023-01-01,2026-07-13 21:30:41,40,6,min_headroom,0.90000000,1000.00000000,1,6932,41592,41592,41592,1.00000000,1.00000000,1.00000000,65291.93000000,3002757.00000000,154826.40000012,30,8000.00000000,9000.00000000,12800.00000000,24,64,24,0,False,6,0.15000000,2,34,40,40,36200.00000000,32580.00000000,28780.00000000,132794.05000000,28841.35500000,19780.00000000,48621.35500000,139294.64500000,5.40237278,751.47916667,415.71934568
test_2023_plus,holdout,2023-01-01,2026-07-13 21:30:41,40,6,protect_frozen,0.90000000,1000.00000000,1,6932,41592,41592,41592,1.00000000,1.00000000,1.00000000,65291.93000000,3002757.00000000,154826.40000012,30,8000.00000000,9000.00000000,11800.00000000,19,59,19,0,False,2,0.05000000,0,38,40,40,55800.00000000,50220.00000000,47420.00000000,114816.40000000,18677.61000000,38420.00000000,57097.61000000,141754.76000000,6.34417889,688.87500000,147.20036515
test_2023_plus,holdout,2023-01-01,2026-07-13 21:30:41,40,6,stable_hash,0.90000000,1000.00000000,1,6932,41592,41592,41592,1.00000000,1.00000000,1.00000000,65291.93000000,3002757.00000000,154826.40000012,30,8000.00000000,9000.00000000,11400.00000000,17,57,17,0,False,2,0.05000000,0,38,40,32,59800.00000000,53820.00000000,51420.00000000,103141.65000000,23619.73500000,42420.00000000,66039.73500000,136444.48500000,7.33774833,225.43750000,386.48796149
test_2023_plus,holdout,2023-01-01,2026-07-13 21:30:41,25,8,round_robin,0.90000000,1000.00000000,1,6932,55456,55210,55210,0.99556405,0.99985574,0.99495095,86812.57888889,3991348.00000000,209999.50000025,25,5000.00000000,6000.00000000,7400.00000000,12,37,12,0,False,2,0.08000000,0,23,25,23,94800.00000000,85320.00000000,83920.00000000,117822.65000000,50535.00000000,77920.00000000,128455.00000000,183960.38500000,21.40916667,99.83333333,817.26832411
test_2023_plus,holdout,2023-01-01,2026-07-13 21:30:41,25,8,least_trades,0.90000000,1000.00000000,1,6932,55456,55210,55210,0.99556405,0.99985574,0.99495095,86812.57888889,3991348.00000000,209999.50000025,25,5000.00000000,6000.00000000,8600.00000000,18,43,18,0,False,1,0.04000000,0,24,25,24,111200.00000000,100080.00000000,97480.00000000,111323.80000000,43756.15500000,91480.00000000,135236.15500000,191671.42000000,22.53935917,239.64583333,750.48398677
test_2023_plus,holdout,2023-01-01,2026-07-13 21:30:41,25,8,max_headroom,0.90000000,1000.00000000,1,6932,55456,55210,55210,0.99556405,0.99985574,0.99495095,86812.57888889,3991348.00000000,209999.50000025,25,5000.00000000,6000.00000000,5000.00000000,0,25,0,0,False,0,0.00000000,0,25,25,16,98200.00000000,88380.00000000,89380.00000000,111799.50000001,72549.31500001,83380.00000000,155929.31500001,186116.39500001,25.98821917,102.41666667,1663.35035395
test_2023_plus,holdout,2023-01-01,2026-07-13 21:30:41,25,8,min_headroom,0.90000000,1000.00000000,1,6932,55456,55210,55210,0.99556405,0.99985574,0.99495095,86812.57888889,3991348.00000000,209999.50000025,25,5000.00000000,6000.00000000,6600.00000000,8,33,8,0,False,8,0.32000000,1,17,25,25,96600.00000000,86940.00000000,86340.00000000,113379.20000000,43541.28000000,80340.00000000,123881.28000000,182381.28000000,20.64688000,509.75000000,784.23614199
test_2023_plus,holdout,2023-01-01,2026-07-13 21:30:41,25,8,protect_frozen,0.90000000,1000.00000000,1,6932,55456,55210,55210,0.99556405,0.99985574,0.99495095,86812.57888889,3991348.00000000,209999.50000025,25,5000.00000000,6000.00000000,6400.00000000,7,32,7,0,False,2,0.08000000,0,23,25,25,99800.00000000,89820.00000000,89420.00000000,111265.79999999,43402.81500000,83420.00000000,126822.81500000,183559.22000000,21.13713583,417.43750000,440.22874781
test_2023_plus,holdout,2023-01-01,2026-07-13 21:30:41,25,8,stable_hash,0.90000000,1000.00000000,1,6932,55456,55210,55210,0.99556405,0.99985574,0.99495095,86812.57888889,3991348.00000000,209999.50000025,25,5000.00000000,6000.00000000,6400.00000000,7,32,7,0,False,1,0.04000000,0,24,25,23,98600.00000000,88740.00000000,88340.00000000,114759.59999999,49684.09500000,82340.00000000,132024.09500000,185623.64000000,22.00401583,116.77083333,688.59951322
test_2023_plus,holdout,2023-01-01,2026-07-13 21:30:41,30,8,round_robin,0.90000000,1000.00000000,1,6932,55456,55380,55380,0.99862954,0.99985574,0.99495095,86982.60666667,3999728.00000000,207651.00000026,30,6000.00000000,7000.00000000,8000.00000000,10,40,10,0,False,2,0.06666667,0,28,30,24,92800.00000000,83520.00000000,82520.00000000,116864.00000000,49279.68000000,75520.00000000,124799.68000000,180832.37500000,17.82852571,208.54166667,699.49564370
test_2023_plus,holdout,2023-01-01,2026-07-13 21:30:41,30,8,least_trades,0.90000000,1000.00000000,1,6932,55456,55380,55380,0.99862954,0.99985574,0.99495095,86982.60666667,3999728.00000000,207651.00000026,30,6000.00000000,7000.00000000,10600.00000000,23,53,23,0,False,3,0.10000000,0,27,30,30,104600.00000000,94140.00000000,90540.00000000,117014.20000000,39373.65000000,83540.00000000,122913.65000000,188852.78000000,17.55909286,348.77083333,482.04479276
test_2023_plus,holdout,2023-01-01,2026-07-13 21:30:41,30,8,max_headroom,0.90000000,1000.00000000,1,6932,55456,55380,55380,0.99862954,0.99985574,0.99495095,86982.60666667,3999728.00000000,207651.00000026,30,6000.00000000,7000.00000000,6000.00000000,0,30,0,0,False,0,0.00000000,0,30,30,20,96000.00000000,86400.00000000,87400.00000000,111651.00000001,69895.08000001,80400.00000000,150295.08000001,185164.77000001,21.47072571,102.52083333,1506.95525260
test_2023_plus,holdout,2023-01-01,2026-07-13 21:30:41,30,8,min_headroom,0.90000000,1000.00000000,1,6932,55456,55380,55380,0.99862954,0.99985574,0.99495095,86982.60666667,3999728.00000000,207651.00000026,30,6000.00000000,7000.00000000,10600.00000000,23,53,23,0,False,8,0.26666667,3,22,30,30,88000.00000000,79200.00000000,75600.00000000,125459.75000000,42713.77500000,68600.00000000,111313.77500000,181513.77500000,15.90196786,528.66666667,595.02026576
test_2023_plus,holdout,2023-01-01,2026-07-13 21:30:41,30,8,protect_frozen,0.90000000,1000.00000000,1,6932,55456,55380,55380,0.99862954,0.99985574,0.99495095,86982.60666667,3999728.00000000,207651.00000026,30,6000.00000000,7000.00000000,6600.00000000,3,33,3,0,False,2,0.06666667,0,28,30,29,91400.00000000,82260.00000000,82660.00000000,115968.05000000,39414.01500000,75660.00000000,115074.01500000,180031.24500000,16.43914500,491.56250000,491.11176483
test_2023_plus,holdout,2023-01-01,2026-07-13 21:30:41,30,8,stable_hash,0.90000000,1000.00000000,1,6932,55456,55380,55380,0.99862954,0.99985574,0.99495095,86982.60666667,3999728.00000000,207651.00000026,30,6000.00000000,7000.00000000,8400.00000000,12,42,12,0,False,1,0.03333333,0,29,30,27,94800.00000000,85320.00000000,83920.00000000,116331.15000000,44134.38000000,76920.00000000,121054.38000000,182137.56000000,17.29348286,163.97916667,727.01212049
test_2023_plus,holdout,2023-01-01,2026-07-13 21:30:41,32,8,round_robin,0.90000000,1000.00000000,1,6932,55456,55448,55448,0.99985574,0.99985574,0.99985574,87050.61777778,4003080.00000000,206711.60000026,32,6400.00000000,7400.00000000,11200.00000000,24,56,24,0,False,8,0.25000000,1,24,32,25,94200.00000000,84780.00000000,80980.00000000,115031.40000000,42934.86000000,73580.00000000,116514.86000000,177108.26000000,15.74525135,400.43750000,790.64431548
test_2023_plus,holdout,2023-01-01,2026-07-13 21:30:41,32,8,least_trades,0.90000000,1000.00000000,1,6932,55456,55448,55448,0.99985574,0.99985574,0.99985574,87050.61777778,4003080.00000000,206711.60000026,32,6400.00000000,7400.00000000,8000.00000000,8,40,8,0,False,8,0.25000000,1,24,32,32,103200.00000000,92880.00000000,92280.00000000,103263.20000000,18190.26000000,84880.00000000,103070.26000000,177816.88000000,13.92841351,397.81250000,513.19306796
test_2023_plus,holdout,2023-01-01,2026-07-13 21:30:41,32,8,max_headroom,0.90000000,1000.00000000,1,6932,55456,55448,55448,0.99985574,0.99985574,0.99985574,87050.61777778,4003080.00000000,206711.60000026,32,6400.00000000,7400.00000000,6400.00000000,0,32,0,0,False,0,0.00000000,0,32,32,16,96000.00000000,86400.00000000,87400.00000000,110711.60000001,75999.24000001,80000.00000000,155999.24000001,186325.64000001,21.08097838,162.87500000,1789.91904496
test_2023_plus,holdout,2023-01-01,2026-07-13 21:30:41,32,8,min_headroom,0.90000000,1000.00000000,1,6932,55456,55448,55448,0.99985574,0.99985574,0.99985574,87050.61777778,4003080.00000000,206711.60000026,32,6400.00000000,7400.00000000,11200.00000000,24,56,24,0,False,8,0.25000000,2,24,32,32,85600.00000000,77040.00000000,73240.00000000,130294.70000000,42385.23000000,65840.00000000,108225.23000000,183105.23000000,14.62503108,548.85416667,567.82760024
test_2023_plus,holdout,2023-01-01,2026-07-13 21:30:41,32,8,protect_frozen,0.90000000,1000.00000000,1,6932,55456,55448,55448,0.99985574,0.99985574,0.99985574,87050.61777778,4003080.00000000,206711.60000026,32,6400.00000000,7400.00000000,8000.00000000,8,40,8,0,False,8,0.25000000,1,24,32,24,90200.00000000,81180.00000000,80580.00000000,116164.00000000,39808.30500000,73180.00000000,112988.30500000,177727.60000000,15.26868986,446.79166667,715.12131838
test_2023_plus,holdout,2023-01-01,2026-07-13 21:30:41,32,8,stable_hash,0.90000000,1000.00000000,1,6932,55456,55448,55448,0.99985574,0.99985574,0.99985574,87050.61777778,4003080.00000000,206711.60000026,32,6400.00000000,7400.00000000,8600.00000000,11,43,11,0,False,1,0.03125000,0,31,32,28,90400.00000000,81360.00000000,80160.00000000,116903.70000000,43042.05000000,72760.00000000,115802.05000000,178826.84500000,15.64892568,172.97916667,678.24492027
test_2023_plus,holdout,2023-01-01,2026-07-13 21:30:41,35,8,round_robin,0.90000000,1000.00000000,1,6932,55456,55451,55451,0.99990984,1.00000000,0.99985574,87052.60111111,4003303.50000000,206607.95000026,35,7000.00000000,8000.00000000,9600.00000000,13,48,13,0,False,2,0.05714286,0,33,35,31,88800.00000000,79920.00000000,78320.00000000,123777.15000000,45297.72000000,70320.00000000,115617.72000000,182949.15000000,14.45221500,232.70833333,517.59222465
test_2023_plus,holdout,2023-01-01,2026-07-13 21:30:41,35,8,least_trades,0.90000000,1000.00000000,1,6932,55456,55451,55451,0.99990984,1.00000000,0.99985574,87052.60111111,4003303.50000000,206607.95000026,35,7000.00000000,8000.00000000,11600.00000000,23,58,23,0,False,4,0.11428571,0,31,35,32,102200.00000000,91980.00000000,88380.00000000,127408.40000000,43415.01000000,80380.00000000,123795.01000000,195047.56000000,15.47437625,239.64583333,467.80340018
test_2023_plus,holdout,2023-01-01,2026-07-13 21:30:41,35,8,max_headroom,0.90000000,1000.00000000,1,6932,55456,55451,55451,0.99990984,1.00000000,0.99985574,87052.60111111,4003303.50000000,206607.95000026,35,7000.00000000,8000.00000000,7000.00000000,0,35,0,0,False,0,0.00000000,0,35,35,18,96400.00000000,86760.00000000,87760.00000000,110207.95000001,71649.04500001,79760.00000000,151409.04500001,185885.39000001,18.92613063,102.70833333,1592.10489194
test_2023_plus,holdout,2023-01-01,2026-07-13 21:30:41,35,8,min_headroom,0.90000000,1000.00000000,1,6932,55456,55451,55451,0.99990984,1.00000000,0.99985574,87052.60111111,4003303.50000000,206607.95000026,35,7000.00000000,8000.00000000,11800.00000000,24,59,24,0,False,8,0.22857143,3,27,35,35,81600.00000000,73440.00000000,69640.00000000,141416.45000000,45374.80500000,61640.00000000,107014.80500000,188914.80500000,13.37685062,585.66666667,565.56178608
test_2023_plus,holdout,2023-01-01,2026-07-13 21:30:41,35,8,protect_frozen,0.90000000,1000.00000000,1,6932,55456,55451,55451,0.99990984,1.00000000,0.99985574,87052.60111111,4003303.50000000,206607.95000026,35,7000.00000000,8000.00000000,8800.00000000,9,44,9,0,False,2,0.05714286,0,33,35,35,86800.00000000,78120.00000000,77320.00000000,122775.85000000,36921.87000000,69320.00000000,106241.87000000,179818.26500000,13.28023375,509.75000000,342.74196399
test_2023_plus,holdout,2023-01-01,2026-07-13 21:30:41,35,8,stable_hash,0.90000000,1000.00000000,1,6932,55456,55451,55451,0.99990984,1.00000000,0.99985574,87052.60111111,4003303.50000000,206607.95000026,35,7000.00000000,8000.00000000,9400.00000000,12,47,12,0,False,1,0.02857143,0,34,35,27,89200.00000000,80280.00000000,78880.00000000,121464.80000000,43846.02000000,70880.00000000,114726.02000000,180896.72000000,14.34075250,166.37500000,619.08609009
test_2023_plus,holdout,2023-01-01,2026-07-13 21:30:41,40,8,round_robin,0.90000000,1000.00000000,1,6932,55456,55456,55456,1.00000000,1.00000000,1.00000000,87055.90666667,4003676.00000000,206435.20000026,40,8000.00000000,9000.00000000,8000.00000000,0,40,0,0,False,0,0.00000000,0,40,40,40,80000.00000000,72000.00000000,73000.00000000,126435.20000000,28034.28000000,64000.00000000,92034.28000000,177791.68000000,10.22603111,410.97916667,1.35646600
test_2023_plus,holdout,2023-01-01,2026-07-13 21:30:41,40,8,least_trades,0.90000000,1000.00000000,1,6932,55456,55456,55456,1.00000000,1.00000000,1.00000000,87055.90666667,4003676.00000000,206435.20000026,40,8000.00000000,9000.00000000,13000.00000000,25,65,25,0,False,8,0.20000000,2,32,40,39,96400.00000000,86760.00000000,82760.00000000,129443.79999999,30308.53500000,73760.00000000,104068.53500000,190259.42000000,11.56317056,243.66666667,273.19704885
test_2023_plus,holdout,2023-01-01,2026-07-13 21:30:41,40,8,max_headroom,0.90000000,1000.00000000,1,6932,55456,55456,55456,1.00000000,1.00000000,1.00000000,87055.90666667,4003676.00000000,206435.20000026,40,8000.00000000,9000.00000000,8000.00000000,0,40,0,0,False,0,0.00000000,0,40,40,16,92800.00000000,83520.00000000,84520.00000000,113635.20000001,68811.84000001,75520.00000000,144331.84000001,180638.56000001,16.03687111,401.22916667,1484.19858510
test_2023_plus,holdout,2023-01-01,2026-07-13 21:30:41,40,8,min_headroom,0.90000000,1000.00000000,1,6932,55456,55456,55456,1.00000000,1.00000000,1.00000000,87055.90666667,4003676.00000000,206435.20000026,40,8000.00000000,9000.00000000,14400.00000000,32,72,32,0,False,8,0.20000000,4,32,40,40,69600.00000000,62640.00000000,57240.00000000,150600.40000000,42656.04000000,48240.00000000,90896.04000000,183780.36000000,10.09956000,585.66666667,521.81653625
test_2023_plus,holdout,2023-01-01,2026-07-13 21:30:41,40,8,protect_frozen,0.90000000,1000.00000000,1,6932,55456,55456,55456,1.00000000,1.00000000,1.00000000,87055.90666667,4003676.00000000,206435.20000026,40,8000.00000000,9000.00000000,10800.00000000,14,54,14,0,False,8,0.20000000,1,32,40,34,77000.00000000,69300.00000000,67500.00000000,127045.45000000,33546.06000000,58500.00000000,92046.06000000,172840.90500000,10.22734000,528.66666667,422.25572746
test_2023_plus,holdout,2023-01-01,2026-07-13 21:30:41,40,8,stable_hash,0.90000000,1000.00000000,1,6932,55456,55456,55456,1.00000000,1.00000000,1.00000000,87055.90666667,4003676.00000000,206435.20000026,40,8000.00000000,9000.00000000,11800.00000000,19,59,19,0,False,1,0.02500000,0,39,40,31,86400.00000000,77760.00000000,74960.00000000,128027.50000000,41821.20000000,65960.00000000,107781.20000000,182937.99500000,11.97568889,143.97916667,570.25918449
episode_2020-01-01_2021-12-31,overlapping_2y_episode,2020-01-01,2021-12-31 00:00:00,1,1,round_robin,0.90000000,1000.00000000,1,3805,3805,2789,2789,0.73298292,0.73298292,0.73298292,4659.02250000,161507.00000000,1288.55000000,1,200.00000000,1200.00000000,400.00000000,1,2,1,1,False,1,1.00000000,0,0,1,0,0.00000000,0.00000000,800.00000000,1286.70000000,0.00000000,-400.00000000,-400.00000000,758.03000000,-0.33333333,,0.00000000
episode_2020-01-01_2021-12-31,overlapping_2y_episode,2020-01-01,2021-12-31 00:00:00,1,1,least_trades,0.90000000,1000.00000000,1,3805,3805,2789,2789,0.73298292,0.73298292,0.73298292,4659.02250000,161507.00000000,1288.55000000,1,200.00000000,1200.00000000,400.00000000,1,2,1,1,False,1,1.00000000,0,0,1,0,0.00000000,0.00000000,800.00000000,1286.70000000,0.00000000,-400.00000000,-400.00000000,758.03000000,-0.33333333,,0.00000000
episode_2020-01-01_2021-12-31,overlapping_2y_episode,2020-01-01,2021-12-31 00:00:00,1,1,max_headroom,0.90000000,1000.00000000,1,3805,3805,2789,2789,0.73298292,0.73298292,0.73298292,4659.02250000,161507.00000000,1288.55000000,1,200.00000000,1200.00000000,400.00000000,1,2,1,1,False,1,1.00000000,0,0,1,0,0.00000000,0.00000000,800.00000000,1286.70000000,0.00000000,-400.00000000,-400.00000000,758.03000000,-0.33333333,,0.00000000
episode_2020-01-01_2021-12-31,overlapping_2y_episode,2020-01-01,2021-12-31 00:00:00,1,1,protect_frozen,0.90000000,1000.00000000,1,3805,3805,2789,2789,0.73298292,0.73298292,0.73298292,4659.02250000,161507.00000000,1288.55000000,1,200.00000000,1200.00000000,400.00000000,1,2,1,1,False,1,1.00000000,0,0,1,0,0.00000000,0.00000000,800.00000000,1286.70000000,0.00000000,-400.00000000,-400.00000000,758.03000000,-0.33333333,,0.00000000
episode_2020-01-01_2021-12-31,overlapping_2y_episode,2020-01-01,2021-12-31 00:00:00,1,1,stable_hash,0.90000000,1000.00000000,1,3805,3805,2789,2789,0.73298292,0.73298292,0.73298292,4659.02250000,161507.00000000,1288.55000000,1,200.00000000,1200.00000000,400.00000000,1,2,1,1,False,1,1.00000000,0,0,1,0,0.00000000,0.00000000,800.00000000,1286.70000000,0.00000000,-400.00000000,-400.00000000,758.03000000,-0.33333333,,0.00000000
episode_2020-01-01_2021-12-31,overlapping_2y_episode,2020-01-01,2021-12-31 00:00:00,2,1,round_robin,0.90000000,1000.00000000,1,3805,3805,3626,3626,0.95295664,0.95295664,0.95295664,5841.43916667,200665.50000000,2667.70000000,2,400.00000000,1400.00000000,800.00000000,2,4,2,0,False,1,0.50000000,0,1,2,2,1200.00000000,1080.00000000,1680.00000000,5059.15000000,452.88000000,280.00000000,732.88000000,4833.23500000,0.52348571,152.72916667,752.50000000
episode_2020-01-01_2021-12-31,overlapping_2y_episode,2020-01-01,2021-12-31 00:00:00,2,1,least_trades,0.90000000,1000.00000000,1,3805,3805,3626,3626,0.95295664,0.95295664,0.95295664,5841.43916667,200665.50000000,2667.70000000,2,400.00000000,1400.00000000,1200.00000000,4,6,4,0,False,1,0.50000000,0,1,2,2,1200.00000000,1080.00000000,1280.00000000,5244.30000000,830.83500000,-120.00000000,710.83500000,4599.87000000,0.50773929,316.50000000,220.00000000
episode_2020-01-01_2021-12-31,overlapping_2y_episode,2020-01-01,2021-12-31 00:00:00,2,1,max_headroom,0.90000000,1000.00000000,1,3805,3805,3626,3626,0.95295664,0.95295664,0.95295664,5841.43916667,200665.50000000,2667.70000000,2,400.00000000,1400.00000000,600.00000000,1,3,1,0,False,1,0.50000000,0,1,2,1,200.00000000,180.00000000,980.00000000,2667.45000000,0.00000000,-420.00000000,-420.00000000,1980.70500000,-0.30000000,373.10416667,271.50000000
episode_2020-01-01_2021-12-31,overlapping_2y_episode,2020-01-01,2021-12-31 00:00:00,2,1,protect_frozen,0.90000000,1000.00000000,1,3805,3805,3626,3626,0.95295664,0.95295664,0.95295664,5841.43916667,200665.50000000,2667.70000000,2,400.00000000,1400.00000000,1200.00000000,4,6,4,0,False,1,0.50000000,0,1,2,2,200.00000000,180.00000000,380.00000000,4434.75000000,102.24000000,-1020.00000000,-917.76000000,2971.27500000,-0.65554286,446.52083333,170.50000000
episode_2020-01-01_2021-12-31,overlapping_2y_episode,2020-01-01,2021-12-31 00:00:00,2,1,stable_hash,0.90000000,1000.00000000,1,3805,3805,3626,3626,0.95295664,0.95295664,0.95295664,5841.43916667,200665.50000000,2667.70000000,2,400.00000000,1400.00000000,800.00000000,2,4,2,0,False,1,0.50000000,0,1,2,1,1400.00000000,1260.00000000,1860.00000000,2783.50000000,959.08500000,460.00000000,1419.08500000,3759.08500000,1.01363214,252.83333333,612.00000000
episode_2020-01-01_2021-12-31,overlapping_2y_episode,2020-01-01,2021-12-31 00:00:00,3,1,round_robin,0.90000000,1000.00000000,1,3805,3805,3788,3788,0.99553219,0.99553219,0.99553219,6000.30027778,207645.00000000,2967.60000000,3,600.00000000,1600.00000000,800.00000000,1,4,1,0,False,1,0.33333333,0,2,3,2,200.00000000,180.00000000,980.00000000,4824.45000000,0.00000000,-620.00000000,-620.00000000,3722.00500000,-0.38750000,698.70833333,227.31084933
episode_2020-01-01_2021-12-31,overlapping_2y_episode,2020-01-01,2021-12-31 00:00:00,3,1,least_trades,0.90000000,1000.00000000,1,3805,3805,3788,3788,0.99553219,0.99553219,0.99553219,6000.30027778,207645.00000000,2967.60000000,3,600.00000000,1600.00000000,1000.00000000,2,5,2,0,False,1,0.33333333,0,2,3,1,400.00000000,360.00000000,960.00000000,3889.70000000,0.00000000,-640.00000000,-640.00000000,2860.73000000,-0.40000000,446.52083333,54.44875266
episode_2020-01-01_2021-12-31,overlapping_2y_episode,2020-01-01,2021-12-31 00:00:00,3,1,max_headroom,0.90000000,1000.00000000,1,3805,3805,3788,3788,0.99553219,0.99553219,0.99553219,6000.30027778,207645.00000000,2967.60000000,3,600.00000000,1600.00000000,600.00000000,0,3,0,0,False,0,0.00000000,0,3,3,2,1000.00000000,900.00000000,1900.00000000,1967.60000000,0.00000000,300.00000000,300.00000000,2100.76500000,0.18750000,233.97916667,537.50307493
episode_2020-01-01_2021-12-31,overlapping_2y_episode,2020-01-01,2021-12-31 00:00:00,3,1,protect_frozen,0.90000000,1000.00000000,1,3805,3805,3788,3788,0.99553219,0.99553219,0.99553219,6000.30027778,207645.00000000,2967.60000000,3,600.00000000,1600.00000000,1400.00000000,4,7,4,0,False,1,0.33333333,0,2,3,2,600.00000000,540.00000000,740.00000000,5534.75000000,387.04500000,-860.00000000,-472.95500000,4121.27500000,-0.29559688,391.97916667,219.13618292
episode_2020-01-01_2021-12-31,overlapping_2y_episode,2020-01-01,2021-12-31 00:00:00,3,1,stable_hash,0.90000000,1000.00000000,1,3805,3805,3788,3788,0.99553219,0.99553219,0.99553219,6000.30027778,207645.00000000,2967.60000000,3,600.00000000,1600.00000000,1000.00000000,2,5,2,0,False,1,0.33333333,0,2,3,1,0.00000000,0.00000000,600.00000000,4119.65000000,0.00000000,-1000.00000000,-1000.00000000,2707.68500000,-0.62500000,,508.38917726
episode_2020-01-01_2021-12-31,overlapping_2y_episode,2020-01-01,2021-12-31 00:00:00,4,1,round_robin,0.90000000,1000.00000000,1,3805,3805,3805,3805,1.00000000,1.00000000,1.00000000,6009.87250000,208475.50000000,2499.25000000,4,800.00000000,1800.00000000,1000.00000000,1,5,1,0,False,1,0.25000000,0,3,4,1,1000.00000000,900.00000000,1700.00000000,2331.15000000,859.00500000,-100.00000000,759.00500000,3099.00500000,0.42166944,308.20833333,393.61616773
episode_2020-01-01_2021-12-31,overlapping_2y_episode,2020-01-01,2021-12-31 00:00:00,4,1,least_trades,0.90000000,1000.00000000,1,3805,3805,3805,3805,1.00000000,1.00000000,1.00000000,6009.87250000,208475.50000000,2499.25000000,4,800.00000000,1800.00000000,1000.00000000,1,5,1,0,False,1,0.25000000,0,3,4,2,200.00000000,180.00000000,980.00000000,4043.40000000,0.00000000,-820.00000000,-820.00000000,2819.06000000,-0.45555556,693.91666667,102.19099765
episode_2020-01-01_2021-12-31,overlapping_2y_episode,2020-01-01,2021-12-31 00:00:00,4,1,max_headroom,0.90000000,1000.00000000,1,3805,3805,3805,3805,1.00000000,1.00000000,1.00000000,6009.87250000,208475.50000000,2499.25000000,4,800.00000000,1800.00000000,800.00000000,0,4,0,0,False,0,0.00000000,0,4,4,1,800.00000000,720.00000000,1720.00000000,1699.25000000,0.00000000,-80.00000000,-80.00000000,2851.79500000,-0.04444444,140.70833333,732.17053171
episode_2020-01-01_2021-12-31,overlapping_2y_episode,2020-01-01,2021-12-31 00:00:00,4,1,protect_frozen,0.90000000,1000.00000000,1,3805,3805,3805,3805,1.00000000,1.00000000,1.00000000,6009.87250000,208475.50000000,2499.25000000,4,800.00000000,1800.00000000,1200.00000000,2,6,2,0,False,1,0.25000000,0,3,4,2,0.00000000,0.00000000,600.00000000,4673.50000000,0.00000000,-1200.00000000,-1200.00000000,3158.47500000,-0.66666667,,347.65572051
episode_2020-01-01_2021-12-31,overlapping_2y_episode,2020-01-01,2021-12-31 00:00:00,4,1,stable_hash,0.90000000,1000.00000000,1,3805,3805,3805,3805,1.00000000,1.00000000,1.00000000,6009.87250000,208475.50000000,2499.25000000,4,800.00000000,1800.00000000,1200.00000000,2,6,2,0,False,1,0.25000000,0,3,4,2,0.00000000,0.00000000,600.00000000,4931.75000000,0.00000000,-1200.00000000,-1200.00000000,3820.06500000,-0.66666667,,238.70732603
episode_2020-01-01_2021-12-31,overlapping_2y_episode,2020-01-01,2021-12-31 00:00:00,5,1,round_robin,0.90000000,1000.00000000,1,3805,3805,3805,3805,1.00000000,1.00000000,1.00000000,6009.87250000,208475.50000000,2499.25000000,4,1000.00000000,2000.00000000,1400.00000000,2,7,2,0,False,1,0.20000000,0,4,5,1,200.00000000,180.00000000,780.00000000,5233.25000000,0.00000000,-1220.00000000,-1220.00000000,3834.98500000,-0.61000000,308.20833333,261.92059866
episode_2020-01-01_2021-12-31,overlapping_2y_episode,2020-01-01,2021-12-31 00:00:00,5,1,least_trades,0.90000000,1000.00000000,1,3805,3805,3805,3805,1.00000000,1.00000000,1.00000000,6009.87250000,208475.50000000,2499.25000000,4,1000.00000000,2000.00000000,1800.00000000,4,9,4,0,False,1,0.20000000,0,4,5,3,200.00000000,180.00000000,380.00000000,7864.50000000,82.48500000,-1620.00000000,-1537.51500000,5648.71500000,-0.76875750,468.91666667,54.50137613
episode_2020-01-01_2021-12-31,overlapping_2y_episode,2020-01-01,2021-12-31 00:00:00,5,1,max_headroom,0.90000000,1000.00000000,1,3805,3805,3805,3805,1.00000000,1.00000000,1.00000000,6009.87250000,208475.50000000,2499.25000000,4,1000.00000000,2000.00000000,1000.00000000,0,5,0,0,False,0,0.00000000,0,5,5,2,1000.00000000,900.00000000,1900.00000000,1499.25000000,0.00000000,-100.00000000,-100.00000000,3534.60500000,-0.05000000,232.89583333,662.68514394
episode_2020-01-01_2021-12-31,overlapping_2y_episode,2020-01-01,2021-12-31 00:00:00,5,1,protect_frozen,0.90000000,1000.00000000,1,3805,3805,3805,3805,1.00000000,1.00000000,1.00000000,6009.87250000,208475.50000000,2499.25000000,4,1000.00000000,2000.00000000,1400.00000000,2,7,2,0,False,1,0.20000000,0,4,5,2,0.00000000,0.00000000,600.00000000,5834.75000000,0.00000000,-1400.00000000,-1400.00000000,3851.27500000,-0.70000000,,204.54143834
episode_2020-01-01_2021-12-31,overlapping_2y_episode,2020-01-01,2021-12-31 00:00:00,5,1,stable_hash,0.90000000,1000.00000000,1,3805,3805,3805,3805,1.00000000,1.00000000,1.00000000,6009.87250000,208475.50000000,2499.25000000,4,1000.00000000,2000.00000000,1200.00000000,1,6,1,0,False,1,0.20000000,0,4,5,2,600.00000000,540.00000000,1340.00000000,4007.50000000,748.08000000,-660.00000000,88.08000000,4219.62000000,0.04404000,621.56250000,226.33956791
episode_2020-01-01_2021-12-31,overlapping_2y_episode,2020-01-01,2021-12-31 00:00:00,6,1,round_robin,0.90000000,1000.00000000,1,3805,3805,3805,3805,1.00000000,1.00000000,1.00000000,6009.87250000,208475.50000000,2499.25000000,4,1200.00000000,2200.00000000,1400.00000000,1,7,1,0,False,1,0.16666667,0,5,6,0,0.00000000,0.00000000,800.00000000,3815.95000000,0.00000000,-1400.00000000,-1400.00000000,2993.44000000,-0.63636364,,169.27172436
episode_2020-01-01_2021-12-31,overlapping_2y_episode,2020-01-01,2021-12-31 00:00:00,6,1,least_trades,0.90000000,1000.00000000,1,3805,3805,3805,3805,1.00000000,1.00000000,1.00000000,6009.87250000,208475.50000000,2499.25000000,4,1200.00000000,2200.00000000,1600.00000000,2,8,2,0,False,1,0.16666667,0,5,6,1,200.00000000,180.00000000,780.00000000,4139.45000000,376.47000000,-1420.00000000,-1043.53000000,3385.46000000,-0.47433182,470.83333333,187.90460050
episode_2020-01-01_2021-12-31,overlapping_2y_episode,2020-01-01,2021-12-31 00:00:00,6,1,max_headroom,0.90000000,1000.00000000,1,3805,3805,3805,3805,1.00000000,1.00000000,1.00000000,6009.87250000,208475.50000000,2499.25000000,4,1200.00000000,2200.00000000,1200.00000000,0,6,0,0,False,0,0.00000000,0,6,6,2,1000.00000000,900.00000000,1900.00000000,1499.25000000,0.00000000,-300.00000000,-300.00000000,3528.87000000,-0.13636364,139.70833333,418.26045182
episode_2020-01-01_2021-12-31,overlapping_2y_episode,2020-01-01,2021-12-31 00:00:00,6,1,protect_frozen,0.90000000,1000.00000000,1,3805,3805,3805,3805,1.00000000,1.00000000,1.00000000,6009.87250000,208475.50000000,2499.25000000,4,1200.00000000,2200.00000000,1600.00000000,2,8,2,0,False,1,0.16666667,0,5,6,1,0.00000000,0.00000000,600.00000000,5549.80000000,0.00000000,-1600.00000000,-1600.00000000,3461.69000000,-0.72727273,,60.37383539
episode_2020-01-01_2021-12-31,overlapping_2y_episode,2020-01-01,2021-12-31 00:00:00,6,1,stable_hash,0.90000000,1000.00000000,1,3805,3805,3805,3805,1.00000000,1.00000000,1.00000000,6009.87250000,208475.50000000,2499.25000000,4,1200.00000000,2200.00000000,1400.00000000,1,7,1,0,False,1,0.16666667,0,5,6,1,1000.00000000,900.00000000,1700.00000000,3057.45000000,1123.47000000,-500.00000000,623.47000000,6013.75000000,0.28339545,617.62500000,91.05813162
episode_2020-01-01_2021-12-31,overlapping_2y_episode,2020-01-01,2021-12-31 00:00:00,8,1,round_robin,0.90000000,1000.00000000,1,3805,3805,3805,3805,1.00000000,1.00000000,1.00000000,6009.87250000,208475.50000000,2499.25000000,4,1600.00000000,2600.00000000,1800.00000000,1,9,1,0,False,1,0.12500000,0,7,8,1,0.00000000,0.00000000,800.00000000,4520.70000000,0.00000000,-1800.00000000,-1800.00000000,3719.52000000,-0.69230769,,109.04471560
episode_2020-01-01_2021-12-31,overlapping_2y_episode,2020-01-01,2021-12-31 00:00:00,8,1,least_trades,0.90000000,1000.00000000,1,3805,3805,3805,3805,1.00000000,1.00000000,1.00000000,6009.87250000,208475.50000000,2499.25000000,4,1600.00000000,2600.00000000,1800.00000000,1,9,1,0,False,1,0.12500000,0,7,8,1,0.00000000,0.00000000,800.00000000,4520.70000000,0.00000000,-1800.00000000,-1800.00000000,3363.21000000,-0.69230769,,0.50000000
episode_2020-01-01_2021-12-31,overlapping_2y_episode,2020-01-01,2021-12-31 00:00:00,8,1,max_headroom,0.90000000,1000.00000000,1,3805,3805,3805,3805,1.00000000,1.00000000,1.00000000,6009.87250000,208475.50000000,2499.25000000,4,1600.00000000,2600.00000000,1600.00000000,0,8,0,0,False,0,0.00000000,0,8,8,1,600.00000000,540.00000000,1540.00000000,1899.25000000,5.53500000,-1060.00000000,-1054.46500000,3092.91500000,-0.40556346,656.72916667,334.93915026
episode_2020-01-01_2021-12-31,overlapping_2y_episode,2020-01-01,2021-12-31 00:00:00,8,1,protect_frozen,0.90000000,1000.00000000,1,3805,3805,3805,3805,1.00000000,1.00000000,1.00000000,6009.87250000,208475.50000000,2499.25000000,4,1600.00000000,2600.00000000,2200.00000000,3,11,3,0,False,1,0.12500000,0,7,8,1,0.00000000,0.00000000,400.00000000,6857.80000000,0.00000000,-2200.00000000,-2200.00000000,4273.16000000,-0.84615385,,68.33373984
episode_2020-01-01_2021-12-31,overlapping_2y_episode,2020-01-01,2021-12-31 00:00:00,8,1,stable_hash,0.90000000,1000.00000000,1,3805,3805,3805,3805,1.00000000,1.00000000,1.00000000,6009.87250000,208475.50000000,2499.25000000,4,1600.00000000,2600.00000000,2000.00000000,2,10,2,0,False,1,0.12500000,0,7,8,2,1400.00000000,1260.00000000,1860.00000000,5016.60000000,928.71000000,-740.00000000,188.71000000,5366.18500000,0.07258077,373.10416667,198.16139256
episode_2020-01-01_2021-12-31,overlapping_2y_episode,2020-01-01,2021-12-31 00:00:00,10,1,round_robin,0.90000000,1000.00000000,1,3805,3805,3805,3805,1.00000000,1.00000000,1.00000000,6009.87250000,208475.50000000,2499.25000000,4,2000.00000000,3000.00000000,2600.00000000,3,13,3,0,False,1,0.10000000,0,9,10,1,0.00000000,0.00000000,400.00000000,6592.15000000,0.00000000,-2600.00000000,-2600.00000000,4526.20000000,-0.86666667,,126.17927722
episode_2020-01-01_2021-12-31,overlapping_2y_episode,2020-01-01,2021-12-31 00:00:00,10,1,least_trades,0.90000000,1000.00000000,1,3805,3805,3805,3805,1.00000000,1.00000000,1.00000000,6009.87250000,208475.50000000,2499.25000000,4,2000.00000000,3000.00000000,2400.00000000,2,12,2,0,False,1,0.10000000,0,9,10,2,200.00000000,180.00000000,780.00000000,6655.80000000,0.00000000,-2220.00000000,-2220.00000000,5681.32500000,-0.74000000,433.87500000,0.48989795
episode_2020-01-01_2021-12-31,overlapping_2y_episode,2020-01-01,2021-12-31 00:00:00,10,1,max_headroom,0.90000000,1000.00000000,1,3805,3805,3805,3805,1.00000000,1.00000000,1.00000000,6009.87250000,208475.50000000,2499.25000000,4,2000.00000000,3000.00000000,2000.00000000,0,10,0,0,False,0,0.00000000,0,10,10,2,1200.00000000,1080.00000000,2080.00000000,1299.25000000,0.00000000,-920.00000000,-920.00000000,3438.52000000,-0.30666667,225.14583333,381.85605927
episode_2020-01-01_2021-12-31,overlapping_2y_episode,2020-01-01,2021-12-31 00:00:00,10,1,protect_frozen,0.90000000,1000.00000000,1,3805,3805,3805,3805,1.00000000,1.00000000,1.00000000,6009.87250000,208475.50000000,2499.25000000,4,2000.00000000,3000.00000000,2800.00000000,4,14,4,0,False,1,0.10000000,0,9,10,1,0.00000000,0.00000000,200.00000000,8352.50000000,0.00000000,-2800.00000000,-2800.00000000,5252.75000000,-0.93333333,,101.83221494
episode_2020-01-01_2021-12-31,overlapping_2y_episode,2020-01-01,2021-12-31 00:00:00,10,1,stable_hash,0.90000000,1000.00000000,1,3805,3805,3805,3805,1.00000000,1.00000000,1.00000000,6009.87250000,208475.50000000,2499.25000000,4,2000.00000000,3000.00000000,2400.00000000,2,12,2,0,False,1,0.10000000,0,9,10,2,600.00000000,540.00000000,1140.00000000,5838.85000000,495.00000000,-1860.00000000,-1365.00000000,6002.76000000,-0.45500000,469.60416667,64.60503076
episode_2020-01-01_2021-12-31,overlapping_2y_episode,2020-01-01,2021-12-31 00:00:00,12,1,round_robin,0.90000000,1000.00000000,1,3805,3805,3805,3805,1.00000000,1.00000000,1.00000000,6009.87250000,208475.50000000,2499.25000000,4,2400.00000000,3400.00000000,2400.00000000,0,12,0,0,False,0,0.00000000,0,12,12,1,200.00000000,180.00000000,1180.00000000,2299.25000000,354.78000000,-2220.00000000,-1865.22000000,3639.31500000,-0.54859412,670.10416667,0.49300665
episode_2020-01-01_2021-12-31,overlapping_2y_episode,2020-01-01,2021-12-31 00:00:00,12,1,least_trades,0.90000000,1000.00000000,1,3805,3805,3805,3805,1.00000000,1.00000000,1.00000000,6009.87250000,208475.50000000,2499.25000000,4,2400.00000000,3400.00000000,2400.00000000,0,12,0,0,False,0,0.00000000,0,12,12,1,200.00000000,180.00000000,1180.00000000,2299.25000000,293.08500000,-2220.00000000,-1926.91500000,3488.25000000,-0.56673971,670.10416667,0.27638540
episode_2020-01-01_2021-12-31,overlapping_2y_episode,2020-01-01,2021-12-31 00:00:00,12,1,max_headroom,0.90000000,1000.00000000,1,3805,3805,3805,3805,1.00000000,1.00000000,1.00000000,6009.87250000,208475.50000000,2499.25000000,4,2400.00000000,3400.00000000,2400.00000000,0,12,0,0,False,0,0.00000000,0,12,12,3,600.00000000,540.00000000,1540.00000000,1899.25000000,0.00000000,-1860.00000000,-1860.00000000,3955.03500000,-0.54705882,233.97916667,290.53985909
episode_2020-01-01_2021-12-31,overlapping_2y_episode,2020-01-01,2021-12-31 00:00:00,12,1,protect_frozen,0.90000000,1000.00000000,1,3805,3805,3805,3805,1.00000000,1.00000000,1.00000000,6009.87250000,208475.50000000,2499.25000000,4,2400.00000000,3400.00000000,2800.00000000,2,14,2,0,False,1,0.08333333,0,11,12,2,0.00000000,0.00000000,600.00000000,3792.80000000,16.74000000,-2800.00000000,-2783.26000000,3434.30000000,-0.81860588,,63.06191843
episode_2020-01-01_2021-12-31,overlapping_2y_episode,2020-01-01,2021-12-31 00:00:00,12,1,stable_hash,0.90000000,1000.00000000,1,3805,3805,3805,3805,1.00000000,1.00000000,1.00000000,6009.87250000,208475.50000000,2499.25000000,4,2400.00000000,3400.00000000,2800.00000000,2,14,2,0,False,1,0.08333333,0,11,12,1,800.00000000,720.00000000,1320.00000000,5494.60000000,724.59000000,-2080.00000000,-1355.41000000,5809.94000000,-0.39865000,601.41666667,58.77357683
episode_2020-01-01_2021-12-31,overlapping_2y_episode,2020-01-01,2021-12-31 00:00:00,15,1,round_robin,0.90000000,1000.00000000,1,3805,3805,3805,3805,1.00000000,1.00000000,1.00000000,6009.87250000,208475.50000000,2499.25000000,4,3000.00000000,4000.00000000,3400.00000000,2,17,2,0,False,1,0.06666667,0,14,15,1,0.00000000,0.00000000,600.00000000,6529.50000000,0.00000000,-3400.00000000,-3400.00000000,7269.32000000,-0.85000000,,55.33052202
episode_2020-01-01_2021-12-31,overlapping_2y_episode,2020-01-01,2021-12-31 00:00:00,15,1,least_trades,0.90000000,1000.00000000,1,3805,3805,3805,3805,1.00000000,1.00000000,1.00000000,6009.87250000,208475.50000000,2499.25000000,4,3000.00000000,4000.00000000,3400.00000000,2,17,2,0,False,1,0.06666667,0,14,15,1,0.00000000,0.00000000,600.00000000,6387.45000000,69.43500000,-3400.00000000,-3330.56500000,7850.49500000,-0.83264125,,32.09250518
episode_2020-01-01_2021-12-31,overlapping_2y_episode,2020-01-01,2021-12-31 00:00:00,15,1,max_headroom,0.90000000,1000.00000000,1,3805,3805,3805,3805,1.00000000,1.00000000,1.00000000,6009.87250000,208475.50000000,2499.25000000,4,3000.00000000,4000.00000000,3000.00000000,0,15,0,0,False,0,0.00000000,0,15,15,1,1000.00000000,900.00000000,1900.00000000,1499.25000000,0.00000000,-2100.00000000,-2100.00000000,3493.14000000,-0.52500000,635.14583333,248.25461840
episode_2020-01-01_2021-12-31,overlapping_2y_episode,2020-01-01,2021-12-31 00:00:00,15,1,protect_frozen,0.90000000,1000.00000000,1,3805,3805,3805,3805,1.00000000,1.00000000,1.00000000,6009.87250000,208475.50000000,2499.25000000,4,3000.00000000,4000.00000000,3600.00000000,3,18,3,0,False,1,0.06666667,0,14,15,1,0.00000000,0.00000000,400.00000000,8309.95000000,21.15000000,-3600.00000000,-3578.85000000,7156.03500000,-0.89471250,,18.37558767
episode_2020-01-01_2021-12-31,overlapping_2y_episode,2020-01-01,2021-12-31 00:00:00,15,1,stable_hash,0.90000000,1000.00000000,1,3805,3805,3805,3805,1.00000000,1.00000000,1.00000000,6009.87250000,208475.50000000,2499.25000000,4,3000.00000000,4000.00000000,3200.00000000,1,16,1,0,False,1,0.06666667,0,14,15,2,400.00000000,360.00000000,1160.00000000,4004.15000000,648.27000000,-2840.00000000,-2191.73000000,5713.60000000,-0.54793250,657.97916667,64.11018293
episode_2020-01-01_2021-12-31,overlapping_2y_episode,2020-01-01,2021-12-31 00:00:00,20,1,round_robin,0.90000000,1000.00000000,1,3805,3805,3805,3805,1.00000000,1.00000000,1.00000000,6009.87250000,208475.50000000,2499.25000000,4,4000.00000000,5000.00000000,4200.00000000,1,21,1,0,False,1,0.05000000,0,19,20,1,0.00000000,0.00000000,800.00000000,4698.25000000,0.00000000,-4200.00000000,-4200.00000000,6226.86000000,-0.84000000,,41.23939258
episode_2020-01-01_2021-12-31,overlapping_2y_episode,2020-01-01,2021-12-31 00:00:00,20,1,least_trades,0.90000000,1000.00000000,1,3805,3805,3805,3805,1.00000000,1.00000000,1.00000000,6009.87250000,208475.50000000,2499.25000000,4,4000.00000000,5000.00000000,4200.00000000,1,21,1,0,False,1,0.05000000,0,19,20,1,0.00000000,0.00000000,800.00000000,4698.25000000,15.79500000,-4200.00000000,-4184.20500000,6259.39500000,-0.83684100,,40.09099026
episode_2020-01-01_2021-12-31,overlapping_2y_episode,2020-01-01,2021-12-31 00:00:00,20,1,max_headroom,0.90000000,1000.00000000,1,3805,3805,3805,3805,1.00000000,1.00000000,1.00000000,6009.87250000,208475.50000000,2499.25000000,4,4000.00000000,5000.00000000,4000.00000000,0,20,0,0,False,0,0.00000000,0,20,20,2,200.00000000,180.00000000,1180.00000000,2299.25000000,0.00000000,-3820.00000000,-3820.00000000,3983.85500000,-0.76400000,247.81250000,213.96538856
episode_2020-01-01_2021-12-31,overlapping_2y_episode,2020-01-01,2021-12-31 00:00:00,20,1,protect_frozen,0.90000000,1000.00000000,1,3805,3805,3805,3805,1.00000000,1.00000000,1.00000000,6009.87250000,208475.50000000,2499.25000000,4,4000.00000000,5000.00000000,4000.00000000,0,20,0,0,False,0,0.00000000,0,20,20,1,0.00000000,0.00000000,1000.00000000,2499.25000000,0.00000000,-4000.00000000,-4000.00000000,6271.25000000,-0.80000000,,0.88741197
episode_2020-01-01_2021-12-31,overlapping_2y_episode,2020-01-01,2021-12-31 00:00:00,20,1,stable_hash,0.90000000,1000.00000000,1,3805,3805,3805,3805,1.00000000,1.00000000,1.00000000,6009.87250000,208475.50000000,2499.25000000,4,4000.00000000,5000.00000000,4000.00000000,0,20,0,0,False,0,0.00000000,0,20,20,1,200.00000000,180.00000000,1180.00000000,2299.25000000,400.50000000,-3820.00000000,-3419.50000000,5986.85000000,-0.68390000,698.70833333,11.66565472
episode_2020-01-01_2021-12-31,overlapping_2y_episode,2020-01-01,2021-12-31 00:00:00,4,2,round_robin,0.90000000,1000.00000000,1,3805,7610,7251,7251,0.95282523,0.95295664,0.95269382,11682.22277778,401276.00000000,5379.45000000,4,800.00000000,1800.00000000,1600.00000000,4,8,4,0,False,2,0.50000000,0,2,4,4,2400.00000000,2160.00000000,2360.00000000,10162.35000000,977.31000000,560.00000000,1537.31000000,9706.11500000,0.85406111,152.72916667,752.75008303
episode_2020-01-01_2021-12-31,overlapping_2y_episode,2020-01-01,2021-12-31 00:00:00,4,2,least_trades,0.90000000,1000.00000000,1,3805,7610,7250,7250,0.95269382,0.95295664,0.95243101,11679.81722222,401231.00000000,5205.00000000,4,800.00000000,1800.00000000,2400.00000000,8,12,8,0,False,2,0.50000000,0,2,4,4,2400.00000000,2160.00000000,1560.00000000,10601.60000000,1803.37500000,-240.00000000,1563.37500000,9301.44000000,0.86854167,308.62500000,220.50056689
episode_2020-01-01_2021-12-31,overlapping_2y_episode,2020-01-01,2021-12-31 00:00:00,4,2,max_headroom,0.90000000,1000.00000000,1,3805,7610,7252,7252,0.95295664,0.95295664,0.95295664,11682.87833333,401331.00000000,5335.40000000,4,800.00000000,1800.00000000,1600.00000000,4,8,4,0,False,2,0.50000000,0,2,4,3,200.00000000,180.00000000,380.00000000,6261.40000000,0.00000000,-1420.00000000,-1420.00000000,4215.26000000,-0.78888889,373.10416667,529.31276198
episode_2020-01-01_2021-12-31,overlapping_2y_episode,2020-01-01,2021-12-31 00:00:00,4,2,protect_frozen,0.90000000,1000.00000000,1,3805,7610,7251,7251,0.95282523,0.95295664,0.95269382,11681.33944444,401299.50000000,5367.95000000,4,800.00000000,1800.00000000,2000.00000000,6,10,6,0,False,2,0.50000000,0,2,4,4,1800.00000000,1620.00000000,1420.00000000,9639.60000000,1381.36500000,-380.00000000,1001.36500000,8295.64000000,0.55631389,397.81250000,284.50219683
episode_2020-01-01_2021-12-31,overlapping_2y_episode,2020-01-01,2021-12-31 00:00:00,4,2,stable_hash,0.90000000,1000.00000000,1,3805,7610,7252,7252,0.95295664,0.95295664,0.95295664,11682.87833333,401331.00000000,5335.40000000,4,800.00000000,1800.00000000,1400.00000000,3,7,3,0,False,1,0.25000000,0,3,4,3,1600.00000000,1440.00000000,1840.00000000,7360.05000000,223.47000000,40.00000000,263.47000000,6664.04500000,0.14637222,253.35416667,577.83621166
episode_2020-01-01_2021-12-31,overlapping_2y_episode,2020-01-01,2021-12-31 00:00:00,5,2,round_robin,0.90000000,1000.00000000,1,3805,7610,7414,7414,0.97424442,0.99553219,0.95295664,11841.73944444,408310.50000000,5635.30000000,5,1000.00000000,2000.00000000,1800.00000000,4,9,4,0,False,2,0.40000000,0,3,5,3,200.00000000,180.00000000,380.00000000,8879.65000000,127.03500000,-1620.00000000,-1492.96500000,6371.68500000,-0.74648250,708.18750000,523.43274640
episode_2020-01-01_2021-12-31,overlapping_2y_episode,2020-01-01,2021-12-31 00:00:00,5,2,least_trades,0.90000000,1000.00000000,1,3805,7610,7414,7414,0.97424442,0.99553219,0.95295664,11841.73944444,408310.50000000,5635.30000000,5,1000.00000000,2000.00000000,2400.00000000,7,12,7,0,False,2,0.40000000,0,3,5,5,1200.00000000,1080.00000000,680.00000000,11686.95000000,753.61500000,-1320.00000000,-566.38500000,9198.25500000,-0.28319250,215.97916667,105.90070821
episode_2020-01-01_2021-12-31,overlapping_2y_episode,2020-01-01,2021-12-31 00:00:00,5,2,max_headroom,0.90000000,1000.00000000,1,3805,7610,7414,7414,0.97424442,0.99553219,0.95295664,11841.73944444,408310.50000000,5635.30000000,5,1000.00000000,2000.00000000,1600.00000000,3,8,3,0,False,2,0.40000000,0,3,5,1,1400.00000000,1260.00000000,1660.00000000,4923.95000000,0.00000000,-340.00000000,-340.00000000,4596.36500000,-0.17000000,225.72916667,540.98813296
episode_2020-01-01_2021-12-31,overlapping_2y_episode,2020-01-01,2021-12-31 00:00:00,5,2,protect_frozen,0.90000000,1000.00000000,1,3805,7610,7414,7414,0.97424442,0.99553219,0.95295664,11841.73944444,408310.50000000,5635.30000000,5,1000.00000000,2000.00000000,2400.00000000,7,12,7,0,False,1,0.20000000,0,4,5,5,1400.00000000,1260.00000000,860.00000000,11550.75000000,613.21500000,-1140.00000000,-526.78500000,9255.67500000,-0.26339250,308.20833333,75.39496004
episode_2020-01-01_2021-12-31,overlapping_2y_episode,2020-01-01,2021-12-31 00:00:00,5,2,stable_hash,0.90000000,1000.00000000,1,3805,7610,7414,7414,0.97424442,0.99553219,0.95295664,11841.73944444,408310.50000000,5635.30000000,5,1000.00000000,2000.00000000,1600.00000000,3,8,3,0,False,1,0.20000000,0,4,5,3,2200.00000000,1980.00000000,2380.00000000,7172.80000000,1546.60500000,380.00000000,1926.60500000,7528.70000000,0.96330250,286.35416667,469.80140485
episode_2020-01-01_2021-12-31,overlapping_2y_episode,2020-01-01,2021-12-31 00:00:00,6,2,round_robin,0.90000000,1000.00000000,1,3805,7610,7576,7576,0.99553219,0.99553219,0.99553219,12000.60055556,415290.00000000,5935.20000000,6,1200.00000000,2200.00000000,1600.00000000,2,8,2,0,False,2,0.33333333,0,4,6,4,400.00000000,360.00000000,960.00000000,9648.90000000,0.00000000,-1240.00000000,-1240.00000000,7444.01000000,-0.56363636,698.70833333,227.31084933
episode_2020-01-01_2021-12-31,overlapping_2y_episode,2020-01-01,2021-12-31 00:00:00,6,2,least_trades,0.90000000,1000.00000000,1,3805,7610,7576,7576,0.99553219,0.99553219,0.99553219,12000.60055556,415290.00000000,5935.20000000,6,1200.00000000,2200.00000000,2000.00000000,4,10,4,0,False,2,0.33333333,0,4,6,2,1400.00000000,1260.00000000,1460.00000000,7658.90000000,449.50500000,-740.00000000,-290.49500000,6171.50500000,-0.13204318,443.41666667,54.80267633
episode_2020-01-01_2021-12-31,overlapping_2y_episode,2020-01-01,2021-12-31 00:00:00,6,2,max_headroom,0.90000000,1000.00000000,1,3805,7610,7576,7576,0.99553219,0.99553219,0.99553219,12000.60055556,415290.00000000,5935.20000000,6,1200.00000000,2200.00000000,1200.00000000,0,6,0,0,False,0,0.00000000,0,6,6,4,2000.00000000,1800.00000000,2800.00000000,3935.20000000,0.00000000,600.00000000,600.00000000,4201.53000000,0.27272727,233.97916667,537.50307493
episode_2020-01-01_2021-12-31,overlapping_2y_episode,2020-01-01,2021-12-31 00:00:00,6,2,protect_frozen,0.90000000,1000.00000000,1,3805,7610,7576,7576,0.99553219,0.99553219,0.99553219,12000.60055556,415290.00000000,5935.20000000,6,1200.00000000,2200.00000000,2400.00000000,6,12,6,0,False,2,0.33333333,0,4,6,3,800.00000000,720.00000000,520.00000000,11214.00000000,524.83500000,-1680.00000000,-1155.16500000,8465.65500000,-0.52507500,391.97916667,356.42047578
episode_2020-01-01_2021-12-31,overlapping_2y_episode,2020-01-01,2021-12-31 00:00:00,6,2,stable_hash,0.90000000,1000.00000000,1,3805,7610,7576,7576,0.99553219,0.99553219,0.99553219,12000.60055556,415290.00000000,5935.20000000,6,1200.00000000,2200.00000000,1800.00000000,3,9,3,0,False,1,0.16666667,0,5,6,1,1400.00000000,1260.00000000,1660.00000000,5163.95000000,1053.72000000,-540.00000000,513.72000000,5433.07500000,0.23350909,334.45833333,444.42825318
episode_2020-01-01_2021-12-31,overlapping_2y_episode,2020-01-01,2021-12-31 00:00:00,8,2,round_robin,0.90000000,1000.00000000,1,3805,7610,7610,7610,1.00000000,1.00000000,1.00000000,12019.74500000,416951.00000000,4998.50000000,8,1600.00000000,2600.00000000,2000.00000000,2,10,2,0,False,2,0.25000000,0,6,8,2,2000.00000000,1800.00000000,2400.00000000,4662.30000000,1718.01000000,-200.00000000,1518.01000000,6198.01000000,0.58385000,308.20833333,393.61616773
episode_2020-01-01_2021-12-31,overlapping_2y_episode,2020-01-01,2021-12-31 00:00:00,8,2,least_trades,0.90000000,1000.00000000,1,3805,7610,7610,7610,1.00000000,1.00000000,1.00000000,12019.74500000,416951.00000000,4998.50000000,8,1600.00000000,2600.00000000,2000.00000000,2,10,2,0,False,2,0.25000000,0,6,8,4,200.00000000,180.00000000,780.00000000,8286.80000000,0.00000000,-1820.00000000,-1820.00000000,5638.12000000,-0.70000000,693.91666667,102.48048595
episode_2020-01-01_2021-12-31,overlapping_2y_episode,2020-01-01,2021-12-31 00:00:00,8,2,max_headroom,0.90000000,1000.00000000,1,3805,7610,7610,7610,1.00000000,1.00000000,1.00000000,12019.74500000,416951.00000000,4998.50000000,8,1600.00000000,2600.00000000,1600.00000000,0,8,0,0,False,0,0.00000000,0,8,8,2,1600.00000000,1440.00000000,2440.00000000,3398.50000000,0.00000000,-160.00000000,-160.00000000,5703.59000000,-0.06153846,140.70833333,732.17053171
episode_2020-01-01_2021-12-31,overlapping_2y_episode,2020-01-01,2021-12-31 00:00:00,8,2,protect_frozen,0.90000000,1000.00000000,1,3805,7610,7610,7610,1.00000000,1.00000000,1.00000000,12019.74500000,416951.00000000,4998.50000000,8,1600.00000000,2600.00000000,2000.00000000,2,10,2,0,False,2,0.25000000,0,6,8,3,0.00000000,0.00000000,600.00000000,6879.50000000,0.00000000,-2000.00000000,-2000.00000000,6348.85000000,-0.76923077,,119.38147888
episode_2020-01-01_2021-12-31,overlapping_2y_episode,2020-01-01,2021-12-31 00:00:00,8,2,stable_hash,0.90000000,1000.00000000,1,3805,7610,7610,7610,1.00000000,1.00000000,1.00000000,12019.74500000,416951.00000000,4998.50000000,8,1600.00000000,2600.00000000,2200.00000000,3,11,3,0,False,1,0.12500000,0,7,8,1,200.00000000,180.00000000,580.00000000,6484.70000000,0.00000000,-2020.00000000,-2020.00000000,6256.49000000,-0.77692308,709.66666667,319.79251086
episode_2020-01-01_2021-12-31,overlapping_2y_episode,2020-01-01,2021-12-31 00:00:00,10,2,round_robin,0.90000000,1000.00000000,1,3805,7610,7610,7610,1.00000000,1.00000000,1.00000000,12019.74500000,416951.00000000,4998.50000000,8,2000.00000000,3000.00000000,2800.00000000,4,14,4,0,False,2,0.20000000,0,8,10,2,400.00000000,360.00000000,560.00000000,10466.50000000,0.00000000,-2440.00000000,-2440.00000000,7669.97000000,-0.81333333,308.20833333,261.92059866
episode_2020-01-01_2021-12-31,overlapping_2y_episode,2020-01-01,2021-12-31 00:00:00,10,2,least_trades,0.90000000,1000.00000000,1,3805,7610,7610,7610,1.00000000,1.00000000,1.00000000,12019.74500000,416951.00000000,4998.50000000,8,2000.00000000,3000.00000000,3000.00000000,5,15,5,0,False,2,0.20000000,0,8,10,2,1000.00000000,900.00000000,900.00000000,11591.00000000,737.14500000,-2100.00000000,-1362.85500000,9016.30500000,-0.45428500,308.62500000,0.00000000
episode_2020-01-01_2021-12-31,overlapping_2y_episode,2020-01-01,2021-12-31 00:00:00,10,2,max_headroom,0.90000000,1000.00000000,1,3805,7610,7610,7610,1.00000000,1.00000000,1.00000000,12019.74500000,416951.00000000,4998.50000000,8,2000.00000000,3000.00000000,2000.00000000,0,10,0,0,False,0,0.00000000,0,10,10,4,2000.00000000,1800.00000000,2800.00000000,2998.50000000,0.00000000,-200.00000000,-200.00000000,7069.21000000,-0.06666667,232.89583333,662.68514394
episode_2020-01-01_2021-12-31,overlapping_2y_episode,2020-01-01,2021-12-31 00:00:00,10,2,protect_frozen,0.90000000,1000.00000000,1,3805,7610,7610,7610,1.00000000,1.00000000,1.00000000,12019.74500000,416951.00000000,4998.50000000,8,2000.00000000,3000.00000000,3000.00000000,5,15,5,0,False,2,0.20000000,0,8,10,3,0.00000000,0.00000000,0.00000000,13535.85000000,0.00000000,-3000.00000000,-3000.00000000,10247.32500000,-1.00000000,,203.35587034
episode_2020-01-01_2021-12-31,overlapping_2y_episode,2020-01-01,2021-12-31 00:00:00,10,2,stable_hash,0.90000000,1000.00000000,1,3805,7610,7610,7610,1.00000000,1.00000000,1.00000000,12019.74500000,416951.00000000,4998.50000000,8,2000.00000000,3000.00000000,2600.00000000,3,13,3,0,False,1,0.10000000,0,9,10,2,200.00000000,180.00000000,580.00000000,7917.70000000,174.01500000,-2420.00000000,-2245.98500000,6422.50000000,-0.74866167,673.66666667,276.41425434
episode_2020-01-01_2021-12-31,overlapping_2y_episode,2020-01-01,2021-12-31 00:00:00,12,2,round_robin,0.90000000,1000.00000000,1,3805,7610,7610,7610,1.00000000,1.00000000,1.00000000,12019.74500000,416951.00000000,4998.50000000,8,2400.00000000,3400.00000000,2800.00000000,2,14,2,0,False,2,0.16666667,0,10,12,0,0.00000000,0.00000000,600.00000000,7631.90000000,0.00000000,-2800.00000000,-2800.00000000,5986.88000000,-0.82352941,,169.27172436
episode_2020-01-01_2021-12-31,overlapping_2y_episode,2020-01-01,2021-12-31 00:00:00,12,2,least_trades,0.90000000,1000.00000000,1,3805,7610,7610,7610,1.00000000,1.00000000,1.00000000,12019.74500000,416951.00000000,4998.50000000,8,2400.00000000,3400.00000000,3000.00000000,3,15,3,0,False,2,0.16666667,0,10,12,3,600.00000000,540.00000000,940.00000000,6869.80000000,776.43000000,-2460.00000000,-1683.57000000,6367.83000000,-0.49516765,470.83333333,140.30403495
episode_2020-01-01_2021-12-31,overlapping_2y_episode,2020-01-01,2021-12-31 00:00:00,12,2,max_headroom,0.90000000,1000.00000000,1,3805,7610,7610,7610,1.00000000,1.00000000,1.00000000,12019.74500000,416951.00000000,4998.50000000,8,2400.00000000,3400.00000000,2400.00000000,0,12,0,0,False,0,0.00000000,0,12,12,4,2000.00000000,1800.00000000,2800.00000000,2998.50000000,0.00000000,-600.00000000,-600.00000000,7057.74000000,-0.17647059,139.70833333,418.26045182
episode_2020-01-01_2021-12-31,overlapping_2y_episode,2020-01-01,2021-12-31 00:00:00,12,2,protect_frozen,0.90000000,1000.00000000,1,3805,7610,7610,7610,1.00000000,1.00000000,1.00000000,12019.74500000,416951.00000000,4998.50000000,8,2400.00000000,3400.00000000,3200.00000000,4,16,4,0,False,2,0.16666667,0,10,12,2,0.00000000,0.00000000,200.00000000,11013.05000000,0.00000000,-3200.00000000,-3200.00000000,7572.05500000,-0.94117647,,60.41172394
episode_2020-01-01_2021-12-31,overlapping_2y_episode,2020-01-01,2021-12-31 00:00:00,12,2,stable_hash,0.90000000,1000.00000000,1,3805,7610,7610,7610,1.00000000,1.00000000,1.00000000,12019.74500000,416951.00000000,4998.50000000,8,2400.00000000,3400.00000000,2800.00000000,2,14,2,0,False,1,0.08333333,0,11,12,3,1000.00000000,900.00000000,1500.00000000,7023.30000000,887.53500000,-1900.00000000,-1012.46500000,8131.53500000,-0.29778382,470.72916667,140.93753542
episode_2020-01-01_2021-12-31,overlapping_2y_episode,2020-01-01,2021-12-31 00:00:00,15,2,round_robin,0.90000000,1000.00000000,1,3805,7610,7610,7610,1.00000000,1.00000000,1.00000000,12019.74500000,416951.00000000,4998.50000000,8,3000.00000000,4000.00000000,4200.00000000,6,21,6,0,False,1,0.06666667,0,14,15,5,800.00000000,720.00000000,520.00000000,16294.10000000,26.23500000,-3480.00000000,-3453.76500000,13179.90000000,-0.86344125,247.81250000,130.72066911
episode_2020-01-01_2021-12-31,overlapping_2y_episode,2020-01-01,2021-12-31 00:00:00,15,2,least_trades,0.90000000,1000.00000000,1,3805,7610,7610,7610,1.00000000,1.00000000,1.00000000,12019.74500000,416951.00000000,4998.50000000,8,3000.00000000,4000.00000000,3800.00000000,4,19,4,0,False,1,0.06666667,0,14,15,4,600.00000000,540.00000000,740.00000000,12350.95000000,546.39000000,-3260.00000000,-2713.61000000,9160.94500000,-0.67840250,456.39583333,0.24944383
episode_2020-01-01_2021-12-31,overlapping_2y_episode,2020-01-01,2021-12-31 00:00:00,15,2,max_headroom,0.90000000,1000.00000000,1,3805,7610,7610,7610,1.00000000,1.00000000,1.00000000,12019.74500000,416951.00000000,4998.50000000,8,3000.00000000,4000.00000000,3000.00000000,0,15,0,0,False,0,0.00000000,0,15,15,5,3000.00000000,2700.00000000,3700.00000000,1998.50000000,0.00000000,-300.00000000,-300.00000000,7885.99500000,-0.07500000,140.47916667,528.37457252
episode_2020-01-01_2021-12-31,overlapping_2y_episode,2020-01-01,2021-12-31 00:00:00,15,2,protect_frozen,0.90000000,1000.00000000,1,3805,7610,7610,7610,1.00000000,1.00000000,1.00000000,12019.74500000,416951.00000000,4998.50000000,8,3000.00000000,4000.00000000,4000.00000000,5,20,5,0,False,1,0.06666667,0,14,15,2,0.00000000,0.00000000,0.00000000,11786.50000000,0.00000000,-4000.00000000,-4000.00000000,9412.47500000,-1.00000000,,121.67059354
episode_2020-01-01_2021-12-31,overlapping_2y_episode,2020-01-01,2021-12-31 00:00:00,15,2,stable_hash,0.90000000,1000.00000000,1,3805,7610,7610,7610,1.00000000,1.00000000,1.00000000,12019.74500000,416951.00000000,4998.50000000,8,3000.00000000,4000.00000000,3400.00000000,2,17,2,0,False,1,0.06666667,0,14,15,4,2000.00000000,1800.00000000,2400.00000000,7091.35000000,1430.59500000,-1600.00000000,-169.40500000,10247.55500000,-0.04235125,272.33333333,104.45490255
episode_2020-01-01_2021-12-31,overlapping_2y_episode,2020-01-01,2021-12-31 00:00:00,20,2,round_robin,0.90000000,1000.00000000,1,3805,7610,7610,7610,1.00000000,1.00000000,1.00000000,12019.74500000,416951.00000000,4998.50000000,8,4000.00000000,5000.00000000,5000.00000000,5,25,6,0,False,2,0.10000000,0,18,19,2,0.00000000,0.00000000,0.00000000,13184.30000000,0.00000000,-5000.00000000,-5000.00000000,9649.61500000,-1.00000000,,109.07838550
episode_2020-01-01_2021-12-31,overlapping_2y_episode,2020-01-01,2021-12-31 00:00:00,20,2,least_trades,0.90000000,1000.00000000,1,3805,7610,7610,7610,1.00000000,1.00000000,1.00000000,12019.74500000,416951.00000000,4998.50000000,8,4000.00000000,5000.00000000,4800.00000000,4,24,4,0,False,2,0.10000000,0,18,20,4,600.00000000,540.00000000,740.00000000,13156.60000000,18.94500000,-4260.00000000,-4241.05500000,11688.45000000,-0.84821100,429.33333333,0.48989795
episode_2020-01-01_2021-12-31,overlapping_2y_episode,2020-01-01,2021-12-31 00:00:00,20,2,max_headroom,0.90000000,1000.00000000,1,3805,7610,7610,7610,1.00000000,1.00000000,1.00000000,12019.74500000,416951.00000000,4998.50000000,8,4000.00000000,5000.00000000,4000.00000000,0,20,0,0,False,0,0.00000000,0,20,20,4,2400.00000000,2160.00000000,3160.00000000,2598.50000000,0.00000000,-1840.00000000,-1840.00000000,6877.04000000,-0.36800000,225.14583333,381.85605927
episode_2020-01-01_2021-12-31,overlapping_2y_episode,2020-01-01,2021-12-31 00:00:00,20,2,protect_frozen,0.90000000,1000.00000000,1,3805,7610,7610,7610,1.00000000,1.00000000,1.00000000,12019.74500000,416951.00000000,4998.50000000,8,4000.00000000,5000.00000000,5000.00000000,5,25,6,0,False,2,0.10000000,0,18,19,2,0.00000000,0.00000000,0.00000000,13327.75000000,0.00000000,-5000.00000000,-5000.00000000,10710.62500000,-1.00000000,,72.66276981
episode_2020-01-01_2021-12-31,overlapping_2y_episode,2020-01-01,2021-12-31 00:00:00,20,2,stable_hash,0.90000000,1000.00000000,1,3805,7610,7610,7610,1.00000000,1.00000000,1.00000000,12019.74500000,416951.00000000,4998.50000000,8,4000.00000000,5000.00000000,4800.00000000,4,24,4,0,False,1,0.05000000,0,19,20,3,1000.00000000,900.00000000,1100.00000000,13032.10000000,949.95000000,-3900.00000000,-2950.05000000,11977.39500000,-0.59001000,496.70833333,92.16175997
episode_2020-01-01_2021-12-31,overlapping_2y_episode,2020-01-01,2021-12-31 00:00:00,6,3,round_robin,0.90000000,1000.00000000,1,3805,11415,10875,10875,0.95269382,0.95295664,0.95243101,17518.70083333,601835.50000000,8028.75000000,6,1200.00000000,2200.00000000,2400.00000000,6,12,6,0,False,3,0.50000000,0,3,6,5,4600.00000000,4140.00000000,3940.00000000,14268.05000000,2151.99000000,1740.00000000,3891.99000000,14581.24500000,1.76908636,152.72916667,749.51904949
episode_2020-01-01_2021-12-31,overlapping_2y_episode,2020-01-01,2021-12-31 00:00:00,6,3,least_trades,0.90000000,1000.00000000,1,3805,11415,10876,10876,0.95278143,0.95295664,0.95243101,17521.25638889,601896.50000000,7872.70000000,6,1200.00000000,2200.00000000,3000.00000000,9,15,9,0,False,3,0.50000000,0,3,6,6,2800.00000000,2520.00000000,1720.00000000,14516.50000000,960.84000000,-480.00000000,480.84000000,12584.85000000,0.21856364,308.20833333,326.56580075
episode_2020-01-01_2021-12-31,overlapping_2y_episode,2020-01-01,2021-12-31 00:00:00,6,3,max_headroom,0.90000000,1000.00000000,1,3805,11415,10877,10877,0.95286903,0.95295664,0.95269382,17522.68416667,601981.00000000,8019.65000000,6,1200.00000000,2200.00000000,1800.00000000,3,9,3,0,False,3,0.50000000,0,3,6,3,2000.00000000,1800.00000000,2200.00000000,6618.90000000,0.00000000,0.00000000,0.00000000,6835.99500000,0.00000000,372.70833333,699.99563491
episode_2020-01-01_2021-12-31,overlapping_2y_episode,2020-01-01,2021-12-31 00:00:00,6,3,protect_frozen,0.90000000,1000.00000000,1,3805,11415,10876,10876,0.95278143,0.95295664,0.95243101,17521.25638889,601896.50000000,7872.70000000,6,1200.00000000,2200.00000000,2800.00000000,8,14,8,0,False,3,0.50000000,0,3,6,6,800.00000000,720.00000000,120.00000000,12806.90000000,755.05500000,-2080.00000000,-1324.94500000,9446.21000000,-0.60224773,397.81250000,259.10015224
episode_2020-01-01_2021-12-31,overlapping_2y_episode,2020-01-01,2021-12-31 00:00:00,6,3,stable_hash,0.90000000,1000.00000000,1,3805,11415,10878,10878,0.95295664,0.95295664,0.95295664,17524.31750000,601996.50000000,8003.10000000,6,1200.00000000,2200.00000000,2400.00000000,6,12,6,0,False,1,0.16666667,0,5,6,3,2800.00000000,2520.00000000,2320.00000000,11511.15000000,766.62000000,120.00000000,886.62000000,10480.03500000,0.40300909,289.72916667,645.83290323
episode_2020-01-01_2021-12-31,overlapping_2y_episode,2020-01-01,2021-12-31 00:00:00,8,3,round_robin,0.90000000,1000.00000000,1,3805,11415,11202,11202,0.98134034,0.99553219,0.95295664,17842.03972222,615955.50000000,8602.90000000,8,1600.00000000,2600.00000000,3200.00000000,8,16,8,0,False,1,0.12500000,0,7,8,4,5400.00000000,4860.00000000,4260.00000000,14401.35000000,2833.92000000,1660.00000000,4493.92000000,15502.94500000,1.72843077,225.14583333,430.67633947
episode_2020-01-01_2021-12-31,overlapping_2y_episode,2020-01-01,2021-12-31 00:00:00,8,3,least_trades,0.90000000,1000.00000000,1,3805,11415,11202,11202,0.98134034,0.99553219,0.95295664,17842.03972222,615955.50000000,8602.90000000,8,1600.00000000,2600.00000000,3200.00000000,8,16,8,0,False,2,0.25000000,0,6,8,3,3800.00000000,3420.00000000,2820.00000000,14575.75000000,2785.14000000,220.00000000,3005.14000000,13338.17500000,1.15582308,139.70833333,259.84511613
episode_2020-01-01_2021-12-31,overlapping_2y_episode,2020-01-01,2021-12-31 00:00:00,8,3,max_headroom,0.90000000,1000.00000000,1,3805,11415,11202,11202,0.98134034,0.99553219,0.95295664,17842.03972222,615955.50000000,8602.90000000,8,1600.00000000,2600.00000000,2000.00000000,2,10,2,0,False,2,0.25000000,0,6,8,4,2600.00000000,2340.00000000,2940.00000000,5622.05000000,34.65000000,340.00000000,374.65000000,7277.69500000,0.14409615,224.87500000,739.42789329
episode_2020-01-01_2021-12-31,overlapping_2y_episode,2020-01-01,2021-12-31 00:00:00,8,3,protect_frozen,0.90000000,1000.00000000,1,3805,11415,11202,11202,0.98134034,0.99553219,0.95295664,17842.03972222,615955.50000000,8602.90000000,8,1600.00000000,2600.00000000,3800.00000000,11,19,11,0,False,3,0.37500000,0,5,8,8,2600.00000000,2340.00000000,1140.00000000,18969.10000000,1141.29000000,-1460.00000000,-318.71000000,15612.19000000,-0.12258077,306.47916667,95.08252994
episode_2020-01-01_2021-12-31,overlapping_2y_episode,2020-01-01,2021-12-31 00:00:00,8,3,stable_hash,0.90000000,1000.00000000,1,3805,11415,11202,11202,0.98134034,0.99553219,0.95295664,17842.03972222,615955.50000000,8602.90000000,8,1600.00000000,2600.00000000,2800.00000000,6,14,6,0,False,1,0.12500000,0,7,8,5,1800.00000000,1620.00000000,1420.00000000,11714.90000000,967.72500000,-1180.00000000,-212.27500000,10345.98500000,-0.08164423,260.70833333,408.87528661
episode_2020-01-01_2021-12-31,overlapping_2y_episode,2020-01-01,2021-12-31 00:00:00,10,3,round_robin,0.90000000,1000.00000000,1,3805,11415,11381,11381,0.99702146,1.00000000,0.99553219,18010.47305556,623765.50000000,8434.45000000,10,2000.00000000,3000.00000000,3400.00000000,7,17,7,0,False,1,0.10000000,0,9,10,6,1800.00000000,1620.00000000,1220.00000000,16249.30000000,619.78500000,-1780.00000000,-1160.21500000,13048.44500000,-0.38673833,247.81250000,369.15747317
episode_2020-01-01_2021-12-31,overlapping_2y_episode,2020-01-01,2021-12-31 00:00:00,10,3,least_trades,0.90000000,1000.00000000,1,3805,11415,11381,11381,0.99702146,1.00000000,0.99553219,18010.47305556,623765.50000000,8434.45000000,10,2000.00000000,3000.00000000,3200.00000000,6,16,6,0,False,2,0.20000000,0,8,10,6,3400.00000000,3060.00000000,2860.00000000,16460.95000000,770.76000000,-140.00000000,630.76000000,14674.85500000,0.21025333,216.70833333,59.80041806
episode_2020-01-01_2021-12-31,overlapping_2y_episode,2020-01-01,2021-12-31 00:00:00,10,3,max_headroom,0.90000000,1000.00000000,1,3805,11415,11381,11381,0.99702146,1.00000000,0.99553219,18010.47305556,623765.50000000,8434.45000000,10,2000.00000000,3000.00000000,2000.00000000,0,10,0,0,False,0,0.00000000,0,10,10,4,2600.00000000,2340.00000000,3340.00000000,5834.45000000,0.00000000,340.00000000,340.00000000,6960.40000000,0.11333333,139.70833333,459.41189580
episode_2020-01-01_2021-12-31,overlapping_2y_episode,2020-01-01,2021-12-31 00:00:00,10,3,protect_frozen,0.90000000,1000.00000000,1,3805,11415,11381,11381,0.99702146,1.00000000,0.99553219,18010.47305556,623765.50000000,8434.45000000,10,2000.00000000,3000.00000000,3800.00000000,9,19,9,0,False,3,0.30000000,0,7,10,9,2600.00000000,2340.00000000,1540.00000000,20622.75000000,1241.41500000,-1460.00000000,-218.58500000,17657.03500000,-0.07286167,306.47916667,180.60467879
episode_2020-01-01_2021-12-31,overlapping_2y_episode,2020-01-01,2021-12-31 00:00:00,10,3,stable_hash,0.90000000,1000.00000000,1,3805,11415,11381,11381,0.99702146,1.00000000,0.99553219,18010.47305556,623765.50000000,8434.45000000,10,2000.00000000,3000.00000000,3600.00000000,8,18,8,0,False,1,0.10000000,0,9,10,3,2400.00000000,2160.00000000,1560.00000000,13259.85000000,1466.28000000,-1440.00000000,26.28000000,11403.27000000,0.00876000,246.97916667,491.39211430
episode_2020-01-01_2021-12-31,overlapping_2y_episode,2020-01-01,2021-12-31 00:00:00,12,3,round_robin,0.90000000,1000.00000000,1,3805,11415,11415,11415,1.00000000,1.00000000,1.00000000,18029.61750000,625426.50000000,7497.75000000,12,2400.00000000,3400.00000000,3000.00000000,3,15,3,0,False,3,0.25000000,0,9,12,3,3200.00000000,2880.00000000,3280.00000000,6793.45000000,2801.56500000,-120.00000000,2681.56500000,9701.56500000,0.78869559,308.20833333,393.80793225
episode_2020-01-01_2021-12-31,overlapping_2y_episode,2020-01-01,2021-12-31 00:00:00,12,3,least_trades,0.90000000,1000.00000000,1,3805,11415,11415,11415,1.00000000,1.00000000,1.00000000,18029.61750000,625426.50000000,7497.75000000,12,2400.00000000,3400.00000000,3000.00000000,3,15,3,0,False,3,0.25000000,0,9,12,6,0.00000000,0.00000000,400.00000000,12730.20000000,0.00000000,-3000.00000000,-3000.00000000,8457.18000000,-0.88235294,,102.76996967
episode_2020-01-01_2021-12-31,overlapping_2y_episode,2020-01-01,2021-12-31 00:00:00,12,3,max_headroom,0.90000000,1000.00000000,1,3805,11415,11415,11415,1.00000000,1.00000000,1.00000000,18029.61750000,625426.50000000,7497.75000000,12,2400.00000000,3400.00000000,2400.00000000,0,12,0,0,False,0,0.00000000,0,12,12,3,2400.00000000,2160.00000000,3160.00000000,5097.75000000,0.00000000,-240.00000000,-240.00000000,8555.38500000,-0.07058824,140.70833333,732.17053171
episode_2020-01-01_2021-12-31,overlapping_2y_episode,2020-01-01,2021-12-31 00:00:00,12,3,protect_frozen,0.90000000,1000.00000000,1,3805,11415,11415,11415,1.00000000,1.00000000,1.00000000,18029.61750000,625426.50000000,7497.75000000,12,2400.00000000,3400.00000000,3000.00000000,3,15,3,0,False,3,0.25000000,0,9,12,3,0.00000000,0.00000000,400.00000000,10319.25000000,0.00000000,-3000.00000000,-3000.00000000,8679.79500000,-0.88235294,,119.36786628
episode_2020-01-01_2021-12-31,overlapping_2y_episode,2020-01-01,2021-12-31 00:00:00,12,3,stable_hash,0.90000000,1000.00000000,1,3805,11415,11415,11415,1.00000000,1.00000000,1.00000000,18029.61750000,625426.50000000,7497.75000000,12,2400.00000000,3400.00000000,3600.00000000,6,18,6,0,False,1,0.08333333,0,11,12,4,1600.00000000,1440.00000000,1240.00000000,12203.05000000,1399.45500000,-2160.00000000,-760.54500000,11200.45500000,-0.22368971,260.70833333,387.82480115
episode_2020-01-01_2021-12-31,overlapping_2y_episode,2020-01-01,2021-12-31 00:00:00,15,3,round_robin,0.90000000,1000.00000000,1,3805,11415,11415,11415,1.00000000,1.00000000,1.00000000,18029.61750000,625426.50000000,7497.75000000,12,3000.00000000,4000.00000000,4200.00000000,6,21,6,0,False,3,0.20000000,0,12,15,3,600.00000000,540.00000000,340.00000000,15699.75000000,0.00000000,-3660.00000000,-3660.00000000,11504.95500000,-0.91500000,308.20833333,261.92059866
episode_2020-01-01_2021-12-31,overlapping_2y_episode,2020-01-01,2021-12-31 00:00:00,15,3,least_trades,0.90000000,1000.00000000,1,3805,11415,11415,11415,1.00000000,1.00000000,1.00000000,18029.61750000,625426.50000000,7497.75000000,12,3000.00000000,4000.00000000,4800.00000000,9,24,9,0,False,3,0.20000000,0,12,15,6,1000.00000000,900.00000000,100.00000000,20002.75000000,1179.58500000,-3900.00000000,-2720.41500000,14805.15000000,-0.68010375,308.62500000,154.62025166
episode_2020-01-01_2021-12-31,overlapping_2y_episode,2020-01-01,2021-12-31 00:00:00,15,3,max_headroom,0.90000000,1000.00000000,1,3805,11415,11415,11415,1.00000000,1.00000000,1.00000000,18029.61750000,625426.50000000,7497.75000000,12,3000.00000000,4000.00000000,3000.00000000,0,15,0,0,False,0,0.00000000,0,15,15,6,3000.00000000,2700.00000000,3700.00000000,4497.75000000,0.00000000,-300.00000000,-300.00000000,10603.81500000,-0.07500000,232.89583333,662.68514394
episode_2020-01-01_2021-12-31,overlapping_2y_episode,2020-01-01,2021-12-31 00:00:00,15,3,protect_frozen,0.90000000,1000.00000000,1,3805,11415,11403,11403,0.99894875,1.00000000,0.99789750,18022.83972222,625071.00000000,7773.85000000,12,3000.00000000,4000.00000000,4600.00000000,8,23,10,0,False,3,0.20000000,0,10,13,9,800.00000000,720.00000000,120.00000000,22403.90000000,451.30500000,-3880.00000000,-3428.69500000,17904.59000000,-0.85717375,447.62500000,412.48023083
episode_2020-01-01_2021-12-31,overlapping_2y_episode,2020-01-01,2021-12-31 00:00:00,15,3,stable_hash,0.90000000,1000.00000000,1,3805,11415,11415,11415,1.00000000,1.00000000,1.00000000,18029.61750000,625426.50000000,7497.75000000,12,3000.00000000,4000.00000000,4000.00000000,5,20,5,0,False,1,0.06666667,0,14,15,4,1600.00000000,1440.00000000,1440.00000000,12033.75000000,1215.99000000,-2560.00000000,-1344.01000000,9458.60000000,-0.33600250,317.97916667,251.88092425
episode_2020-01-01_2021-12-31,overlapping_2y_episode,2020-01-01,2021-12-31 00:00:00,20,3,round_robin,0.90000000,1000.00000000,1,3805,11415,11415,11415,1.00000000,1.00000000,1.00000000,18029.61750000,625426.50000000,7497.75000000,12,4000.00000000,5000.00000000,5600.00000000,8,28,8,0,False,1,0.05000000,0,19,20,2,1000.00000000,900.00000000,300.00000000,20138.10000000,168.16500000,-4700.00000000,-4531.83500000,14215.79500000,-0.90636700,247.81250000,125.83616332
episode_2020-01-01_2021-12-31,overlapping_2y_episode,2020-01-01,2021-12-31 00:00:00,20,3,least_trades,0.90000000,1000.00000000,1,3805,11415,11415,11415,1.00000000,1.00000000,1.00000000,18029.61750000,625426.50000000,7497.75000000,12,4000.00000000,5000.00000000,5200.00000000,6,26,6,0,False,1,0.05000000,0,19,20,4,1400.00000000,1260.00000000,1060.00000000,17895.05000000,1411.65000000,-3940.00000000,-2528.35000000,15453.24500000,-0.50567000,308.64583333,0.21794495
episode_2020-01-01_2021-12-31,overlapping_2y_episode,2020-01-01,2021-12-31 00:00:00,20,3,max_headroom,0.90000000,1000.00000000,1,3805,11415,11415,11415,1.00000000,1.00000000,1.00000000,18029.61750000,625426.50000000,7497.75000000,12,4000.00000000,5000.00000000,4000.00000000,0,20,0,0,False,0,0.00000000,0,20,20,7,1800.00000000,1620.00000000,2620.00000000,5697.75000000,0.00000000,-2380.00000000,-2380.00000000,9014.90000000,-0.47600000,225.14583333,384.22452746
episode_2020-01-01_2021-12-31,overlapping_2y_episode,2020-01-01,2021-12-31 00:00:00,20,3,protect_frozen,0.90000000,1000.00000000,1,3805,11415,11415,11415,1.00000000,1.00000000,1.00000000,18029.61750000,625426.50000000,7497.75000000,12,4000.00000000,5000.00000000,5000.00000000,5,25,7,0,False,1,0.05263158,0,18,18,4,0.00000000,0.00000000,0.00000000,19521.10000000,27.27000000,-5000.00000000,-4972.73000000,16160.17000000,-0.99454600,,121.65017646
episode_2020-01-01_2021-12-31,overlapping_2y_episode,2020-01-01,2021-12-31 00:00:00,20,3,stable_hash,0.90000000,1000.00000000,1,3805,11415,11415,11415,1.00000000,1.00000000,1.00000000,18029.61750000,625426.50000000,7497.75000000,12,4000.00000000,5000.00000000,5000.00000000,5,25,5,0,False,1,0.05000000,0,19,20,4,1600.00000000,1440.00000000,1440.00000000,13519.55000000,1345.54500000,-3560.00000000,-2214.45500000,13160.20000000,-0.44289100,470.72916667,202.40589789
episode_2020-01-01_2021-12-31,overlapping_2y_episode,2020-01-01,2021-12-31 00:00:00,8,4,round_robin,0.90000000,1000.00000000,1,3805,15220,14500,14500,0.95269382,0.95295664,0.95243101,23355.83444444,802450.00000000,10634.00000000,8,1600.00000000,2600.00000000,3000.00000000,7,15,7,0,False,4,0.50000000,0,4,8,5,7800.00000000,7020.00000000,6620.00000000,15700.10000000,3519.54000000,4020.00000000,7539.54000000,18150.09000000,2.89982308,152.72916667,688.39178525
episode_2020-01-01_2021-12-31,overlapping_2y_episode,2020-01-01,2021-12-31 00:00:00,8,4,least_trades,0.90000000,1000.00000000,1,3805,15220,14500,14500,0.95269382,0.95295664,0.95243101,23359.63444444,802462.00000000,10410.00000000,8,1600.00000000,2600.00000000,4600.00000000,15,23,15,0,False,4,0.50000000,0,4,8,7,5000.00000000,4500.00000000,2500.00000000,21490.35000000,4265.59500000,-100.00000000,4165.59500000,19241.31500000,1.60215192,299.66666667,228.31060942
episode_2020-01-01_2021-12-31,overlapping_2y_episode,2020-01-01,2021-12-31 00:00:00,8,4,max_headroom,0.90000000,1000.00000000,1,3805,15220,14502,14502,0.95282523,0.95295664,0.95269382,23362.49000000,802631.00000000,10703.90000000,8,1600.00000000,2600.00000000,3200.00000000,8,16,8,0,False,4,0.50000000,0,4,8,4,4000.00000000,3600.00000000,3000.00000000,14218.10000000,225.94500000,400.00000000,625.94500000,13196.29000000,0.24074808,372.93750000,1001.95184515
episode_2020-01-01_2021-12-31,overlapping_2y_episode,2020-01-01,2021-12-31 00:00:00,8,4,protect_frozen,0.90000000,1000.00000000,1,3805,15220,14498,14498,0.95256242,0.95295664,0.95164258,23356.26222222,802189.50000000,10075.10000000,8,1600.00000000,2600.00000000,4000.00000000,12,20,12,0,False,4,0.50000000,0,4,8,8,2400.00000000,2160.00000000,760.00000000,19045.45000000,1913.40000000,-1840.00000000,73.40000000,15300.90500000,0.02823077,419.93750000,277.94893303
episode_2020-01-01_2021-12-31,overlapping_2y_episode,2020-01-01,2021-12-31 00:00:00,8,4,stable_hash,0.90000000,1000.00000000,1,3805,15220,14504,14504,0.95295664,0.95295664,0.95295664,23365.75666667,802662.00000000,10670.80000000,8,1600.00000000,2600.00000000,3000.00000000,7,15,7,0,False,1,0.12500000,0,7,8,4,2600.00000000,2340.00000000,1940.00000000,13618.20000000,660.15000000,-660.00000000,0.15000000,11776.87500000,0.00005769,258.33333333,680.24182281
episode_2020-01-01_2021-12-31,overlapping_2y_episode,2020-01-01,2021-12-31 00:00:00,10,4,round_robin,0.90000000,1000.00000000,1,3805,15220,14828,14828,0.97424442,0.99553219,0.95295664,23683.47888889,816621.00000000,11270.60000000,10,2000.00000000,3000.00000000,4000.00000000,10,20,10,0,False,4,0.40000000,0,6,10,4,3600.00000000,3240.00000000,2240.00000000,17392.00000000,2064.69000000,-760.00000000,1304.69000000,14999.09000000,0.43489667,140.70833333,554.12489567
episode_2020-01-01_2021-12-31,overlapping_2y_episode,2020-01-01,2021-12-31 00:00:00,10,4,least_trades,0.90000000,1000.00000000,1,3805,15220,14828,14828,0.97424442,0.99553219,0.95295664,23683.47888889,816621.00000000,11270.60000000,10,2000.00000000,3000.00000000,4000.00000000,10,20,10,0,False,2,0.20000000,0,8,10,5,1800.00000000,1620.00000000,620.00000000,20511.25000000,801.94500000,-2380.00000000,-1578.05500000,16080.12500000,-0.52601833,308.20833333,239.10426596
episode_2020-01-01_2021-12-31,overlapping_2y_episode,2020-01-01,2021-12-31 00:00:00,10,4,max_headroom,0.90000000,1000.00000000,1,3805,15220,14828,14828,0.97424442,0.99553219,0.95295664,23683.47888889,816621.00000000,11270.60000000,10,2000.00000000,3000.00000000,3200.00000000,6,16,6,0,False,4,0.40000000,0,6,10,2,2800.00000000,2520.00000000,2320.00000000,9847.90000000,0.00000000,-680.00000000,-680.00000000,9336.05500000,-0.22666667,225.72916667,579.88150514
episode_2020-01-01_2021-12-31,overlapping_2y_episode,2020-01-01,2021-12-31 00:00:00,10,4,protect_frozen,0.90000000,1000.00000000,1,3805,15220,14815,14815,0.97339028,0.99553219,0.95269382,23660.83444444,816008.00000000,11093.25000000,10,2000.00000000,3000.00000000,4600.00000000,13,23,13,0,False,4,0.40000000,0,6,10,10,2800.00000000,2520.00000000,920.00000000,23012.60000000,1666.26000000,-2080.00000000,-413.74000000,18631.34000000,-0.13791333,398.75000000,72.91748761
episode_2020-01-01_2021-12-31,overlapping_2y_episode,2020-01-01,2021-12-31 00:00:00,10,4,stable_hash,0.90000000,1000.00000000,1,3805,15220,14828,14828,0.97424442,0.99553219,0.95295664,23683.47888889,816621.00000000,11270.60000000,10,2000.00000000,3000.00000000,3400.00000000,7,17,7,0,False,1,0.10000000,0,9,10,4,1000.00000000,900.00000000,500.00000000,13900.70000000,0.00000000,-2500.00000000,-2500.00000000,10125.96500000,-0.83333333,274.25000000,490.43882391
episode_2020-01-01_2021-12-31,overlapping_2y_episode,2020-01-01,2021-12-31 00:00:00,12,4,round_robin,0.90000000,1000.00000000,1,3805,15220,15150,15150,0.99540079,0.99553219,0.99526938,24000.07888889,830479.00000000,11865.50000000,12,2400.00000000,3400.00000000,3200.00000000,4,16,4,0,False,4,0.33333333,0,8,12,8,1200.00000000,1080.00000000,1280.00000000,18892.90000000,260.01000000,-2120.00000000,-1859.99000000,15820.51000000,-0.54705588,302.85416667,227.52979048
episode_2020-01-01_2021-12-31,overlapping_2y_episode,2020-01-01,2021-12-31 00:00:00,12,4,least_trades,0.90000000,1000.00000000,1,3805,15220,15152,15152,0.99553219,0.99553219,0.99553219,24001.20111111,830580.00000000,11870.40000000,12,2400.00000000,3400.00000000,4000.00000000,8,20,8,0,False,4,0.33333333,0,8,12,4,3000.00000000,2700.00000000,2100.00000000,15655.80000000,1142.91000000,-1300.00000000,-157.09000000,12801.56000000,-0.04620294,247.81250000,55.51276130
episode_2020-01-01_2021-12-31,overlapping_2y_episode,2020-01-01,2021-12-31 00:00:00,12,4,max_headroom,0.90000000,1000.00000000,1,3805,15220,15152,15152,0.99553219,0.99553219,0.99553219,24001.20111111,830580.00000000,11870.40000000,12,2400.00000000,3400.00000000,2400.00000000,0,12,0,0,False,0,0.00000000,0,12,12,8,4000.00000000,3600.00000000,4600.00000000,7870.40000000,0.00000000,1200.00000000,1200.00000000,8403.06000000,0.35294118,233.97916667,537.50307493
episode_2020-01-01_2021-12-31,overlapping_2y_episode,2020-01-01,2021-12-31 00:00:00,12,4,protect_frozen,0.90000000,1000.00000000,1,3805,15220,15087,15087,0.99126150,0.99553219,0.98239159,23920.66777778,827664.50000000,11286.65000000,12,2400.00000000,3400.00000000,5400.00000000,15,27,15,0,False,4,0.33333333,0,8,12,8,3200.00000000,2880.00000000,880.00000000,25681.60000000,2183.40000000,-2520.00000000,-336.60000000,20676.42000000,-0.09900000,419.93750000,170.42911527
episode_2020-01-01_2021-12-31,overlapping_2y_episode,2020-01-01,2021-12-31 00:00:00,12,4,stable_hash,0.90000000,1000.00000000,1,3805,15220,15152,15152,0.99553219,0.99553219,0.99553219,24001.20111111,830580.00000000,11870.40000000,12,2400.00000000,3400.00000000,3600.00000000,6,18,6,0,False,1,0.08333333,0,11,12,5,2600.00000000,2340.00000000,2140.00000000,16953.25000000,1267.47000000,-1260.00000000,7.47000000,14080.27500000,0.00219706,236.43750000,287.94215999
episode_2020-01-01_2021-12-31,overlapping_2y_episode,2020-01-01,2021-12-31 00:00:00,15,4,round_robin,0.90000000,1000.00000000,1,3805,15220,15203,15203,0.99888305,1.00000000,0.99553219,24029.91777778,833071.50000000,10465.35000000,15,3000.00000000,4000.00000000,4800.00000000,9,24,9,0,False,1,0.07142857,0,13,15,6,1800.00000000,1620.00000000,820.00000000,16540.60000000,686.74500000,-3180.00000000,-2493.25500000,12636.82500000,-0.62331375,420.97916667,286.09459197
episode_2020-01-01_2021-12-31,overlapping_2y_episode,2020-01-01,2021-12-31 00:00:00,15,4,least_trades,0.90000000,1000.00000000,1,3805,15220,15203,15203,0.99888305,1.00000000,0.99553219,24029.91777778,833071.50000000,10465.35000000,15,3000.00000000,4000.00000000,5000.00000000,10,25,10,0,False,2,0.13333333,0,13,15,9,2200.00000000,1980.00000000,980.00000000,23067.60000000,594.63000000,-3020.00000000,-2425.37000000,18900.40000000,-0.60634250,308.20833333,12.57440080
episode_2020-01-01_2021-12-31,overlapping_2y_episode,2020-01-01,2021-12-31 00:00:00,15,4,max_headroom,0.90000000,1000.00000000,1,3805,15220,15203,15203,0.99888305,1.00000000,0.99553219,24029.91777778,833071.50000000,10465.35000000,15,3000.00000000,4000.00000000,3000.00000000,0,15,0,0,False,0,0.00000000,0,15,15,5,3600.00000000,3240.00000000,4240.00000000,6865.35000000,0.00000000,240.00000000,240.00000000,10392.72000000,0.06000000,139.70833333,486.29372011
episode_2020-01-01_2021-12-31,overlapping_2y_episode,2020-01-01,2021-12-31 00:00:00,15,4,protect_frozen,0.90000000,1000.00000000,1,3805,15220,15199,15199,0.99862024,1.00000000,0.99553219,24028.06222222,832872.50000000,10481.55000000,15,3000.00000000,4000.00000000,5800.00000000,14,29,14,0,False,3,0.20000000,0,12,15,11,2000.00000000,1800.00000000,0.00000000,30671.95000000,1402.74000000,-4000.00000000,-2597.26000000,23604.75500000,-0.64931500,397.81250000,243.43855259
episode_2020-01-01_2021-12-31,overlapping_2y_episode,2020-01-01,2021-12-31 00:00:00,15,4,stable_hash,0.90000000,1000.00000000,1,3805,15220,15203,15203,0.99888305,1.00000000,0.99553219,24029.91777778,833071.50000000,10465.35000000,15,3000.00000000,4000.00000000,4400.00000000,7,22,7,0,False,1,0.06666667,0,14,15,6,2200.00000000,1980.00000000,1580.00000000,17208.80000000,1536.07500000,-2420.00000000,-883.92500000,14974.03000000,-0.22098125,313.12500000,282.79284919
episode_2020-01-01_2021-12-31,overlapping_2y_episode,2020-01-01,2021-12-31 00:00:00,20,4,round_robin,0.90000000,1000.00000000,1,3805,15220,15220,15220,1.00000000,1.00000000,1.00000000,24039.49000000,833902.00000000,9997.00000000,16,4000.00000000,5000.00000000,5600.00000000,8,28,8,0,False,4,0.20000000,0,16,20,4,800.00000000,720.00000000,120.00000000,20933.00000000,0.00000000,-4880.00000000,-4880.00000000,15031.28500000,-0.97600000,308.20833333,262.04980443
episode_2020-01-01_2021-12-31,overlapping_2y_episode,2020-01-01,2021-12-31 00:00:00,20,4,least_trades,0.90000000,1000.00000000,1,3805,15220,15220,15220,1.00000000,1.00000000,1.00000000,24039.49000000,833902.00000000,9997.00000000,16,4000.00000000,5000.00000000,6600.00000000,13,33,13,0,False,4,0.20000000,0,15,20,10,2600.00000000,2340.00000000,740.00000000,25389.95000000,2166.66000000,-4260.00000000,-2093.34000000,20314.77000000,-0.41866800,308.62500000,138.44366183
episode_2020-01-01_2021-12-31,overlapping_2y_episode,2020-01-01,2021-12-31 00:00:00,20,4,max_headroom,0.90000000,1000.00000000,1,3805,15220,15220,15220,1.00000000,1.00000000,1.00000000,24039.49000000,833902.00000000,9997.00000000,16,4000.00000000,5000.00000000,4000.00000000,0,20,0,0,False,0,0.00000000,0,20,20,8,4000.00000000,3600.00000000,4600.00000000,5997.00000000,0.00000000,-400.00000000,-400.00000000,14138.42000000,-0.08000000,232.89583333,662.68514394
episode_2020-01-01_2021-12-31,overlapping_2y_episode,2020-01-01,2021-12-31 00:00:00,20,4,protect_frozen,0.90000000,1000.00000000,1,3805,15220,15202,15202,0.99881735,1.00000000,0.99789750,24029.17888889,833402.50000000,10423.40000000,16,4000.00000000,5000.00000000,6600.00000000,13,33,15,0,False,4,0.20000000,0,12,18,10,1800.00000000,1620.00000000,20.00000000,29182.80000000,1370.56500000,-4980.00000000,-3609.43500000,24127.89000000,-0.72188700,489.95833333,264.05618089
episode_2020-01-01_2021-12-31,overlapping_2y_episode,2020-01-01,2021-12-31 00:00:00,20,4,stable_hash,0.90000000,1000.00000000,1,3805,15220,15220,15220,1.00000000,1.00000000,1.00000000,24039.49000000,833902.00000000,9997.00000000,16,4000.00000000,5000.00000000,5000.00000000,5,25,5,0,False,1,0.05000000,0,19,20,5,2800.00000000,2520.00000000,2520.00000000,14366.70000000,1927.30500000,-2480.00000000,-552.69500000,16069.99000000,-0.11053900,222.85416667,210.64130649
episode_2020-01-01_2021-12-31,overlapping_2y_episode,2020-01-01,2021-12-31 00:00:00,20,6,round_robin,0.90000000,1000.00000000,1,3805,22830,22762,22762,0.99702146,1.00000000,0.99553219,36020.94611111,1247531.00000000,16868.90000001,20,4000.00000000,5000.00000000,6600.00000000,13,33,13,0,False,2,0.10000000,0,18,20,11,6600.00000000,5940.00000000,4340.00000000,28946.35000000,1443.82500000,-660.00000000,783.82500000,26557.35000000,0.15676500,153.95833333,356.20559723
episode_2020-01-01_2021-12-31,overlapping_2y_episode,2020-01-01,2021-12-31 00:00:00,20,6,least_trades,0.90000000,1000.00000000,1,3805,22830,22762,22762,0.99702146,1.00000000,0.99553219,36020.94611111,1247531.00000000,16868.90000001,20,4000.00000000,5000.00000000,6400.00000000,12,32,12,0,False,4,0.20000000,0,16,20,13,6400.00000000,5760.00000000,4360.00000000,32192.10000000,3392.77500000,-640.00000000,2752.77500000,30129.83000000,0.55055500,216.70833333,60.70329480
episode_2020-01-01_2021-12-31,overlapping_2y_episode,2020-01-01,2021-12-31 00:00:00,20,6,max_headroom,0.90000000,1000.00000000,1,3805,22830,22762,22762,0.99702146,1.00000000,0.99553219,36020.94611111,1247531.00000000,16868.90000001,20,4000.00000000,5000.00000000,4000.00000000,0,20,0,0,False,0,0.00000000,0,20,20,8,5200.00000000,4680.00000000,5680.00000000,11668.90000000,0.00000000,680.00000000,680.00000000,13920.80000000,0.13600000,139.70833333,459.41189580
episode_2020-01-01_2021-12-31,overlapping_2y_episode,2020-01-01,2021-12-31 00:00:00,20,6,protect_frozen,0.90000000,1000.00000000,1,3805,22830,22743,22743,0.99618922,0.99921156,0.99316689,36006.96277778,1247020.50000000,16881.85000001,20,4000.00000000,5000.00000000,7400.00000000,17,37,17,0,False,3,0.15000000,0,17,20,17,4000.00000000,3600.00000000,1200.00000000,41262.40000000,3028.86000000,-3800.00000000,-771.14000000,35572.43500000,-0.15422800,306.47916667,283.92867062
episode_2020-01-01_2021-12-31,overlapping_2y_episode,2020-01-01,2021-12-31 00:00:00,20,6,stable_hash,0.90000000,1000.00000000,1,3805,22830,22762,22762,0.99702146,1.00000000,0.99553219,36020.94611111,1247531.00000000,16868.90000001,20,4000.00000000,5000.00000000,6200.00000000,11,31,11,0,False,1,0.05000000,0,19,20,10,3200.00000000,2880.00000000,1680.00000000,26202.95000000,954.00000000,-3320.00000000,-2366.00000000,21888.14500000,-0.47320000,139.70833333,382.27130091
episode_2020-01-01_2021-12-31,overlapping_2y_episode,2020-01-01,2021-12-31 00:00:00,24,6,round_robin,0.90000000,1000.00000000,1,3805,22830,22830,22830,1.00000000,1.00000000,1.00000000,36059.23500000,1250853.00000000,14995.50000001,24,4800.00000000,5800.00000000,6000.00000000,6,30,6,0,False,6,0.25000000,1,18,24,6,6800.00000000,6120.00000000,5920.00000000,13186.90000000,6052.23000000,120.00000000,6172.23000000,20212.23000000,1.06417759,308.20833333,393.99960343
episode_2020-01-01_2021-12-31,overlapping_2y_episode,2020-01-01,2021-12-31 00:00:00,24,6,least_trades,0.90000000,1000.00000000,1,3805,22830,22824,22824,0.99973719,1.00000000,0.99842313,36055.30166667,1250726.00000000,15128.80000001,24,4800.00000000,5800.00000000,6000.00000000,6,30,6,0,False,6,0.25000000,1,18,24,10,400.00000000,360.00000000,160.00000000,25193.70000000,547.20000000,-5640.00000000,-5092.80000000,18135.97500000,-0.87806897,677.33333333,178.95838669
episode_2020-01-01_2021-12-31,overlapping_2y_episode,2020-01-01,2021-12-31 00:00:00,24,6,max_headroom,0.90000000,1000.00000000,1,3805,22830,22830,22830,1.00000000,1.00000000,1.00000000,36059.23500000,1250853.00000000,14995.50000001,24,4800.00000000,5800.00000000,4800.00000000,0,24,0,0,False,0,0.00000000,0,24,24,6,4800.00000000,4320.00000000,5320.00000000,10195.50000000,0.00000000,-480.00000000,-480.00000000,17110.77000000,-0.08275862,140.70833333,732.17053171
episode_2020-01-01_2021-12-31,overlapping_2y_episode,2020-01-01,2021-12-31 00:00:00,24,6,protect_frozen,0.90000000,1000.00000000,1,3805,22830,22822,22822,0.99964958,1.00000000,0.99789750,36054.39611111,1250632.50000000,15178.40000001,24,4800.00000000,5800.00000000,5800.00000000,5,29,6,0,False,6,0.25000000,1,18,23,6,0.00000000,0.00000000,0.00000000,20821.40000000,0.00000000,-5800.00000000,-5800.00000000,13891.01000000,-1.00000000,,138.41050148
episode_2020-01-01_2021-12-31,overlapping_2y_episode,2020-01-01,2021-12-31 00:00:00,24,6,stable_hash,0.90000000,1000.00000000,1,3805,22830,22830,22830,1.00000000,1.00000000,1.00000000,36059.23500000,1250853.00000000,14995.50000001,24,4800.00000000,5800.00000000,7200.00000000,12,36,12,0,False,1,0.04166667,0,23,24,10,2600.00000000,2340.00000000,940.00000000,27042.55000000,1249.11000000,-4860.00000000,-3610.89000000,22447.66500000,-0.62256724,159.87500000,314.32195267
episode_2020-01-01_2021-12-31,overlapping_2y_episode,2020-01-01,2021-12-31 00:00:00,25,6,round_robin,0.90000000,1000.00000000,1,3805,22830,22830,22830,1.00000000,1.00000000,1.00000000,36059.23500000,1250853.00000000,14995.50000001,24,5000.00000000,6000.00000000,6600.00000000,8,33,8,0,False,1,0.04166667,0,23,25,5,1200.00000000,1080.00000000,480.00000000,20375.75000000,898.15500000,-5520.00000000,-4621.84500000,15622.80000000,-0.77030750,308.20833333,274.35159923
episode_2020-01-01_2021-12-31,overlapping_2y_episode,2020-01-01,2021-12-31 00:00:00,25,6,least_trades,0.90000000,1000.00000000,1,3805,22830,22827,22827,0.99986859,1.00000000,0.99921156,36056.83500000,1250805.50000000,15046.15000001,24,5000.00000000,6000.00000000,7800.00000000,14,39,14,0,False,2,0.08000000,0,23,25,10,2400.00000000,2160.00000000,360.00000000,32277.90000000,1980.58500000,-5640.00000000,-3659.41500000,25827.96000000,-0.60990250,246.97916667,159.72549452
episode_2020-01-01_2021-12-31,overlapping_2y_episode,2020-01-01,2021-12-31 00:00:00,25,6,max_headroom,0.90000000,1000.00000000,1,3805,22830,22830,22830,1.00000000,1.00000000,1.00000000,36059.23500000,1250853.00000000,14995.50000001,24,5000.00000000,6000.00000000,5000.00000000,0,25,0,0,False,0,0.00000000,0,25,25,8,6400.00000000,5760.00000000,6760.00000000,8595.50000000,20.34000000,760.00000000,780.34000000,18725.93500000,0.13005667,225.62500000,683.19297420
episode_2020-01-01_2021-12-31,overlapping_2y_episode,2020-01-01,2021-12-31 00:00:00,25,6,protect_frozen,0.90000000,1000.00000000,1,3805,22830,22707,22707,0.99461235,0.99789750,0.99027595,35972.38500000,1247369.50000000,16313.15000001,24,5000.00000000,6000.00000000,7200.00000000,11,36,15,0,False,2,0.08000000,0,15,21,13,1400.00000000,1260.00000000,60.00000000,31359.40000000,616.14000000,-5940.00000000,-5323.86000000,26205.43500000,-0.88731000,509.70833333,458.89082977
episode_2020-01-01_2021-12-31,overlapping_2y_episode,2020-01-01,2021-12-31 00:00:00,25,6,stable_hash,0.90000000,1000.00000000,1,3805,22830,22830,22830,1.00000000,1.00000000,1.00000000,36059.23500000,1250853.00000000,14995.50000001,24,5000.00000000,6000.00000000,7400.00000000,12,37,12,0,False,1,0.04000000,0,24,25,9,3200.00000000,2880.00000000,1480.00000000,27823.30000000,1778.80500000,-4520.00000000,-2741.19500000,22747.57000000,-0.45686583,159.95833333,313.12804793
episode_2020-01-01_2021-12-31,overlapping_2y_episode,2020-01-01,2021-12-31 00:00:00,30,6,round_robin,0.90000000,1000.00000000,1,3805,22830,22830,22830,1.00000000,1.00000000,1.00000000,36059.23500000,1250853.00000000,14995.50000001,24,6000.00000000,7000.00000000,8400.00000000,12,42,12,0,False,6,0.20000000,1,24,30,10,2400.00000000,2160.00000000,760.00000000,36965.80000000,2087.82000000,-6240.00000000,-4152.18000000,27863.07000000,-0.59316857,308.64583333,154.88915033
episode_2020-01-01_2021-12-31,overlapping_2y_episode,2020-01-01,2021-12-31 00:00:00,30,6,least_trades,0.90000000,1000.00000000,1,3805,22830,22830,22830,1.00000000,1.00000000,1.00000000,36059.23500000,1250853.00000000,14995.50000001,24,6000.00000000,7000.00000000,9000.00000000,15,45,15,0,False,6,0.20000000,1,24,30,11,3600.00000000,3240.00000000,1240.00000000,31755.95000000,2420.73000000,-5760.00000000,-3339.27000000,25481.25000000,-0.47703857,308.64583333,83.45077724
episode_2020-01-01_2021-12-31,overlapping_2y_episode,2020-01-01,2021-12-31 00:00:00,30,6,max_headroom,0.90000000,1000.00000000,1,3805,22830,22830,22830,1.00000000,1.00000000,1.00000000,36059.23500000,1250853.00000000,14995.50000001,24,6000.00000000,7000.00000000,6000.00000000,0,30,0,0,False,0,0.00000000,0,30,30,12,6000.00000000,5400.00000000,6400.00000000,8995.50000000,0.00000000,-600.00000000,-600.00000000,21207.63000000,-0.08571429,232.89583333,662.68514394
episode_2020-01-01_2021-12-31,overlapping_2y_episode,2020-01-01,2021-12-31 00:00:00,30,6,protect_frozen,0.90000000,1000.00000000,1,3805,22830,22770,22770,0.99737188,0.99894875,0.99264126,36021.57944444,1249254.00000000,15776.50000001,24,6000.00000000,7000.00000000,8400.00000000,12,42,18,0,False,6,0.20000000,1,17,24,13,1600.00000000,1440.00000000,40.00000000,35507.20000000,1258.47000000,-6960.00000000,-5701.53000000,29138.19000000,-0.81450429,489.95833333,426.77188644
episode_2020-01-01_2021-12-31,overlapping_2y_episode,2020-01-01,2021-12-31 00:00:00,30,6,stable_hash,0.90000000,1000.00000000,1,3805,22830,22830,22830,1.00000000,1.00000000,1.00000000,36059.23500000,1250853.00000000,14995.50000001,24,6000.00000000,7000.00000000,8600.00000000,13,43,13,0,False,1,0.03333333,0,29,30,9,4400.00000000,3960.00000000,2360.00000000,27749.20000000,1748.16000000,-4640.00000000,-2891.84000000,25227.04000000,-0.41312000,195.89583333,277.07236119
episode_2020-01-01_2021-12-31,overlapping_2y_episode,2020-01-01,2021-12-31 00:00:00,35,6,round_robin,0.90000000,1000.00000000,1,3805,22830,22830,22830,1.00000000,1.00000000,1.00000000,36059.23500000,1250853.00000000,14995.50000001,24,7000.00000000,8000.00000000,8600.00000000,8,43,8,0,False,2,0.05714286,0,33,35,8,1800.00000000,1620.00000000,1020.00000000,23601.05000000,965.92500000,-6980.00000000,-6014.07500000,20673.98500000,-0.75175938,254.20833333,148.86672303
episode_2020-01-01_2021-12-31,overlapping_2y_episode,2020-01-01,2021-12-31 00:00:00,35,6,least_trades,0.90000000,1000.00000000,1,3805,22830,22830,22830,1.00000000,1.00000000,1.00000000,36059.23500000,1250853.00000000,14995.50000001,24,7000.00000000,8000.00000000,9800.00000000,14,49,14,0,False,3,0.08571429,0,32,35,7,2800.00000000,2520.00000000,720.00000000,37349.55000000,2230.87500000,-7280.00000000,-5049.12500000,31549.91500000,-0.63114063,208.89583333,6.74999622
episode_2020-01-01_2021-12-31,overlapping_2y_episode,2020-01-01,2021-12-31 00:00:00,35,6,max_headroom,0.90000000,1000.00000000,1,3805,22830,22830,22830,1.00000000,1.00000000,1.00000000,36059.23500000,1250853.00000000,14995.50000001,24,7000.00000000,8000.00000000,7000.00000000,0,35,0,0,False,0,0.00000000,0,35,35,10,7000.00000000,6300.00000000,7300.00000000,7995.50000000,850.54500000,-700.00000000,150.54500000,21169.68500000,0.01881812,128.97916667,603.01052213
episode_2020-01-01_2021-12-31,overlapping_2y_episode,2020-01-01,2021-12-31 00:00:00,35,6,protect_frozen,0.90000000,1000.00000000,1,3805,22830,22830,22830,1.00000000,1.00000000,1.00000000,36059.23500000,1250853.00000000,14995.50000001,24,7000.00000000,8000.00000000,8000.00000000,5,40,15,0,False,2,0.05714286,0,25,25,14,0.00000000,0.00000000,0.00000000,39739.00000000,218.07000000,-8000.00000000,-7781.93000000,29437.93000000,-0.97274125,,304.93146771
episode_2020-01-01_2021-12-31,overlapping_2y_episode,2020-01-01,2021-12-31 00:00:00,35,6,stable_hash,0.90000000,1000.00000000,1,3805,22830,22830,22830,1.00000000,1.00000000,1.00000000,36059.23500000,1250853.00000000,14995.50000001,24,7000.00000000,8000.00000000,9400.00000000,12,47,12,0,False,1,0.02857143,0,34,35,10,2800.00000000,2520.00000000,1120.00000000,29046.65000000,1967.53500000,-6880.00000000,-4912.46500000,22863.96500000,-0.61405813,348.70833333,215.28218975
episode_2020-01-01_2021-12-31,overlapping_2y_episode,2020-01-01,2021-12-31 00:00:00,40,6,round_robin,0.90000000,1000.00000000,1,3805,22830,22830,22830,1.00000000,1.00000000,1.00000000,36059.23500000,1250853.00000000,14995.50000001,24,8000.00000000,9000.00000000,12800.00000000,24,64,24,0,False,2,0.05405405,0,32,40,14,7000.00000000,6300.00000000,2500.00000000,40535.65000000,4749.70500000,-6500.00000000,-1750.29500000,37525.03000000,-0.19447722,261.60416667,181.37556168
episode_2020-01-01_2021-12-31,overlapping_2y_episode,2020-01-01,2021-12-31 00:00:00,40,6,least_trades,0.90000000,1000.00000000,1,3805,22830,22830,22830,1.00000000,1.00000000,1.00000000,36059.23500000,1250853.00000000,14995.50000001,24,8000.00000000,9000.00000000,11000.00000000,15,55,15,0,False,3,0.07500000,0,36,40,8,3000.00000000,2700.00000000,700.00000000,40874.20000000,2735.01000000,-8300.00000000,-5564.99000000,32440.25500000,-0.61833222,299.66666667,47.86272036
episode_2020-01-01_2021-12-31,overlapping_2y_episode,2020-01-01,2021-12-31 00:00:00,40,6,max_headroom,0.90000000,1000.00000000,1,3805,22830,22830,22830,1.00000000,1.00000000,1.00000000,36059.23500000,1250853.00000000,14995.50000001,24,8000.00000000,9000.00000000,8000.00000000,0,40,0,0,False,0,0.00000000,0,40,40,14,3600.00000000,3240.00000000,4240.00000000,11395.50000000,0.00000000,-4760.00000000,-4760.00000000,18029.80000000,-0.52888889,225.14583333,384.22452746
episode_2020-01-01_2021-12-31,overlapping_2y_episode,2020-01-01,2021-12-31 00:00:00,40,6,protect_frozen,0.90000000,1000.00000000,1,3805,22830,22830,22830,1.00000000,1.00000000,1.00000000,36059.23500000,1250853.00000000,14995.50000001,24,8000.00000000,9000.00000000,9000.00000000,5,45,20,0,False,2,0.06250000,0,25,25,17,0.00000000,0.00000000,0.00000000,48104.40000000,1.30500000,-9000.00000000,-8998.69500000,34546.90500000,-0.99985500,,234.73817244
episode_2020-01-01_2021-12-31,overlapping_2y_episode,2020-01-01,2021-12-31 00:00:00,40,6,stable_hash,0.90000000,1000.00000000,1,3805,22830,22830,22830,1.00000000,1.00000000,1.00000000,36059.23500000,1250853.00000000,14995.50000001,24,8000.00000000,9000.00000000,9800.00000000,9,49,9,0,False,1,0.02500000,0,39,40,10,1400.00000000,1260.00000000,460.00000000,27078.85000000,1068.97500000,-8540.00000000,-7471.02500000,22910.41000000,-0.83011389,252.16666667,163.88698659
episode_2020-01-01_2021-12-31,overlapping_2y_episode,2020-01-01,2021-12-31 00:00:00,25,8,round_robin,0.90000000,1000.00000000,1,3805,30440,30301,30301,0.99543364,0.99973719,0.99053876,47997.14111111,1661300.50000000,23209.45000002,25,5000.00000000,6000.00000000,8200.00000000,16,41,16,0,False,3,0.12000000,0,22,25,9,6600.00000000,5940.00000000,3740.00000000,32606.20000000,3738.69000000,-2260.00000000,1478.69000000,28798.82000000,0.24644833,195.89583333,435.18008043
episode_2020-01-01_2021-12-31,overlapping_2y_episode,2020-01-01,2021-12-31 00:00:00,25,8,least_trades,0.90000000,1000.00000000,1,3805,30440,30195,30195,0.99195138,0.99710907,0.97450723,47898.70222222,1656999.00000000,23145.75000002,25,5000.00000000,6000.00000000,8400.00000000,17,42,17,0,False,5,0.20000000,1,20,25,14,4000.00000000,3600.00000000,1200.00000000,38011.50000000,2187.45000000,-4800.00000000,-2612.55000000,30612.79500000,-0.43542500,253.35416667,268.72484068
episode_2020-01-01_2021-12-31,overlapping_2y_episode,2020-01-01,2021-12-31 00:00:00,25,8,max_headroom,0.90000000,1000.00000000,1,3805,30440,30321,30321,0.99609067,1.00000000,0.99553219,48011.97444444,1661990.50000000,23272.45000002,25,5000.00000000,6000.00000000,5000.00000000,0,25,0,0,False,0,0.00000000,0,25,25,10,7000.00000000,6300.00000000,7300.00000000,16272.45000000,357.93000000,1300.00000000,1657.93000000,20252.38000000,0.27632167,140.47916667,588.36075192
episode_2020-01-01_2021-12-31,overlapping_2y_episode,2020-01-01,2021-12-31 00:00:00,25,8,protect_frozen,0.90000000,1000.00000000,1,3805,30440,30170,30170,0.99113009,0.99632063,0.98028909,47863.58000000,1655492.50000000,22704.00000001,25,5000.00000000,6000.00000000,8600.00000000,18,43,18,0,False,3,0.12500000,0,20,25,12,3400.00000000,3060.00000000,460.00000000,40346.00000000,1980.09000000,-5540.00000000,-3559.91000000,33454.57000000,-0.59331833,299.66666667,368.62815953
episode_2020-01-01_2021-12-31,overlapping_2y_episode,2020-01-01,2021-12-31 00:00:00,25,8,stable_hash,0.90000000,1000.00000000,1,3805,30440,30310,30310,0.99572930,0.99973719,0.99290407,48002.50777778,1661576.50000000,23096.50000002,25,5000.00000000,6000.00000000,8600.00000000,18,43,18,0,False,1,0.04166667,0,23,25,11,8000.00000000,7200.00000000,4600.00000000,37495.70000000,3730.27500000,-1400.00000000,2330.27500000,32875.06000000,0.38837917,135.95833333,481.57595289
episode_2020-01-01_2021-12-31,overlapping_2y_episode,2020-01-01,2021-12-31 00:00:00,30,8,round_robin,0.90000000,1000.00000000,1,3805,30440,30406,30406,0.99888305,1.00000000,0.99553219,48059.83555556,1666143.00000000,20930.70000001,30,6000.00000000,7000.00000000,9400.00000000,17,47,17,0,False,2,0.06666667,0,28,30,10,6200.00000000,5580.00000000,3180.00000000,32517.60000000,3031.87500000,-3820.00000000,-788.12500000,32810.13500000,-0.11258929,236.62500000,283.38077250
episode_2020-01-01_2021-12-31,overlapping_2y_episode,2020-01-01,2021-12-31 00:00:00,30,8,least_trades,0.90000000,1000.00000000,1,3805,30440,30394,30394,0.99848883,1.00000000,0.99553219,48053.05777778,1665787.50000000,21206.80000001,30,6000.00000000,7000.00000000,9000.00000000,15,45,15,0,False,2,0.06666667,0,27,30,10,3200.00000000,2880.00000000,880.00000000,35599.00000000,1384.33500000,-6120.00000000,-4735.66500000,27695.43000000,-0.67652357,161.89583333,189.61663078
episode_2020-01-01_2021-12-31,overlapping_2y_episode,2020-01-01,2021-12-31 00:00:00,30,8,max_headroom,0.90000000,1000.00000000,1,3805,30440,30406,30406,0.99888305,1.00000000,0.99553219,48059.83555556,1666143.00000000,20930.70000001,30,6000.00000000,7000.00000000,6000.00000000,0,30,0,0,False,0,0.00000000,0,30,30,10,7200.00000000,6480.00000000,7480.00000000,13730.70000000,0.00000000,480.00000000,480.00000000,20785.44000000,0.06857143,139.70833333,486.29372011
episode_2020-01-01_2021-12-31,overlapping_2y_episode,2020-01-01,2021-12-31 00:00:00,30,8,protect_frozen,0.90000000,1000.00000000,1,3805,30440,30363,30363,0.99747043,1.00000000,0.99448095,48035.01888889,1663697.50000000,21941.35000001,30,6000.00000000,7000.00000000,9400.00000000,17,47,19,0,False,4,0.16666667,0,19,28,11,2800.00000000,2520.00000000,120.00000000,42125.75000000,2168.95500000,-6880.00000000,-4711.04500000,33166.62500000,-0.67300643,433.70833333,244.68143335
episode_2020-01-01_2021-12-31,overlapping_2y_episode,2020-01-01,2021-12-31 00:00:00,30,8,stable_hash,0.90000000,1000.00000000,1,3805,30440,30404,30404,0.99881735,1.00000000,0.99553219,48058.85777778,1666094.00000000,20882.80000001,30,6000.00000000,7000.00000000,9200.00000000,16,46,16,0,False,1,0.03571429,0,27,30,12,5400.00000000,4860.00000000,2660.00000000,34123.10000000,2307.10500000,-4340.00000000,-2032.89500000,29722.57000000,-0.29041357,247.81250000,337.20487673
episode_2020-01-01_2021-12-31,overlapping_2y_episode,2020-01-01,2021-12-31 00:00:00,32,8,round_robin,0.90000000,1000.00000000,1,3805,30440,30440,30440,1.00000000,1.00000000,1.00000000,48078.98000000,1667804.00000000,19994.00000001,32,6400.00000000,7400.00000000,8000.00000000,8,40,8,0,False,8,0.25000000,1,24,32,8,9400.00000000,8460.00000000,7860.00000000,17249.20000000,7801.29000000,460.00000000,8261.29000000,27223.97500000,1.11639054,308.20833333,394.19149851
episode_2020-01-01_2021-12-31,overlapping_2y_episode,2020-01-01,2021-12-31 00:00:00,32,8,least_trades,0.90000000,1000.00000000,1,3805,30440,30422,30422,0.99940867,1.00000000,0.99842313,48067.18000000,1667423.00000000,20393.90000001,32,6400.00000000,7400.00000000,8000.00000000,8,40,8,0,False,8,0.25000000,1,24,32,12,1400.00000000,1260.00000000,660.00000000,32947.10000000,522.94500000,-6740.00000000,-6217.05500000,25836.40000000,-0.84014257,673.66666667,215.89131199
episode_2020-01-01_2021-12-31,overlapping_2y_episode,2020-01-01,2021-12-31 00:00:00,32,8,max_headroom,0.90000000,1000.00000000,1,3805,30440,30440,30440,1.00000000,1.00000000,1.00000000,48078.98000000,1667804.00000000,19994.00000001,32,6400.00000000,7400.00000000,6400.00000000,0,32,0,0,False,0,0.00000000,0,32,32,8,6400.00000000,5760.00000000,6760.00000000,13594.00000000,0.00000000,-640.00000000,-640.00000000,22814.36000000,-0.08648649,140.70833333,732.17053171
episode_2020-01-01_2021-12-31,overlapping_2y_episode,2020-01-01,2021-12-31 00:00:00,32,8,protect_frozen,0.90000000,1000.00000000,1,3805,30440,30406,30406,0.99888305,1.00000000,0.99789750,48057.72444444,1666912.50000000,20737.20000001,32,6400.00000000,7400.00000000,7400.00000000,5,37,10,0,False,8,0.25000000,1,24,27,12,0.00000000,0.00000000,0.00000000,32023.70000000,17.14500000,-7400.00000000,-7382.85500000,23202.65500000,-0.99768311,,173.83289833
episode_2020-01-01_2021-12-31,overlapping_2y_episode,2020-01-01,2021-12-31 00:00:00,32,8,stable_hash,0.90000000,1000.00000000,1,3805,30440,30439,30439,0.99996715,1.00000000,0.99973719,48078.49111111,1667779.50000000,19970.05000001,32,6400.00000000,7400.00000000,9800.00000000,17,49,17,0,False,1,0.03125000,0,31,32,12,6000.00000000,5400.00000000,3000.00000000,32342.00000000,2601.22500000,-4400.00000000,-1798.77500000,29184.22000000,-0.24307770,250.62500000,325.22568486
episode_2020-01-01_2021-12-31,overlapping_2y_episode,2020-01-01,2021-12-31 00:00:00,35,8,round_robin,0.90000000,1000.00000000,1,3805,30440,30440,30440,1.00000000,1.00000000,1.00000000,48078.98000000,1667804.00000000,19994.00000001,32,7000.00000000,8000.00000000,11000.00000000,20,55,20,0,False,3,0.08571429,0,31,35,16,4200.00000000,3780.00000000,780.00000000,41134.50000000,891.54000000,-7220.00000000,-6328.46000000,31286.41000000,-0.79105750,191.93750000,245.22171559
episode_2020-01-01_2021-12-31,overlapping_2y_episode,2020-01-01,2021-12-31 00:00:00,35,8,least_trades,0.90000000,1000.00000000,1,3805,30440,30410,30410,0.99901445,1.00000000,0.99816032,48060.99111111,1667015.50000000,20630.00000001,32,7000.00000000,8000.00000000,9800.00000000,14,49,17,0,False,3,0.08571429,0,26,32,10,2000.00000000,1800.00000000,0.00000000,42119.30000000,2010.64500000,-8000.00000000,-5989.35500000,31917.20500000,-0.74866938,299.66666667,288.66990231
episode_2020-01-01_2021-12-31,overlapping_2y_episode,2020-01-01,2021-12-31 00:00:00,35,8,max_headroom,0.90000000,1000.00000000,1,3805,30440,30440,30440,1.00000000,1.00000000,1.00000000,48078.98000000,1667804.00000000,19994.00000001,32,7000.00000000,8000.00000000,7000.00000000,0,35,0,0,False,0,0.00000000,0,35,35,15,6600.00000000,5940.00000000,6940.00000000,13394.00000000,259.15500000,-1060.00000000,-800.84500000,20246.28500000,-0.10010563,139.70833333,536.02385722
episode_2020-01-01_2021-12-31,overlapping_2y_episode,2020-01-01,2021-12-31 00:00:00,35,8,protect_frozen,0.90000000,1000.00000000,1,3805,30440,30197,30197,0.99201708,0.99789750,0.98396846,47898.51888889,1660587.00000000,21388.15000001,32,7000.00000000,8000.00000000,11000.00000000,20,55,24,0,False,3,0.10344828,0,16,31,17,3400.00000000,3060.00000000,60.00000000,45598.25000000,2122.69500000,-7940.00000000,-5817.30500000,38999.50000000,-0.72716313,446.52083333,396.13389195
episode_2020-01-01_2021-12-31,overlapping_2y_episode,2020-01-01,2021-12-31 00:00:00,35,8,stable_hash,0.90000000,1000.00000000,1,3805,30440,30440,30440,1.00000000,1.00000000,1.00000000,48078.98000000,1667804.00000000,19994.00000001,32,7000.00000000,8000.00000000,10200.00000000,16,51,16,0,False,2,0.05714286,0,33,35,9,5600.00000000,5040.00000000,2840.00000000,33228.75000000,1526.80500000,-5160.00000000,-3633.19500000,29219.59500000,-0.45414938,197.85416667,291.70055935
episode_2020-01-01_2021-12-31,overlapping_2y_episode,2020-01-01,2021-12-31 00:00:00,40,8,round_robin,0.90000000,1000.00000000,1,3805,30440,30440,30440,1.00000000,1.00000000,1.00000000,48078.98000000,1667804.00000000,19994.00000001,32,8000.00000000,9000.00000000,11400.00000000,17,57,17,0,False,8,0.20000000,1,32,40,12,5200.00000000,4680.00000000,2280.00000000,44798.05000000,3207.33000000,-6720.00000000,-3512.67000000,37897.54500000,-0.39029667,247.81250000,224.75625547
episode_2020-01-01_2021-12-31,overlapping_2y_episode,2020-01-01,2021-12-31 00:00:00,40,8,least_trades,0.90000000,1000.00000000,1,3805,30440,30438,30438,0.99993430,1.00000000,0.99947438,48078.34666667,1667745.50000000,20054.60000001,32,8000.00000000,9000.00000000,11000.00000000,15,55,17,0,False,8,0.20000000,1,31,38,11,2400.00000000,2160.00000000,160.00000000,42776.25000000,1550.43000000,-8840.00000000,-7289.57000000,33111.47500000,-0.80995222,394.56250000,214.81001881
episode_2020-01-01_2021-12-31,overlapping_2y_episode,2020-01-01,2021-12-31 00:00:00,40,8,max_headroom,0.90000000,1000.00000000,1,3805,30440,30440,30440,1.00000000,1.00000000,1.00000000,48078.98000000,1667804.00000000,19994.00000001,32,8000.00000000,9000.00000000,8000.00000000,0,40,0,0,False,0,0.00000000,0,40,40,16,8000.00000000,7200.00000000,8200.00000000,11994.00000000,0.00000000,-800.00000000,-800.00000000,28276.84000000,-0.08888889,232.89583333,662.68514394
episode_2020-01-01_2021-12-31,overlapping_2y_episode,2020-01-01,2021-12-31 00:00:00,40,8,protect_frozen,0.90000000,1000.00000000,1,3805,30440,30248,30248,0.99369251,0.99789750,0.98738502,47933.51888889,1662838.00000000,20959.60000001,32,8000.00000000,9000.00000000,10800.00000000,14,54,25,0,False,8,0.20000000,1,20,29,16,2200.00000000,1980.00000000,180.00000000,42753.05000000,1559.65500000,-8820.00000000,-7260.34500000,34223.80500000,-0.80670500,509.70833333,450.33588205
episode_2020-01-01_2021-12-31,overlapping_2y_episode,2020-01-01,2021-12-31 00:00:00,40,8,stable_hash,0.90000000,1000.00000000,1,3805,30440,30440,30440,1.00000000,1.00000000,1.00000000,48078.98000000,1667804.00000000,19994.00000001,32,8000.00000000,9000.00000000,11400.00000000,17,57,17,0,False,2,0.05000000,0,38,40,9,5400.00000000,4860.00000000,2460.00000000,37864.70000000,3274.56000000,-6540.00000000,-3265.44000000,33143.65500000,-0.36282667,274.39583333,231.13792419
episode_2020-04-01_2022-04-01,overlapping_2y_episode,2020-04-01,2022-04-01 00:00:00,1,1,round_robin,0.90000000,1000.00000000,1,3834,3834,2795,2795,0.72900365,0.72900365,0.72900365,4607.62777778,172204.50000000,3877.25000000,1,200.00000000,1200.00000000,400.00000000,1,2,1,1,False,1,1.00000000,0,0,1,1,1000.00000000,900.00000000,1700.00000000,2791.40000000,172.26000000,500.00000000,672.26000000,3012.26000000,0.56021667,271.97916667,0.00000000
episode_2020-04-01_2022-04-01,overlapping_2y_episode,2020-04-01,2022-04-01 00:00:00,1,1,least_trades,0.90000000,1000.00000000,1,3834,3834,2795,2795,0.72900365,0.72900365,0.72900365,4607.62777778,172204.50000000,3877.25000000,1,200.00000000,1200.00000000,400.00000000,1,2,1,1,False,1,1.00000000,0,0,1,1,1000.00000000,900.00000000,1700.00000000,2791.40000000,172.26000000,500.00000000,672.26000000,3012.26000000,0.56021667,271.97916667,0.00000000
episode_2020-04-01_2022-04-01,overlapping_2y_episode,2020-04-01,2022-04-01 00:00:00,1,1,max_headroom,0.90000000,1000.00000000,1,3834,3834,2795,2795,0.72900365,0.72900365,0.72900365,4607.62777778,172204.50000000,3877.25000000,1,200.00000000,1200.00000000,400.00000000,1,2,1,1,False,1,1.00000000,0,0,1,1,1000.00000000,900.00000000,1700.00000000,2791.40000000,172.26000000,500.00000000,672.26000000,3012.26000000,0.56021667,271.97916667,0.00000000
episode_2020-04-01_2022-04-01,overlapping_2y_episode,2020-04-01,2022-04-01 00:00:00,1,1,protect_frozen,0.90000000,1000.00000000,1,3834,3834,2795,2795,0.72900365,0.72900365,0.72900365,4607.62777778,172204.50000000,3877.25000000,1,200.00000000,1200.00000000,400.00000000,1,2,1,1,False,1,1.00000000,0,0,1,1,1000.00000000,900.00000000,1700.00000000,2791.40000000,172.26000000,500.00000000,672.26000000,3012.26000000,0.56021667,271.97916667,0.00000000
episode_2020-04-01_2022-04-01,overlapping_2y_episode,2020-04-01,2022-04-01 00:00:00,1,1,stable_hash,0.90000000,1000.00000000,1,3834,3834,2795,2795,0.72900365,0.72900365,0.72900365,4607.62777778,172204.50000000,3877.25000000,1,200.00000000,1200.00000000,400.00000000,1,2,1,1,False,1,1.00000000,0,0,1,1,1000.00000000,900.00000000,1700.00000000,2791.40000000,172.26000000,500.00000000,672.26000000,3012.26000000,0.56021667,271.97916667,0.00000000
episode_2020-04-01_2022-04-01,overlapping_2y_episode,2020-04-01,2022-04-01 00:00:00,2,1,round_robin,0.90000000,1000.00000000,1,3834,3834,3655,3655,0.95331247,0.95331247,0.95331247,5732.98333333,214993.50000000,7828.75000000,2,400.00000000,1400.00000000,600.00000000,1,3,1,0,False,1,0.50000000,0,1,2,2,2600.00000000,2340.00000000,3140.00000000,7302.70000000,1892.43000000,1740.00000000,3632.43000000,8312.43000000,2.59459286,156.81250000,566.00000000
episode_2020-04-01_2022-04-01,overlapping_2y_episode,2020-04-01,2022-04-01 00:00:00,2,1,least_trades,0.90000000,1000.00000000,1,3834,3834,3655,3655,0.95331247,0.95331247,0.95331247,5732.98333333,214993.50000000,7828.75000000,2,400.00000000,1400.00000000,1000.00000000,3,5,3,0,False,1,0.50000000,0,1,2,2,3000.00000000,2700.00000000,3100.00000000,7928.90000000,2456.01000000,1700.00000000,4156.01000000,8836.01000000,2.96857857,306.81250000,44.00000000
episode_2020-04-01_2022-04-01,overlapping_2y_episode,2020-04-01,2022-04-01 00:00:00,2,1,max_headroom,0.90000000,1000.00000000,1,3834,3834,3655,3655,0.95331247,0.95331247,0.95331247,5732.98333333,214993.50000000,7828.75000000,2,400.00000000,1400.00000000,600.00000000,1,3,1,0,False,1,0.50000000,0,1,2,2,1600.00000000,1440.00000000,2240.00000000,6281.35000000,973.21500000,840.00000000,1813.21500000,6493.21500000,1.29515357,282.68750000,263.50000000
episode_2020-04-01_2022-04-01,overlapping_2y_episode,2020-04-01,2022-04-01 00:00:00,2,1,protect_frozen,0.90000000,1000.00000000,1,3834,3834,3655,3655,0.95331247,0.95331247,0.95331247,5732.98333333,214993.50000000,7828.75000000,2,400.00000000,1400.00000000,800.00000000,2,4,2,0,False,1,0.50000000,0,1,2,2,2800.00000000,2520.00000000,3120.00000000,7501.30000000,2071.17000000,1720.00000000,3791.17000000,8471.17000000,2.70797857,329.97916667,20.00000000
episode_2020-04-01_2022-04-01,overlapping_2y_episode,2020-04-01,2022-04-01 00:00:00,2,1,stable_hash,0.90000000,1000.00000000,1,3834,3834,3655,3655,0.95331247,0.95331247,0.95331247,5732.98333333,214993.50000000,7828.75000000,2,400.00000000,1400.00000000,600.00000000,1,3,1,0,False,1,0.50000000,0,1,2,2,2000.00000000,1800.00000000,2600.00000000,6551.25000000,1288.17000000,1200.00000000,2488.17000000,7096.12500000,1.77726429,198.72916667,551.50000000
episode_2020-04-01_2022-04-01,overlapping_2y_episode,2020-04-01,2022-04-01 00:00:00,3,1,round_robin,0.90000000,1000.00000000,1,3834,3834,3814,3814,0.99478352,0.99478352,0.99478352,5883.07222222,221853.00000000,8752.80000000,3,600.00000000,1600.00000000,600.00000000,0,3,0,0,False,0,0.00000000,0,3,3,2,1000.00000000,900.00000000,1900.00000000,7752.80000000,410.94000000,300.00000000,710.94000000,7277.52000000,0.44433750,673.41666667,3.85861230
episode_2020-04-01_2022-04-01,overlapping_2y_episode,2020-04-01,2022-04-01 00:00:00,3,1,least_trades,0.90000000,1000.00000000,1,3834,3834,3814,3814,0.99478352,0.99478352,0.99478352,5883.07222222,221853.00000000,8752.80000000,3,600.00000000,1600.00000000,800.00000000,1,4,1,0,False,1,0.33333333,0,2,3,2,1200.00000000,1080.00000000,1880.00000000,7940.40000000,742.00500000,280.00000000,1022.00500000,7426.36000000,0.63875313,667.95833333,0.47140452
episode_2020-04-01_2022-04-01,overlapping_2y_episode,2020-04-01,2022-04-01 00:00:00,3,1,max_headroom,0.90000000,1000.00000000,1,3834,3834,3814,3814,0.99478352,0.99478352,0.99478352,5883.07222222,221853.00000000,8752.80000000,3,600.00000000,1600.00000000,600.00000000,0,3,0,0,False,0,0.00000000,0,3,3,1,2200.00000000,1980.00000000,2980.00000000,6552.80000000,1484.05500000,1380.00000000,2864.05500000,7289.62500000,1.79003437,217.64583333,854.16873170
episode_2020-04-01_2022-04-01,overlapping_2y_episode,2020-04-01,2022-04-01 00:00:00,3,1,protect_frozen,0.90000000,1000.00000000,1,3834,3834,3814,3814,0.99478352,0.99478352,0.99478352,5883.07222222,221853.00000000,8752.80000000,3,600.00000000,1600.00000000,1000.00000000,2,5,2,0,False,1,0.33333333,0,2,3,3,1000.00000000,900.00000000,1500.00000000,8612.00000000,730.80000000,-100.00000000,630.80000000,7650.80000000,0.39425000,582.43750000,0.47140452
episode_2020-04-01_2022-04-01,overlapping_2y_episode,2020-04-01,2022-04-01 00:00:00,3,1,stable_hash,0.90000000,1000.00000000,1,3834,3834,3814,3814,0.99478352,0.99478352,0.99478352,5883.07222222,221853.00000000,8752.80000000,3,600.00000000,1600.00000000,1000.00000000,2,5,2,0,False,1,0.33333333,0,2,3,3,2400.00000000,2160.00000000,2760.00000000,8934.95000000,1021.45500000,1160.00000000,2181.45500000,9201.45500000,1.36340937,582.35416667,506.66249998
episode_2020-04-01_2022-04-01,overlapping_2y_episode,2020-04-01,2022-04-01 00:00:00,4,1,round_robin,0.90000000,1000.00000000,1,3834,3834,3834,3834,1.00000000,1.00000000,1.00000000,5894.08888889,222793.00000000,8171.80000000,4,800.00000000,1800.00000000,1000.00000000,1,5,1,0,False,1,0.25000000,0,3,4,2,600.00000000,540.00000000,1340.00000000,8247.50000000,909.36000000,-460.00000000,449.36000000,6962.75000000,0.24964444,594.70833333,344.39621078
episode_2020-04-01_2022-04-01,overlapping_2y_episode,2020-04-01,2022-04-01 00:00:00,4,1,least_trades,0.90000000,1000.00000000,1,3834,3834,3834,3834,1.00000000,1.00000000,1.00000000,5894.08888889,222793.00000000,8171.80000000,4,800.00000000,1800.00000000,1000.00000000,1,5,1,0,False,1,0.25000000,0,3,4,2,1000.00000000,900.00000000,1700.00000000,8224.25000000,892.84500000,-100.00000000,792.84500000,7301.82500000,0.44046944,349.60416667,0.43301270
episode_2020-04-01_2022-04-01,overlapping_2y_episode,2020-04-01,2022-04-01 00:00:00,4,1,max_headroom,0.90000000,1000.00000000,1,3834,3834,3834,3834,1.00000000,1.00000000,1.00000000,5894.08888889,222793.00000000,8171.80000000,4,800.00000000,1800.00000000,800.00000000,0,4,0,0,False,0,0.00000000,0,4,4,2,2200.00000000,1980.00000000,2980.00000000,5971.80000000,1544.44500000,1180.00000000,2724.44500000,8039.71000000,1.51358056,379.72916667,448.71733864
episode_2020-04-01_2022-04-01,overlapping_2y_episode,2020-04-01,2022-04-01 00:00:00,4,1,protect_frozen,0.90000000,1000.00000000,1,3834,3834,3834,3834,1.00000000,1.00000000,1.00000000,5894.08888889,222793.00000000,8171.80000000,4,800.00000000,1800.00000000,1000.00000000,1,5,1,0,False,1,0.25000000,0,3,4,3,0.00000000,0.00000000,800.00000000,8110.15000000,157.05000000,-1000.00000000,-842.95000000,6299.13500000,-0.46830556,,211.39344242
episode_2020-04-01_2022-04-01,overlapping_2y_episode,2020-04-01,2022-04-01 00:00:00,4,1,stable_hash,0.90000000,1000.00000000,1,3834,3834,3834,3834,1.00000000,1.00000000,1.00000000,5894.08888889,222793.00000000,8171.80000000,4,800.00000000,1800.00000000,1000.00000000,1,5,1,0,False,1,0.25000000,0,3,4,2,2000.00000000,1800.00000000,2600.00000000,8131.00000000,505.98000000,800.00000000,1305.98000000,8117.90000000,0.72554444,524.81250000,261.70737475
episode_2020-04-01_2022-04-01,overlapping_2y_episode,2020-04-01,2022-04-01 00:00:00,5,1,round_robin,0.90000000,1000.00000000,1,3834,3834,3834,3834,1.00000000,1.00000000,1.00000000,5894.08888889,222793.00000000,8171.80000000,4,1000.00000000,2000.00000000,1200.00000000,1,6,1,0,False,1,0.20000000,0,4,5,2,600.00000000,540.00000000,1340.00000000,9212.45000000,443.74500000,-660.00000000,-216.25500000,7631.20500000,-0.10812750,217.62500000,233.11061752
episode_2020-04-01_2022-04-01,overlapping_2y_episode,2020-04-01,2022-04-01 00:00:00,5,1,least_trades,0.90000000,1000.00000000,1,3834,3834,3834,3834,1.00000000,1.00000000,1.00000000,5894.08888889,222793.00000000,8171.80000000,4,1000.00000000,2000.00000000,1400.00000000,2,7,2,0,False,1,0.20000000,0,4,5,2,1200.00000000,1080.00000000,1680.00000000,9610.20000000,70.60500000,-320.00000000,-249.39500000,8329.18000000,-0.12469750,217.62500000,0.40000000
episode_2020-04-01_2022-04-01,overlapping_2y_episode,2020-04-01,2022-04-01 00:00:00,5,1,max_headroom,0.90000000,1000.00000000,1,3834,3834,3834,3834,1.00000000,1.00000000,1.00000000,5894.08888889,222793.00000000,8171.80000000,4,1000.00000000,2000.00000000,1000.00000000,0,5,0,0,False,0,0.00000000,0,5,5,3,2000.00000000,1800.00000000,2800.00000000,6171.80000000,1520.28000000,800.00000000,2320.28000000,7789.53500000,1.16014000,162.35416667,581.61478661
episode_2020-04-01_2022-04-01,overlapping_2y_episode,2020-04-01,2022-04-01 00:00:00,5,1,protect_frozen,0.90000000,1000.00000000,1,3834,3834,3834,3834,1.00000000,1.00000000,1.00000000,5894.08888889,222793.00000000,8171.80000000,4,1000.00000000,2000.00000000,1200.00000000,1,6,1,0,False,1,0.20000000,0,4,5,3,0.00000000,0.00000000,800.00000000,9646.45000000,36.27000000,-1200.00000000,-1163.73000000,7481.80500000,-0.58186500,,250.81658637
episode_2020-04-01_2022-04-01,overlapping_2y_episode,2020-04-01,2022-04-01 00:00:00,5,1,stable_hash,0.90000000,1000.00000000,1,3834,3834,3834,3834,1.00000000,1.00000000,1.00000000,5894.08888889,222793.00000000,8171.80000000,4,1000.00000000,2000.00000000,1200.00000000,1,6,1,0,False,1,0.20000000,0,4,5,3,1400.00000000,1260.00000000,2060.00000000,8852.20000000,1434.19500000,60.00000000,1494.19500000,9442.27500000,0.74709750,541.83333333,205.80709414
episode_2020-04-01_2022-04-01,overlapping_2y_episode,2020-04-01,2022-04-01 00:00:00,6,1,round_robin,0.90000000,1000.00000000,1,3834,3834,3834,3834,1.00000000,1.00000000,1.00000000,5894.08888889,222793.00000000,8171.80000000,4,1200.00000000,2200.00000000,1400.00000000,1,7,1,0,False,1,0.16666667,0,5,6,2,1800.00000000,1620.00000000,2420.00000000,8508.20000000,757.44000000,220.00000000,977.44000000,8984.42500000,0.44429091,350.85416667,140.87583185
episode_2020-04-01_2022-04-01,overlapping_2y_episode,2020-04-01,2022-04-01 00:00:00,6,1,least_trades,0.90000000,1000.00000000,1,3834,3834,3834,3834,1.00000000,1.00000000,1.00000000,5894.08888889,222793.00000000,8171.80000000,4,1200.00000000,2200.00000000,1600.00000000,2,8,2,0,False,1,0.16666667,0,5,6,1,1200.00000000,1080.00000000,1680.00000000,9684.85000000,1146.69000000,-520.00000000,626.69000000,9312.32000000,0.28485909,350.85416667,17.22159497
episode_2020-04-01_2022-04-01,overlapping_2y_episode,2020-04-01,2022-04-01 00:00:00,6,1,max_headroom,0.90000000,1000.00000000,1,3834,3834,3834,3834,1.00000000,1.00000000,1.00000000,5894.08888889,222793.00000000,8171.80000000,4,1200.00000000,2200.00000000,1200.00000000,0,6,0,0,False,0,0.00000000,0,6,6,3,1600.00000000,1440.00000000,2440.00000000,6571.80000000,673.20000000,240.00000000,913.20000000,6596.07000000,0.41509091,162.64583333,184.84047176
episode_2020-04-01_2022-04-01,overlapping_2y_episode,2020-04-01,2022-04-01 00:00:00,6,1,protect_frozen,0.90000000,1000.00000000,1,3834,3834,3834,3834,1.00000000,1.00000000,1.00000000,5894.08888889,222793.00000000,8171.80000000,4,1200.00000000,2200.00000000,1800.00000000,3,9,3,0,False,1,0.16666667,0,5,6,4,0.00000000,0.00000000,400.00000000,12041.75000000,411.52500000,-1800.00000000,-1388.47500000,9037.57500000,-0.63112500,,169.78065915
episode_2020-04-01_2022-04-01,overlapping_2y_episode,2020-04-01,2022-04-01 00:00:00,6,1,stable_hash,0.90000000,1000.00000000,1,3834,3834,3834,3834,1.00000000,1.00000000,1.00000000,5894.08888889,222793.00000000,8171.80000000,4,1200.00000000,2200.00000000,1600.00000000,2,8,2,0,False,1,0.16666667,0,5,6,3,2000.00000000,1800.00000000,2400.00000000,10332.25000000,2282.85000000,200.00000000,2482.85000000,10004.37500000,1.12856818,554.72916667,266.07188878
episode_2020-04-01_2022-04-01,overlapping_2y_episode,2020-04-01,2022-04-01 00:00:00,8,1,round_robin,0.90000000,1000.00000000,1,3834,3834,3834,3834,1.00000000,1.00000000,1.00000000,5894.08888889,222793.00000000,8171.80000000,4,1600.00000000,2600.00000000,2000.00000000,2,10,2,0,False,1,0.12500000,0,7,8,2,400.00000000,360.00000000,960.00000000,8758.90000000,794.34000000,-1640.00000000,-845.66000000,6884.66500000,-0.32525385,670.95833333,170.70204305
episode_2020-04-01_2022-04-01,overlapping_2y_episode,2020-04-01,2022-04-01 00:00:00,8,1,least_trades,0.90000000,1000.00000000,1,3834,3834,3834,3834,1.00000000,1.00000000,1.00000000,5894.08888889,222793.00000000,8171.80000000,4,1600.00000000,2600.00000000,1800.00000000,1,9,1,0,False,1,0.12500000,0,7,8,3,1000.00000000,900.00000000,1700.00000000,8201.40000000,703.30500000,-900.00000000,-196.69500000,7091.28000000,-0.07565192,616.95833333,0.43301270
episode_2020-04-01_2022-04-01,overlapping_2y_episode,2020-04-01,2022-04-01 00:00:00,8,1,max_headroom,0.90000000,1000.00000000,1,3834,3834,3834,3834,1.00000000,1.00000000,1.00000000,5894.08888889,222793.00000000,8171.80000000,4,1600.00000000,2600.00000000,1600.00000000,0,8,0,0,False,0,0.00000000,0,8,8,1,2000.00000000,1800.00000000,2800.00000000,6171.80000000,1211.80500000,200.00000000,1411.80500000,7115.82500000,0.54300192,576.77083333,318.98422767
episode_2020-04-01_2022-04-01,overlapping_2y_episode,2020-04-01,2022-04-01 00:00:00,8,1,protect_frozen,0.90000000,1000.00000000,1,3834,3834,3834,3834,1.00000000,1.00000000,1.00000000,5894.08888889,222793.00000000,8171.80000000,4,1600.00000000,2600.00000000,1800.00000000,1,9,1,0,False,1,0.12500000,0,7,8,2,0.00000000,0.00000000,800.00000000,9240.50000000,91.84500000,-1800.00000000,-1708.15500000,7493.35500000,-0.65698269,,94.02659198
episode_2020-04-01_2022-04-01,overlapping_2y_episode,2020-04-01,2022-04-01 00:00:00,8,1,stable_hash,0.90000000,1000.00000000,1,3834,3834,3834,3834,1.00000000,1.00000000,1.00000000,5894.08888889,222793.00000000,8171.80000000,4,1600.00000000,2600.00000000,2000.00000000,2,10,2,0,False,1,0.12500000,0,7,8,2,2000.00000000,1800.00000000,2400.00000000,10372.30000000,2005.51500000,-200.00000000,1805.51500000,10115.53000000,0.69442885,530.08333333,175.86909194
episode_2020-04-01_2022-04-01,overlapping_2y_episode,2020-04-01,2022-04-01 00:00:00,10,1,round_robin,0.90000000,1000.00000000,1,3834,3834,3834,3834,1.00000000,1.00000000,1.00000000,5894.08888889,222793.00000000,8171.80000000,4,2000.00000000,3000.00000000,2400.00000000,2,12,2,0,False,1,0.10000000,0,9,10,2,1000.00000000,900.00000000,1500.00000000,11157.85000000,443.97000000,-1500.00000000,-1056.03000000,9320.47500000,-0.35201000,355.52083333,104.90095328
episode_2020-04-01_2022-04-01,overlapping_2y_episode,2020-04-01,2022-04-01 00:00:00,10,1,least_trades,0.90000000,1000.00000000,1,3834,3834,3834,3834,1.00000000,1.00000000,1.00000000,5894.08888889,222793.00000000,8171.80000000,4,2000.00000000,3000.00000000,2400.00000000,2,12,2,0,False,1,0.10000000,0,9,10,3,1000.00000000,900.00000000,1500.00000000,11159.95000000,1225.84500000,-1500.00000000,-274.15500000,10721.14500000,-0.09138500,355.52083333,0.30000000
episode_2020-04-01_2022-04-01,overlapping_2y_episode,2020-04-01,2022-04-01 00:00:00,10,1,max_headroom,0.90000000,1000.00000000,1,3834,3834,3834,3834,1.00000000,1.00000000,1.00000000,5894.08888889,222793.00000000,8171.80000000,4,2000.00000000,3000.00000000,2000.00000000,0,10,0,0,False,0,0.00000000,0,10,10,3,2400.00000000,2160.00000000,3160.00000000,5771.80000000,1829.74500000,160.00000000,1989.74500000,8303.78500000,0.66324833,379.72916667,314.65860865
episode_2020-04-01_2022-04-01,overlapping_2y_episode,2020-04-01,2022-04-01 00:00:00,10,1,protect_frozen,0.90000000,1000.00000000,1,3834,3834,3834,3834,1.00000000,1.00000000,1.00000000,5894.08888889,222793.00000000,8171.80000000,4,2000.00000000,3000.00000000,2400.00000000,2,12,2,0,False,1,0.10000000,0,9,10,1,0.00000000,0.00000000,600.00000000,12171.20000000,0.00000000,-2400.00000000,-2400.00000000,9715.30500000,-0.80000000,,102.67930658
episode_2020-04-01_2022-04-01,overlapping_2y_episode,2020-04-01,2022-04-01 00:00:00,10,1,stable_hash,0.90000000,1000.00000000,1,3834,3834,3834,3834,1.00000000,1.00000000,1.00000000,5894.08888889,222793.00000000,8171.80000000,4,2000.00000000,3000.00000000,2400.00000000,2,12,2,0,False,1,0.10000000,0,9,10,2,1200.00000000,1080.00000000,1680.00000000,10726.50000000,1094.49000000,-1320.00000000,-225.51000000,9070.54500000,-0.07517000,530.08333333,118.46856123
episode_2020-04-01_2022-04-01,overlapping_2y_episode,2020-04-01,2022-04-01 00:00:00,12,1,round_robin,0.90000000,1000.00000000,1,3834,3834,3834,3834,1.00000000,1.00000000,1.00000000,5894.08888889,222793.00000000,8171.80000000,4,2400.00000000,3400.00000000,2600.00000000,1,13,1,0,False,1,0.08333333,0,11,12,2,400.00000000,360.00000000,1160.00000000,9330.85000000,205.69500000,-2240.00000000,-2034.30500000,7491.52000000,-0.59832500,652.66666667,85.80642782
episode_2020-04-01_2022-04-01,overlapping_2y_episode,2020-04-01,2022-04-01 00:00:00,12,1,least_trades,0.90000000,1000.00000000,1,3834,3834,3834,3834,1.00000000,1.00000000,1.00000000,5894.08888889,222793.00000000,8171.80000000,4,2400.00000000,3400.00000000,2600.00000000,1,13,1,0,False,1,0.08333333,0,11,12,2,1200.00000000,1080.00000000,1880.00000000,8005.00000000,1124.50500000,-1520.00000000,-395.49500000,9175.37500000,-0.11632206,650.79166667,0.37267800
episode_2020-04-01_2022-04-01,overlapping_2y_episode,2020-04-01,2022-04-01 00:00:00,12,1,max_headroom,0.90000000,1000.00000000,1,3834,3834,3834,3834,1.00000000,1.00000000,1.00000000,5894.08888889,222793.00000000,8171.80000000,4,2400.00000000,3400.00000000,2400.00000000,0,12,0,0,False,0,0.00000000,0,12,12,3,2400.00000000,2160.00000000,3160.00000000,5771.80000000,1543.00500000,-240.00000000,1303.00500000,7739.80500000,0.38323676,530.47916667,369.13468635
episode_2020-04-01_2022-04-01,overlapping_2y_episode,2020-04-01,2022-04-01 00:00:00,12,1,protect_frozen,0.90000000,1000.00000000,1,3834,3834,3834,3834,1.00000000,1.00000000,1.00000000,5894.08888889,222793.00000000,8171.80000000,4,2400.00000000,3400.00000000,2400.00000000,0,12,0,0,False,0,0.00000000,0,12,12,1,0.00000000,0.00000000,1000.00000000,8171.80000000,0.00000000,-2400.00000000,-2400.00000000,6095.05500000,-0.70588235,,45.37895988
episode_2020-04-01_2022-04-01,overlapping_2y_episode,2020-04-01,2022-04-01 00:00:00,12,1,stable_hash,0.90000000,1000.00000000,1,3834,3834,3834,3834,1.00000000,1.00000000,1.00000000,5894.08888889,222793.00000000,8171.80000000,4,2400.00000000,3400.00000000,2600.00000000,1,13,1,0,False,1,0.08333333,0,11,12,2,400.00000000,360.00000000,1160.00000000,9370.65000000,496.44000000,-2240.00000000,-1743.56000000,8242.70500000,-0.51281176,576.77083333,48.47185610
episode_2020-04-01_2022-04-01,overlapping_2y_episode,2020-04-01,2022-04-01 00:00:00,15,1,round_robin,0.90000000,1000.00000000,1,3834,3834,3834,3834,1.00000000,1.00000000,1.00000000,5894.08888889,222793.00000000,8171.80000000,4,3000.00000000,4000.00000000,3200.00000000,1,16,1,0,False,1,0.06666667,0,14,15,2,0.00000000,0.00000000,800.00000000,10306.10000000,0.00000000,-3200.00000000,-3200.00000000,8324.59000000,-0.80000000,,36.31504127
episode_2020-04-01_2022-04-01,overlapping_2y_episode,2020-04-01,2022-04-01 00:00:00,15,1,least_trades,0.90000000,1000.00000000,1,3834,3834,3834,3834,1.00000000,1.00000000,1.00000000,5894.08888889,222793.00000000,8171.80000000,4,3000.00000000,4000.00000000,3400.00000000,2,17,2,0,False,1,0.06666667,0,14,15,1,400.00000000,360.00000000,960.00000000,10953.60000000,89.01000000,-3040.00000000,-2950.99000000,8816.51000000,-0.73774750,694.70833333,45.39877629
episode_2020-04-01_2022-04-01,overlapping_2y_episode,2020-04-01,2022-04-01 00:00:00,15,1,max_headroom,0.90000000,1000.00000000,1,3834,3834,3834,3834,1.00000000,1.00000000,1.00000000,5894.08888889,222793.00000000,8171.80000000,4,3000.00000000,4000.00000000,3000.00000000,0,15,0,0,False,0,0.00000000,0,15,15,3,2400.00000000,2160.00000000,3160.00000000,5771.80000000,1510.83000000,-840.00000000,670.83000000,8596.54500000,0.16770750,581.87500000,251.87848922
episode_2020-04-01_2022-04-01,overlapping_2y_episode,2020-04-01,2022-04-01 00:00:00,15,1,protect_frozen,0.90000000,1000.00000000,1,3834,3834,3834,3834,1.00000000,1.00000000,1.00000000,5894.08888889,222793.00000000,8171.80000000,4,3000.00000000,4000.00000000,3200.00000000,1,16,1,0,False,1,0.06666667,0,14,15,1,0.00000000,0.00000000,800.00000000,10306.10000000,0.00000000,-3200.00000000,-3200.00000000,9044.54500000,-0.80000000,,5.05788713
episode_2020-04-01_2022-04-01,overlapping_2y_episode,2020-04-01,2022-04-01 00:00:00,15,1,stable_hash,0.90000000,1000.00000000,1,3834,3834,3834,3834,1.00000000,1.00000000,1.00000000,5894.08888889,222793.00000000,8171.80000000,4,3000.00000000,4000.00000000,3200.00000000,1,16,1,0,False,1,0.06666667,0,14,15,1,0.00000000,0.00000000,800.00000000,10130.85000000,25.96500000,-3200.00000000,-3174.03500000,9105.65500000,-0.79350875,,56.90483284
episode_2020-04-01_2022-04-01,overlapping_2y_episode,2020-04-01,2022-04-01 00:00:00,20,1,round_robin,0.90000000,1000.00000000,1,3834,3834,3834,3834,1.00000000,1.00000000,1.00000000,5894.08888889,222793.00000000,8171.80000000,4,4000.00000000,5000.00000000,4400.00000000,2,22,2,0,False,1,0.05000000,0,19,20,2,200.00000000,180.00000000,780.00000000,11755.95000000,469.71000000,-4220.00000000,-3750.29000000,9216.01000000,-0.75005800,714.93750000,54.41826440
episode_2020-04-01_2022-04-01,overlapping_2y_episode,2020-04-01,2022-04-01 00:00:00,20,1,least_trades,0.90000000,1000.00000000,1,3834,3834,3834,3834,1.00000000,1.00000000,1.00000000,5894.08888889,222793.00000000,8171.80000000,4,4000.00000000,5000.00000000,4200.00000000,1,21,1,0,False,1,0.05000000,0,19,20,2,400.00000000,360.00000000,1160.00000000,9727.45000000,0.00000000,-3840.00000000,-3840.00000000,9594.79500000,-0.76800000,692.91666667,0.21794495
episode_2020-04-01_2022-04-01,overlapping_2y_episode,2020-04-01,2022-04-01 00:00:00,20,1,max_headroom,0.90000000,1000.00000000,1,3834,3834,3834,3834,1.00000000,1.00000000,1.00000000,5894.08888889,222793.00000000,8171.80000000,4,4000.00000000,5000.00000000,4000.00000000,0,20,0,0,False,0,0.00000000,0,20,20,2,1000.00000000,900.00000000,1900.00000000,7171.80000000,603.40500000,-3100.00000000,-2496.59500000,7039.62500000,-0.49931900,677.70833333,136.27365850
episode_2020-04-01_2022-04-01,overlapping_2y_episode,2020-04-01,2022-04-01 00:00:00,20,1,protect_frozen,0.90000000,1000.00000000,1,3834,3834,3834,3834,1.00000000,1.00000000,1.00000000,5894.08888889,222793.00000000,8171.80000000,4,4000.00000000,5000.00000000,4000.00000000,0,20,0,0,False,0,0.00000000,0,20,20,1,0.00000000,0.00000000,1000.00000000,8171.80000000,0.00000000,-4000.00000000,-4000.00000000,8121.47000000,-0.80000000,,5.21632054
episode_2020-04-01_2022-04-01,overlapping_2y_episode,2020-04-01,2022-04-01 00:00:00,20,1,stable_hash,0.90000000,1000.00000000,1,3834,3834,3834,3834,1.00000000,1.00000000,1.00000000,5894.08888889,222793.00000000,8171.80000000,4,4000.00000000,5000.00000000,4000.00000000,0,20,0,0,False,0,0.00000000,0,20,20,1,200.00000000,180.00000000,1180.00000000,7971.80000000,166.86000000,-3820.00000000,-3653.14000000,7925.09000000,-0.73062800,616.95833333,12.85729365
episode_2020-04-01_2022-04-01,overlapping_2y_episode,2020-04-01,2022-04-01 00:00:00,4,2,round_robin,0.90000000,1000.00000000,1,3834,7668,7310,7310,0.95331247,0.95331247,0.95331247,11465.96666667,429987.00000000,15657.50000000,4,800.00000000,1800.00000000,1200.00000000,2,6,2,0,False,2,0.50000000,0,2,4,4,5200.00000000,4680.00000000,5280.00000000,14605.40000000,3784.86000000,3480.00000000,7264.86000000,16624.86000000,4.03603333,156.81250000,566.00000000
episode_2020-04-01_2022-04-01,overlapping_2y_episode,2020-04-01,2022-04-01 00:00:00,4,2,least_trades,0.90000000,1000.00000000,1,3834,7668,7308,7308,0.95305164,0.95331247,0.95279082,11462.90555556,429887.00000000,15527.10000000,4,800.00000000,1800.00000000,2000.00000000,6,10,6,0,False,2,0.50000000,0,2,4,4,6000.00000000,5400.00000000,5200.00000000,15878.30000000,4930.47000000,3400.00000000,8330.47000000,17690.47000000,4.62803889,300.97916667,44.50280890
episode_2020-04-01_2022-04-01,overlapping_2y_episode,2020-04-01,2022-04-01 00:00:00,4,2,max_headroom,0.90000000,1000.00000000,1,3834,7668,7310,7310,0.95331247,0.95331247,0.95331247,11465.96666667,429987.00000000,15657.50000000,4,800.00000000,1800.00000000,1200.00000000,2,6,2,0,False,2,0.50000000,0,2,4,4,3200.00000000,2880.00000000,3480.00000000,12562.70000000,1946.43000000,1680.00000000,3626.43000000,12986.43000000,2.01468333,282.68750000,263.50000000
episode_2020-04-01_2022-04-01,overlapping_2y_episode,2020-04-01,2022-04-01 00:00:00,4,2,protect_frozen,0.90000000,1000.00000000,1,3834,7668,7309,7309,0.95318206,0.95331247,0.95305164,11463.37777778,429953.50000000,15625.55000000,4,800.00000000,1800.00000000,1600.00000000,4,8,4,0,False,2,0.50000000,0,2,4,4,5400.00000000,4860.00000000,5060.00000000,15076.60000000,4208.94000000,3260.00000000,7468.94000000,16828.94000000,4.14941111,329.97916667,20.50609665
episode_2020-04-01_2022-04-01,overlapping_2y_episode,2020-04-01,2022-04-01 00:00:00,4,2,stable_hash,0.90000000,1000.00000000,1,3834,7668,7310,7310,0.95331247,0.95331247,0.95331247,11465.96666667,429987.00000000,15657.50000000,4,800.00000000,1800.00000000,1200.00000000,2,6,2,0,False,1,0.25000000,0,3,4,4,3600.00000000,3240.00000000,3840.00000000,12483.75000000,2275.24500000,2040.00000000,4315.24500000,13275.37500000,2.39735833,161.83333333,486.09637676
episode_2020-04-01_2022-04-01,overlapping_2y_episode,2020-04-01,2022-04-01 00:00:00,5,2,round_robin,0.90000000,1000.00000000,1,3834,7668,7469,7469,0.97404799,0.99478352,0.95331247,11616.05555556,436846.50000000,16581.55000000,5,1000.00000000,2000.00000000,1400.00000000,2,7,2,0,False,1,0.20000000,0,4,5,5,4000.00000000,3600.00000000,4200.00000000,14641.05000000,2112.03000000,2200.00000000,4312.03000000,15376.94500000,2.15601500,156.43750000,453.94819088
episode_2020-04-01_2022-04-01,overlapping_2y_episode,2020-04-01,2022-04-01 00:00:00,5,2,least_trades,0.90000000,1000.00000000,1,3834,7668,7469,7469,0.97404799,0.99478352,0.95331247,11616.05555556,436846.50000000,16581.55000000,5,1000.00000000,2000.00000000,1200.00000000,1,6,1,0,False,1,0.20000000,0,4,5,5,2400.00000000,2160.00000000,2960.00000000,14084.95000000,1310.40000000,960.00000000,2270.40000000,13636.45500000,1.13520000,219.39583333,218.10034388
episode_2020-04-01_2022-04-01,overlapping_2y_episode,2020-04-01,2022-04-01 00:00:00,5,2,max_headroom,0.90000000,1000.00000000,1,3834,7668,7469,7469,0.97404799,0.99478352,0.95331247,11616.05555556,436846.50000000,16581.55000000,5,1000.00000000,2000.00000000,1400.00000000,2,7,2,0,False,1,0.20000000,0,4,5,3,3800.00000000,3420.00000000,4020.00000000,13099.35000000,2693.52000000,2020.00000000,4713.52000000,13809.41500000,2.35676000,162.08333333,832.05567121
episode_2020-04-01_2022-04-01,overlapping_2y_episode,2020-04-01,2022-04-01 00:00:00,5,2,protect_frozen,0.90000000,1000.00000000,1,3834,7668,7469,7469,0.97404799,0.99478352,0.95331247,11616.05555556,436846.50000000,16581.55000000,5,1000.00000000,2000.00000000,1800.00000000,4,9,4,0,False,2,0.40000000,0,3,5,5,6200.00000000,5580.00000000,5780.00000000,17116.80000000,5040.04500000,3780.00000000,8820.04500000,19185.12000000,4.41002250,328.93750000,0.40000000
episode_2020-04-01_2022-04-01,overlapping_2y_episode,2020-04-01,2022-04-01 00:00:00,5,2,stable_hash,0.90000000,1000.00000000,1,3834,7668,7469,7469,0.97404799,0.99478352,0.95331247,11616.05555556,436846.50000000,16581.55000000,5,1000.00000000,2000.00000000,1600.00000000,3,8,3,0,False,1,0.20000000,0,4,5,3,4600.00000000,4140.00000000,4540.00000000,13573.35000000,2843.55000000,2540.00000000,5383.55000000,14756.01500000,2.69177500,265.14583333,517.40838803
episode_2020-04-01_2022-04-01,overlapping_2y_episode,2020-04-01,2022-04-01 00:00:00,6,2,round_robin,0.90000000,1000.00000000,1,3834,7668,7628,7628,0.99478352,0.99478352,0.99478352,11766.14444444,443706.00000000,17505.60000000,6,1200.00000000,2200.00000000,1200.00000000,0,6,0,0,False,0,0.00000000,0,6,6,4,2000.00000000,1800.00000000,2800.00000000,15505.60000000,821.88000000,600.00000000,1421.88000000,14555.04000000,0.64630909,673.41666667,3.85861230
episode_2020-04-01_2022-04-01,overlapping_2y_episode,2020-04-01,2022-04-01 00:00:00,6,2,least_trades,0.90000000,1000.00000000,1,3834,7668,7628,7628,0.99478352,0.99478352,0.99478352,11766.14444444,443706.00000000,17505.60000000,6,1200.00000000,2200.00000000,1600.00000000,2,8,2,0,False,2,0.33333333,0,4,6,4,2400.00000000,2160.00000000,2760.00000000,15880.80000000,1186.51500000,560.00000000,1746.51500000,14852.72000000,0.79387045,614.33333333,0.47140452
episode_2020-04-01_2022-04-01,overlapping_2y_episode,2020-04-01,2022-04-01 00:00:00,6,2,max_headroom,0.90000000,1000.00000000,1,3834,7668,7628,7628,0.99478352,0.99478352,0.99478352,11766.14444444,443706.00000000,17505.60000000,6,1200.00000000,2200.00000000,1200.00000000,0,6,0,0,False,0,0.00000000,0,6,6,2,4400.00000000,3960.00000000,4960.00000000,13105.60000000,2968.11000000,2760.00000000,5728.11000000,14579.25000000,2.60368636,217.64583333,854.16873170
episode_2020-04-01_2022-04-01,overlapping_2y_episode,2020-04-01,2022-04-01 00:00:00,6,2,protect_frozen,0.90000000,1000.00000000,1,3834,7668,7628,7628,0.99478352,0.99478352,0.99478352,11766.14444444,443706.00000000,17505.60000000,6,1200.00000000,2200.00000000,2000.00000000,4,10,4,0,False,2,0.33333333,0,4,6,6,2200.00000000,1980.00000000,2180.00000000,17040.55000000,1313.77500000,-20.00000000,1293.77500000,15316.49500000,0.58807955,582.43750000,0.37267800
episode_2020-04-01_2022-04-01,overlapping_2y_episode,2020-04-01,2022-04-01 00:00:00,6,2,stable_hash,0.90000000,1000.00000000,1,3834,7668,7628,7628,0.99478352,0.99478352,0.99478352,11766.14444444,443706.00000000,17505.60000000,6,1200.00000000,2200.00000000,1600.00000000,2,8,2,0,False,1,0.16666667,0,5,6,4,3000.00000000,2700.00000000,3300.00000000,15897.00000000,1462.81500000,1100.00000000,2562.81500000,15407.30000000,1.16491591,281.70833333,427.28717899
episode_2020-04-01_2022-04-01,overlapping_2y_episode,2020-04-01,2022-04-01 00:00:00,8,2,round_robin,0.90000000,1000.00000000,1,3834,7668,7668,7668,1.00000000,1.00000000,1.00000000,11788.17777778,445586.00000000,16343.60000000,8,1600.00000000,2600.00000000,2000.00000000,2,10,2,0,False,2,0.25000000,0,6,8,4,1200.00000000,1080.00000000,1680.00000000,16495.00000000,1818.72000000,-920.00000000,898.72000000,13925.50000000,0.34566154,594.70833333,344.39621078
episode_2020-04-01_2022-04-01,overlapping_2y_episode,2020-04-01,2022-04-01 00:00:00,8,2,least_trades,0.90000000,1000.00000000,1,3834,7668,7668,7668,1.00000000,1.00000000,1.00000000,11788.17777778,445586.00000000,16343.60000000,8,1600.00000000,2600.00000000,2000.00000000,2,10,2,0,False,2,0.25000000,0,6,8,5,1600.00000000,1440.00000000,2040.00000000,16848.50000000,1338.39000000,-560.00000000,778.39000000,14603.65000000,0.29938077,349.60416667,0.43301270
episode_2020-04-01_2022-04-01,overlapping_2y_episode,2020-04-01,2022-04-01 00:00:00,8,2,max_headroom,0.90000000,1000.00000000,1,3834,7668,7668,7668,1.00000000,1.00000000,1.00000000,11788.17777778,445586.00000000,16343.60000000,8,1600.00000000,2600.00000000,1600.00000000,0,8,0,0,False,0,0.00000000,0,8,8,4,4400.00000000,3960.00000000,4960.00000000,11943.60000000,3088.89000000,2360.00000000,5448.89000000,16079.42000000,2.09572692,379.72916667,448.71733864
episode_2020-04-01_2022-04-01,overlapping_2y_episode,2020-04-01,2022-04-01 00:00:00,8,2,protect_frozen,0.90000000,1000.00000000,1,3834,7668,7668,7668,1.00000000,1.00000000,1.00000000,11788.17777778,445586.00000000,16343.60000000,8,1600.00000000,2600.00000000,2000.00000000,2,10,2,0,False,2,0.25000000,0,6,8,5,200.00000000,180.00000000,780.00000000,16020.30000000,315.72000000,-1820.00000000,-1504.28000000,12598.27000000,-0.57856923,727.37500000,222.79797463
episode_2020-04-01_2022-04-01,overlapping_2y_episode,2020-04-01,2022-04-01 00:00:00,8,2,stable_hash,0.90000000,1000.00000000,1,3834,7668,7668,7668,1.00000000,1.00000000,1.00000000,11788.17777778,445586.00000000,16343.60000000,8,1600.00000000,2600.00000000,2200.00000000,3,11,3,0,False,1,0.12500000,0,7,8,5,3800.00000000,3420.00000000,3820.00000000,17360.40000000,3284.64000000,1220.00000000,4504.64000000,17067.02000000,1.73255385,379.72916667,307.38524281
episode_2020-04-01_2022-04-01,overlapping_2y_episode,2020-04-01,2022-04-01 00:00:00,10,2,round_robin,0.90000000,1000.00000000,1,3834,7668,7668,7668,1.00000000,1.00000000,1.00000000,11788.17777778,445586.00000000,16343.60000000,8,2000.00000000,3000.00000000,2400.00000000,2,12,2,0,False,2,0.20000000,0,8,10,4,1200.00000000,1080.00000000,1680.00000000,18424.90000000,887.49000000,-1320.00000000,-432.51000000,15262.41000000,-0.14417000,217.62500000,233.11061752
episode_2020-04-01_2022-04-01,overlapping_2y_episode,2020-04-01,2022-04-01 00:00:00,10,2,least_trades,0.90000000,1000.00000000,1,3834,7668,7668,7668,1.00000000,1.00000000,1.00000000,11788.17777778,445586.00000000,16343.60000000,8,2000.00000000,3000.00000000,2800.00000000,4,14,4,0,False,2,0.20000000,0,8,10,4,2200.00000000,1980.00000000,2180.00000000,19420.40000000,180.81000000,-820.00000000,-639.19000000,16658.36000000,-0.21306333,217.62500000,0.40000000
episode_2020-04-01_2022-04-01,overlapping_2y_episode,2020-04-01,2022-04-01 00:00:00,10,2,max_headroom,0.90000000,1000.00000000,1,3834,7668,7668,7668,1.00000000,1.00000000,1.00000000,11788.17777778,445586.00000000,16343.60000000,8,2000.00000000,3000.00000000,2000.00000000,0,10,0,0,False,0,0.00000000,0,10,10,6,4000.00000000,3600.00000000,4600.00000000,12343.60000000,3040.56000000,1600.00000000,4640.56000000,15579.07000000,1.54685333,162.35416667,581.61478661
episode_2020-04-01_2022-04-01,overlapping_2y_episode,2020-04-01,2022-04-01 00:00:00,10,2,protect_frozen,0.90000000,1000.00000000,1,3834,7668,7668,7668,1.00000000,1.00000000,1.00000000,11788.17777778,445586.00000000,16343.60000000,8,2000.00000000,3000.00000000,2400.00000000,2,12,2,0,False,2,0.20000000,0,8,10,7,0.00000000,0.00000000,600.00000000,19292.90000000,156.91500000,-2400.00000000,-2243.08500000,14988.94500000,-0.74769500,,247.63917299
episode_2020-04-01_2022-04-01,overlapping_2y_episode,2020-04-01,2022-04-01 00:00:00,10,2,stable_hash,0.90000000,1000.00000000,1,3834,7668,7668,7668,1.00000000,1.00000000,1.00000000,11788.17777778,445586.00000000,16343.60000000,8,2000.00000000,3000.00000000,2600.00000000,3,13,3,0,False,1,0.10000000,0,9,10,6,1400.00000000,1260.00000000,1660.00000000,18158.65000000,1259.50500000,-1340.00000000,-80.49500000,15642.10000000,-0.02683167,566.97916667,237.79657273
episode_2020-04-01_2022-04-01,overlapping_2y_episode,2020-04-01,2022-04-01 00:00:00,12,2,round_robin,0.90000000,1000.00000000,1,3834,7668,7668,7668,1.00000000,1.00000000,1.00000000,11788.17777778,445586.00000000,16343.60000000,8,2400.00000000,3400.00000000,2800.00000000,2,14,2,0,False,2,0.16666667,0,10,12,4,3600.00000000,3240.00000000,3840.00000000,17016.40000000,1514.88000000,440.00000000,1954.88000000,17968.85000000,0.57496471,350.85416667,140.87583185
episode_2020-04-01_2022-04-01,overlapping_2y_episode,2020-04-01,2022-04-01 00:00:00,12,2,least_trades,0.90000000,1000.00000000,1,3834,7668,7668,7668,1.00000000,1.00000000,1.00000000,11788.17777778,445586.00000000,16343.60000000,8,2400.00000000,3400.00000000,3000.00000000,3,15,3,0,False,2,0.16666667,0,10,12,3,2000.00000000,1800.00000000,2200.00000000,18503.95000000,1908.99000000,-1200.00000000,708.99000000,16082.07000000,0.20852647,350.85416667,23.29565410
episode_2020-04-01_2022-04-01,overlapping_2y_episode,2020-04-01,2022-04-01 00:00:00,12,2,max_headroom,0.90000000,1000.00000000,1,3834,7668,7668,7668,1.00000000,1.00000000,1.00000000,11788.17777778,445586.00000000,16343.60000000,8,2400.00000000,3400.00000000,2400.00000000,0,12,0,0,False,0,0.00000000,0,12,12,6,3200.00000000,2880.00000000,3880.00000000,13143.60000000,1346.40000000,480.00000000,1826.40000000,13192.14000000,0.53717647,162.64583333,184.84047176
episode_2020-04-01_2022-04-01,overlapping_2y_episode,2020-04-01,2022-04-01 00:00:00,12,2,protect_frozen,0.90000000,1000.00000000,1,3834,7668,7668,7668,1.00000000,1.00000000,1.00000000,11788.17777778,445586.00000000,16343.60000000,8,2400.00000000,3400.00000000,3200.00000000,4,16,4,0,False,2,0.16666667,0,10,12,6,0.00000000,0.00000000,200.00000000,23396.65000000,114.48000000,-3200.00000000,-3085.52000000,17856.98500000,-0.90750588,,96.30344836
episode_2020-04-01_2022-04-01,overlapping_2y_episode,2020-04-01,2022-04-01 00:00:00,12,2,stable_hash,0.90000000,1000.00000000,1,3834,7668,7668,7668,1.00000000,1.00000000,1.00000000,11788.17777778,445586.00000000,16343.60000000,8,2400.00000000,3400.00000000,3000.00000000,3,15,3,0,False,1,0.08333333,0,11,12,4,2800.00000000,2520.00000000,2920.00000000,17004.75000000,1954.48500000,-480.00000000,1474.48500000,16143.31500000,0.43367206,461.60416667,211.33167389
episode_2020-04-01_2022-04-01,overlapping_2y_episode,2020-04-01,2022-04-01 00:00:00,15,2,round_robin,0.90000000,1000.00000000,1,3834,7668,7668,7668,1.00000000,1.00000000,1.00000000,11788.17777778,445586.00000000,16343.60000000,8,3000.00000000,4000.00000000,3400.00000000,2,17,2,0,False,1,0.06666667,0,14,15,3,1800.00000000,1620.00000000,2220.00000000,18306.25000000,433.17000000,-1780.00000000,-1346.83000000,16541.66000000,-0.33670750,357.43750000,111.23248926
episode_2020-04-01_2022-04-01,overlapping_2y_episode,2020-04-01,2022-04-01 00:00:00,15,2,least_trades,0.90000000,1000.00000000,1,3834,7668,7668,7668,1.00000000,1.00000000,1.00000000,11788.17777778,445586.00000000,16343.60000000,8,3000.00000000,4000.00000000,3600.00000000,3,18,3,0,False,1,0.06666667,0,14,15,5,3000.00000000,2700.00000000,3100.00000000,17320.20000000,2240.05500000,-900.00000000,1340.05500000,17758.80000000,0.33501375,355.52083333,28.17043367
episode_2020-04-01_2022-04-01,overlapping_2y_episode,2020-04-01,2022-04-01 00:00:00,15,2,max_headroom,0.90000000,1000.00000000,1,3834,7668,7668,7668,1.00000000,1.00000000,1.00000000,11788.17777778,445586.00000000,16343.60000000,8,3000.00000000,4000.00000000,3000.00000000,0,15,0,0,False,0,0.00000000,0,15,15,4,4400.00000000,3960.00000000,4960.00000000,11943.60000000,3501.49500000,960.00000000,4461.49500000,15542.20500000,1.11537375,561.72916667,411.02476811
episode_2020-04-01_2022-04-01,overlapping_2y_episode,2020-04-01,2022-04-01 00:00:00,15,2,protect_frozen,0.90000000,1000.00000000,1,3834,7668,7668,7668,1.00000000,1.00000000,1.00000000,11788.17777778,445586.00000000,16343.60000000,8,3000.00000000,4000.00000000,3600.00000000,3,18,3,0,False,1,0.06666667,0,14,15,6,0.00000000,0.00000000,400.00000000,22189.55000000,142.56000000,-3600.00000000,-3457.44000000,17479.35000000,-0.86436000,,104.22825379
episode_2020-04-01_2022-04-01,overlapping_2y_episode,2020-04-01,2022-04-01 00:00:00,15,2,stable_hash,0.90000000,1000.00000000,1,3834,7668,7668,7668,1.00000000,1.00000000,1.00000000,11788.17777778,445586.00000000,16343.60000000,8,3000.00000000,4000.00000000,3400.00000000,2,17,2,0,False,1,0.06666667,0,14,15,2,2000.00000000,1800.00000000,2400.00000000,16980.75000000,1501.47000000,-1600.00000000,-98.53000000,14054.60000000,-0.02463250,504.27083333,126.55890153
episode_2020-04-01_2022-04-01,overlapping_2y_episode,2020-04-01,2022-04-01 00:00:00,20,2,round_robin,0.90000000,1000.00000000,1,3834,7668,7668,7668,1.00000000,1.00000000,1.00000000,11788.17777778,445586.00000000,16343.60000000,8,4000.00000000,5000.00000000,4800.00000000,4,24,4,0,False,2,0.10000000,0,18,20,4,2000.00000000,1800.00000000,2000.00000000,22315.70000000,887.94000000,-3000.00000000,-2112.06000000,18640.95000000,-0.42241200,355.52083333,104.90095328
episode_2020-04-01_2022-04-01,overlapping_2y_episode,2020-04-01,2022-04-01 00:00:00,20,2,least_trades,0.90000000,1000.00000000,1,3834,7668,7668,7668,1.00000000,1.00000000,1.00000000,11788.17777778,445586.00000000,16343.60000000,8,4000.00000000,5000.00000000,4800.00000000,4,24,4,0,False,2,0.10000000,0,18,20,5,1200.00000000,1080.00000000,1280.00000000,23088.50000000,589.41000000,-3720.00000000,-3130.59000000,20139.00000000,-0.62611800,355.52083333,0.00000000
episode_2020-04-01_2022-04-01,overlapping_2y_episode,2020-04-01,2022-04-01 00:00:00,20,2,max_headroom,0.90000000,1000.00000000,1,3834,7668,7668,7668,1.00000000,1.00000000,1.00000000,11788.17777778,445586.00000000,16343.60000000,8,4000.00000000,5000.00000000,4000.00000000,0,20,0,0,False,0,0.00000000,0,20,20,6,4800.00000000,4320.00000000,5320.00000000,11543.60000000,3659.49000000,320.00000000,3979.49000000,16607.57000000,0.79589800,379.72916667,314.65860865
episode_2020-04-01_2022-04-01,overlapping_2y_episode,2020-04-01,2022-04-01 00:00:00,20,2,protect_frozen,0.90000000,1000.00000000,1,3834,7668,7668,7668,1.00000000,1.00000000,1.00000000,11788.17777778,445586.00000000,16343.60000000,8,4000.00000000,5000.00000000,5000.00000000,5,25,5,0,False,2,0.10000000,0,18,20,2,0.00000000,0.00000000,0.00000000,25522.60000000,0.00000000,-5000.00000000,-5000.00000000,19559.38000000,-1.00000000,,115.20151909
episode_2020-04-01_2022-04-01,overlapping_2y_episode,2020-04-01,2022-04-01 00:00:00,20,2,stable_hash,0.90000000,1000.00000000,1,3834,7668,7668,7668,1.00000000,1.00000000,1.00000000,11788.17777778,445586.00000000,16343.60000000,8,4000.00000000,5000.00000000,4400.00000000,2,22,2,0,False,1,0.05000000,0,19,20,4,1000.00000000,900.00000000,1500.00000000,19471.60000000,1287.40500000,-3500.00000000,-2212.59500000,16836.31000000,-0.44251900,478.77083333,60.03365723
episode_2020-04-01_2022-04-01,overlapping_2y_episode,2020-04-01,2022-04-01 00:00:00,6,3,round_robin,0.90000000,1000.00000000,1,3834,11502,10965,10965,0.95331247,0.95331247,0.95331247,17198.95000000,644980.50000000,23486.25000000,6,1200.00000000,2200.00000000,1800.00000000,3,9,3,0,False,3,0.50000000,0,3,6,6,7600.00000000,6840.00000000,7240.00000000,22108.10000000,5876.32500000,5040.00000000,10916.32500000,24937.29000000,4.96196591,156.81250000,564.34002752
episode_2020-04-01_2022-04-01,overlapping_2y_episode,2020-04-01,2022-04-01 00:00:00,6,3,least_trades,0.90000000,1000.00000000,1,3834,11502,10961,10961,0.95296470,0.95331247,0.95279082,17192.82777778,644780.50000000,23225.45000000,6,1200.00000000,2200.00000000,3000.00000000,9,15,9,0,False,3,0.50000000,0,3,6,6,9000.00000000,8100.00000000,7300.00000000,23732.60000000,7319.34000000,5100.00000000,12419.34000000,26459.34000000,5.64515455,300.97916667,45.33823503
episode_2020-04-01_2022-04-01,overlapping_2y_episode,2020-04-01,2022-04-01 00:00:00,6,3,max_headroom,0.90000000,1000.00000000,1,3834,11502,10963,10963,0.95313858,0.95331247,0.95305164,17196.39444444,644887.50000000,23581.35000000,6,1200.00000000,2200.00000000,2400.00000000,6,12,6,0,False,3,0.50000000,0,3,6,6,5600.00000000,5040.00000000,4840.00000000,19766.40000000,3749.76000000,2640.00000000,6389.76000000,20429.76000000,2.90443636,282.68750000,536.73177659
episode_2020-04-01_2022-04-01,overlapping_2y_episode,2020-04-01,2022-04-01 00:00:00,6,3,protect_frozen,0.90000000,1000.00000000,1,3834,11502,10963,10963,0.95313858,0.95331247,0.95305164,17193.77222222,644913.50000000,23422.35000000,6,1200.00000000,2200.00000000,2400.00000000,6,12,6,0,False,3,0.50000000,0,3,6,6,8400.00000000,7560.00000000,7360.00000000,22341.35000000,6067.21500000,5160.00000000,11227.21500000,25267.21500000,5.10327955,329.97916667,21.17716275
episode_2020-04-01_2022-04-01,overlapping_2y_episode,2020-04-01,2022-04-01 00:00:00,6,3,stable_hash,0.90000000,1000.00000000,1,3834,11502,10965,10965,0.95331247,0.95331247,0.95331247,17198.95000000,644980.50000000,23486.25000000,6,1200.00000000,2200.00000000,2000.00000000,4,10,4,0,False,1,0.16666667,0,5,6,5,6400.00000000,5760.00000000,5960.00000000,20847.20000000,5528.07000000,3760.00000000,9288.07000000,22522.48000000,4.22185000,209.54166667,613.09397503
episode_2020-04-01_2022-04-01,overlapping_2y_episode,2020-04-01,2022-04-01 00:00:00,8,3,round_robin,0.90000000,1000.00000000,1,3834,11502,11283,11283,0.98095983,0.99478352,0.95331247,17499.12777778,658699.50000000,25334.35000000,8,1600.00000000,2600.00000000,2800.00000000,6,14,6,0,False,1,0.12500000,0,7,8,7,8400.00000000,7560.00000000,7360.00000000,25679.65000000,5632.47000000,4760.00000000,10392.47000000,27871.68500000,3.99710385,217.64583333,440.81315132
episode_2020-04-01_2022-04-01,overlapping_2y_episode,2020-04-01,2022-04-01 00:00:00,8,3,least_trades,0.90000000,1000.00000000,1,3834,11502,11283,11283,0.98095983,0.99478352,0.95331247,17499.12777778,658699.50000000,25334.35000000,8,1600.00000000,2600.00000000,2800.00000000,6,14,6,0,False,2,0.25000000,0,6,8,8,6400.00000000,5760.00000000,5560.00000000,25553.40000000,4670.19000000,2960.00000000,7630.19000000,25958.06000000,2.93468846,168.20833333,0.00000000
episode_2020-04-01_2022-04-01,overlapping_2y_episode,2020-04-01,2022-04-01 00:00:00,8,3,max_headroom,0.90000000,1000.00000000,1,3834,11502,11283,11283,0.98095983,0.99478352,0.95331247,17499.12777778,658699.50000000,25334.35000000,8,1600.00000000,2600.00000000,2400.00000000,4,12,4,0,False,2,0.25000000,0,6,8,5,5800.00000000,5220.00000000,5420.00000000,19344.90000000,3503.65500000,2820.00000000,6323.65500000,20230.41000000,2.43217500,162.64583333,636.87670510
episode_2020-04-01_2022-04-01,overlapping_2y_episode,2020-04-01,2022-04-01 00:00:00,8,3,protect_frozen,0.90000000,1000.00000000,1,3834,11502,11283,11283,0.98095983,0.99478352,0.95331247,17499.12777778,658699.50000000,25334.35000000,8,1600.00000000,2600.00000000,3000.00000000,7,15,7,0,False,2,0.25000000,0,6,8,8,6000.00000000,5400.00000000,5000.00000000,25569.00000000,5098.05000000,2400.00000000,7498.05000000,25412.10000000,2.88386538,467.64583333,187.86747324
episode_2020-04-01_2022-04-01,overlapping_2y_episode,2020-04-01,2022-04-01 00:00:00,8,3,stable_hash,0.90000000,1000.00000000,1,3834,11502,11283,11283,0.98095983,0.99478352,0.95331247,17499.12777778,658699.50000000,25334.35000000,8,1600.00000000,2600.00000000,2200.00000000,3,11,3,0,False,1,0.12500000,0,7,8,5,6400.00000000,5760.00000000,6160.00000000,22698.80000000,4423.72500000,3560.00000000,7983.72500000,23988.92000000,3.07066346,355.52083333,500.40433651
episode_2020-04-01_2022-04-01,overlapping_2y_episode,2020-04-01,2022-04-01 00:00:00,10,3,round_robin,0.90000000,1000.00000000,1,3834,11502,11462,11462,0.99652234,1.00000000,0.99478352,17660.23333333,666499.00000000,25677.40000000,10,2000.00000000,3000.00000000,3000.00000000,5,15,5,0,False,1,0.10000000,0,9,10,6,6400.00000000,5760.00000000,5760.00000000,24503.30000000,4457.02500000,2760.00000000,7217.02500000,24963.76500000,2.40567500,329.41666667,416.84006525
episode_2020-04-01_2022-04-01,overlapping_2y_episode,2020-04-01,2022-04-01 00:00:00,10,3,least_trades,0.90000000,1000.00000000,1,3834,11502,11462,11462,0.99652234,1.00000000,0.99478352,17660.23333333,666499.00000000,25677.40000000,10,2000.00000000,3000.00000000,2800.00000000,4,14,4,0,False,1,0.10000000,0,9,10,5,7200.00000000,6480.00000000,6680.00000000,22821.80000000,5179.18500000,3680.00000000,8859.18500000,24235.41500000,2.95306167,121.93750000,93.13452636
episode_2020-04-01_2022-04-01,overlapping_2y_episode,2020-04-01,2022-04-01 00:00:00,10,3,max_headroom,0.90000000,1000.00000000,1,3834,11502,11462,11462,0.99652234,1.00000000,0.99478352,17660.23333333,666499.00000000,25677.40000000,10,2000.00000000,3000.00000000,2000.00000000,0,10,0,0,False,0,0.00000000,0,10,10,7,6600.00000000,5940.00000000,6940.00000000,19077.40000000,4229.50500000,3940.00000000,8169.50500000,22828.25500000,2.72316833,142.97916667,593.54625768
episode_2020-04-01_2022-04-01,overlapping_2y_episode,2020-04-01,2022-04-01 00:00:00,10,3,protect_frozen,0.90000000,1000.00000000,1,3834,11502,11462,11462,0.99652234,1.00000000,0.99478352,17660.23333333,666499.00000000,25677.40000000,10,2000.00000000,3000.00000000,3600.00000000,8,18,8,0,False,2,0.20000000,0,8,10,10,7200.00000000,6480.00000000,5880.00000000,30344.55000000,5006.25000000,2880.00000000,7886.25000000,30190.09500000,2.62875000,215.47916667,89.73120973
episode_2020-04-01_2022-04-01,overlapping_2y_episode,2020-04-01,2022-04-01 00:00:00,10,3,stable_hash,0.90000000,1000.00000000,1,3834,11502,11462,11462,0.99652234,1.00000000,0.99478352,17660.23333333,666499.00000000,25677.40000000,10,2000.00000000,3000.00000000,3200.00000000,6,16,6,0,False,1,0.10000000,0,9,10,8,5200.00000000,4680.00000000,4480.00000000,25037.15000000,4549.95000000,1480.00000000,6029.95000000,24013.43500000,2.00998333,349.66666667,406.21793412
episode_2020-04-01_2022-04-01,overlapping_2y_episode,2020-04-01,2022-04-01 00:00:00,12,3,round_robin,0.90000000,1000.00000000,1,3834,11502,11502,11502,1.00000000,1.00000000,1.00000000,17682.26666667,668379.00000000,24515.40000000,12,2400.00000000,3400.00000000,3000.00000000,3,15,3,0,False,3,0.25000000,0,9,12,6,1800.00000000,1620.00000000,2020.00000000,24742.50000000,2728.08000000,-1380.00000000,1348.08000000,20888.25000000,0.39649412,594.70833333,344.39621078
episode_2020-04-01_2022-04-01,overlapping_2y_episode,2020-04-01,2022-04-01 00:00:00,12,3,least_trades,0.90000000,1000.00000000,1,3834,11502,11502,11502,1.00000000,1.00000000,1.00000000,17682.26666667,668379.00000000,24515.40000000,12,2400.00000000,3400.00000000,3000.00000000,3,15,3,0,False,3,0.25000000,0,9,12,9,1800.00000000,1620.00000000,2020.00000000,25872.75000000,1342.93500000,-1380.00000000,-37.06500000,21905.47500000,-0.01090147,349.60416667,0.43301270
episode_2020-04-01_2022-04-01,overlapping_2y_episode,2020-04-01,2022-04-01 00:00:00,12,3,max_headroom,0.90000000,1000.00000000,1,3834,11502,11502,11502,1.00000000,1.00000000,1.00000000,17682.26666667,668379.00000000,24515.40000000,12,2400.00000000,3400.00000000,2400.00000000,0,12,0,0,False,0,0.00000000,0,12,12,6,6600.00000000,5940.00000000,6940.00000000,17915.40000000,4633.33500000,3540.00000000,8173.33500000,24119.13000000,2.40392206,379.72916667,448.71733864
episode_2020-04-01_2022-04-01,overlapping_2y_episode,2020-04-01,2022-04-01 00:00:00,12,3,protect_frozen,0.90000000,1000.00000000,1,3834,11502,11502,11502,1.00000000,1.00000000,1.00000000,17682.26666667,668379.00000000,24515.40000000,12,2400.00000000,3400.00000000,3000.00000000,3,15,3,0,False,3,0.25000000,0,9,12,8,0.00000000,0.00000000,400.00000000,24330.45000000,303.21000000,-3000.00000000,-2696.79000000,18897.40500000,-0.79317353,,227.32983563
episode_2020-04-01_2022-04-01,overlapping_2y_episode,2020-04-01,2022-04-01 00:00:00,12,3,stable_hash,0.90000000,1000.00000000,1,3834,11502,11502,11502,1.00000000,1.00000000,1.00000000,17682.26666667,668379.00000000,24515.40000000,12,2400.00000000,3400.00000000,3400.00000000,5,17,5,0,False,1,0.08333333,0,11,12,6,4600.00000000,4140.00000000,4140.00000000,24531.35000000,4213.39500000,740.00000000,4953.39500000,23991.18500000,1.45688088,355.16666667,361.60255768
episode_2020-04-01_2022-04-01,overlapping_2y_episode,2020-04-01,2022-04-01 00:00:00,15,3,round_robin,0.90000000,1000.00000000,1,3834,11502,11502,11502,1.00000000,1.00000000,1.00000000,17682.26666667,668379.00000000,24515.40000000,12,3000.00000000,4000.00000000,3600.00000000,3,18,3,0,False,3,0.20000000,0,12,15,6,1800.00000000,1620.00000000,2020.00000000,27637.35000000,1331.23500000,-1980.00000000,-648.76500000,22893.61500000,-0.16219125,217.62500000,233.11061752
episode_2020-04-01_2022-04-01,overlapping_2y_episode,2020-04-01,2022-04-01 00:00:00,15,3,least_trades,0.90000000,1000.00000000,1,3834,11502,11502,11502,1.00000000,1.00000000,1.00000000,17682.26666667,668379.00000000,24515.40000000,12,3000.00000000,4000.00000000,4200.00000000,6,21,6,0,False,3,0.20000000,0,12,15,7,2600.00000000,2340.00000000,2140.00000000,29506.05000000,849.82500000,-1860.00000000,-1010.17500000,24695.44500000,-0.25254375,217.62500000,0.44221664
episode_2020-04-01_2022-04-01,overlapping_2y_episode,2020-04-01,2022-04-01 00:00:00,15,3,max_headroom,0.90000000,1000.00000000,1,3834,11502,11502,11502,1.00000000,1.00000000,1.00000000,17682.26666667,668379.00000000,24515.40000000,12,3000.00000000,4000.00000000,3000.00000000,0,15,0,0,False,0,0.00000000,0,15,15,9,6000.00000000,5400.00000000,6400.00000000,18515.40000000,4560.84000000,2400.00000000,6960.84000000,23368.60500000,1.74021000,162.35416667,581.61478661
episode_2020-04-01_2022-04-01,overlapping_2y_episode,2020-04-01,2022-04-01 00:00:00,15,3,protect_frozen,0.90000000,1000.00000000,1,3834,11502,11502,11502,1.00000000,1.00000000,1.00000000,17682.26666667,668379.00000000,24515.40000000,12,3000.00000000,4000.00000000,3600.00000000,3,18,3,0,False,3,0.20000000,0,12,15,9,0.00000000,0.00000000,400.00000000,28939.35000000,0.00000000,-3600.00000000,-3600.00000000,22445.41500000,-0.90000000,,251.41816429
episode_2020-04-01_2022-04-01,overlapping_2y_episode,2020-04-01,2022-04-01 00:00:00,15,3,stable_hash,0.90000000,1000.00000000,1,3834,11502,11502,11502,1.00000000,1.00000000,1.00000000,17682.26666667,668379.00000000,24515.40000000,12,3000.00000000,4000.00000000,4200.00000000,6,21,6,0,False,1,0.06666667,0,14,15,8,4200.00000000,3780.00000000,3580.00000000,29828.25000000,3867.07500000,-420.00000000,3447.07500000,26947.96500000,0.86176875,377.91666667,284.89990445
episode_2020-04-01_2022-04-01,overlapping_2y_episode,2020-04-01,2022-04-01 00:00:00,20,3,round_robin,0.90000000,1000.00000000,1,3834,11502,11502,11502,1.00000000,1.00000000,1.00000000,17682.26666667,668379.00000000,24515.40000000,12,4000.00000000,5000.00000000,5200.00000000,6,26,6,0,False,1,0.05000000,0,19,20,11,3800.00000000,3420.00000000,3220.00000000,30292.70000000,2411.55000000,-1780.00000000,631.55000000,27755.88500000,0.12631000,217.64583333,187.37932116
episode_2020-04-01_2022-04-01,overlapping_2y_episode,2020-04-01,2022-04-01 00:00:00,20,3,least_trades,0.90000000,1000.00000000,1,3834,11502,11502,11502,1.00000000,1.00000000,1.00000000,17682.26666667,668379.00000000,24515.40000000,12,4000.00000000,5000.00000000,5200.00000000,6,26,6,0,False,1,0.05000000,0,19,20,9,3800.00000000,3420.00000000,3220.00000000,30923.60000000,2745.58500000,-1780.00000000,965.58500000,27654.09500000,0.19311700,217.64583333,59.99366633
episode_2020-04-01_2022-04-01,overlapping_2y_episode,2020-04-01,2022-04-01 00:00:00,20,3,max_headroom,0.90000000,1000.00000000,1,3834,11502,11502,11502,1.00000000,1.00000000,1.00000000,17682.26666667,668379.00000000,24515.40000000,12,4000.00000000,5000.00000000,4000.00000000,0,20,0,0,False,0,0.00000000,0,20,20,7,7200.00000000,6480.00000000,7480.00000000,17315.40000000,5279.94000000,2480.00000000,7759.94000000,24180.80000000,1.55198800,222.12500000,405.65032972
episode_2020-04-01_2022-04-01,overlapping_2y_episode,2020-04-01,2022-04-01 00:00:00,20,3,protect_frozen,0.90000000,1000.00000000,1,3834,11502,11502,11502,1.00000000,1.00000000,1.00000000,17682.26666667,668379.00000000,24515.40000000,12,4000.00000000,5000.00000000,5000.00000000,5,25,5,0,False,1,0.05000000,0,19,20,8,0.00000000,0.00000000,0.00000000,32206.30000000,259.51500000,-5000.00000000,-4740.48500000,23985.67000000,-0.94809700,,199.07815048
episode_2020-04-01_2022-04-01,overlapping_2y_episode,2020-04-01,2022-04-01 00:00:00,20,3,stable_hash,0.90000000,1000.00000000,1,3834,11502,11502,11502,1.00000000,1.00000000,1.00000000,17682.26666667,668379.00000000,24515.40000000,12,4000.00000000,5000.00000000,4800.00000000,4,24,4,0,False,1,0.05000000,0,19,20,8,3400.00000000,3060.00000000,3260.00000000,27205.40000000,3427.42500000,-1740.00000000,1687.42500000,23409.42000000,0.33748500,422.79166667,145.79142636
episode_2020-04-01_2022-04-01,overlapping_2y_episode,2020-04-01,2022-04-01 00:00:00,8,4,round_robin,0.90000000,1000.00000000,1,3834,15336,14620,14620,0.95331247,0.95331247,0.95331247,22931.93333333,859974.00000000,31315.00000001,8,1600.00000000,2600.00000000,2400.00000000,4,12,4,0,False,4,0.50000000,0,4,8,8,10000.00000000,9000.00000000,9200.00000000,29610.80000000,7967.79000000,6600.00000000,14567.79000000,33249.72000000,5.60299615,156.81250000,563.50820757
episode_2020-04-01_2022-04-01,overlapping_2y_episode,2020-04-01,2022-04-01 00:00:00,8,4,least_trades,0.90000000,1000.00000000,1,3834,15336,14613,14613,0.95285603,0.95331247,0.95252999,22921.47777778,859621.50000000,30829.85000001,8,1600.00000000,2600.00000000,4000.00000000,12,20,12,0,False,4,0.50000000,0,4,8,8,12400.00000000,11160.00000000,9760.00000000,31379.90000000,9521.91000000,7160.00000000,16681.91000000,35401.91000000,6.41611923,300.97916667,46.00815145
episode_2020-04-01_2022-04-01,overlapping_2y_episode,2020-04-01,2022-04-01 00:00:00,8,4,max_headroom,0.90000000,1000.00000000,1,3834,15336,14620,14620,0.95331247,0.95331247,0.95331247,22931.93333333,859974.00000000,31315.00000001,8,1600.00000000,2600.00000000,2400.00000000,4,12,4,0,False,4,0.50000000,0,4,8,6,7200.00000000,6480.00000000,6680.00000000,24325.40000000,4891.54500000,4080.00000000,8971.54500000,25972.86000000,3.45059423,282.35416667,563.23085853
episode_2020-04-01_2022-04-01,overlapping_2y_episode,2020-04-01,2022-04-01 00:00:00,8,4,protect_frozen,0.90000000,1000.00000000,1,3834,15336,14617,14617,0.95311685,0.95331247,0.95305164,22924.16666667,859873.50000000,31219.15000001,8,1600.00000000,2600.00000000,3200.00000000,8,16,8,0,False,4,0.50000000,0,4,8,8,11200.00000000,10080.00000000,9480.00000000,29910.55000000,8199.49500000,6880.00000000,15079.49500000,33799.49500000,5.79980577,329.97916667,21.89142241
episode_2020-04-01_2022-04-01,overlapping_2y_episode,2020-04-01,2022-04-01 00:00:00,8,4,stable_hash,0.90000000,1000.00000000,1,3834,15336,14620,14620,0.95331247,0.95331247,0.95331247,22931.93333333,859974.00000000,31315.00000001,8,1600.00000000,2600.00000000,2800.00000000,6,14,6,0,False,1,0.12500000,0,7,8,7,8800.00000000,7920.00000000,7720.00000000,25984.20000000,5900.76000000,5120.00000000,11020.76000000,28505.78000000,4.23875385,208.66666667,577.46423049
episode_2020-04-01_2022-04-01,overlapping_2y_episode,2020-04-01,2022-04-01 00:00:00,10,4,round_robin,0.90000000,1000.00000000,1,3834,15336,14938,14938,0.97404799,0.99478352,0.95331247,23232.11111111,873693.00000000,33163.10000001,10,2000.00000000,3000.00000000,3000.00000000,5,15,5,0,False,2,0.20000000,0,8,10,9,8800.00000000,7920.00000000,7920.00000000,29461.05000000,5199.88500000,4920.00000000,10119.88500000,31434.94500000,3.37329500,156.43750000,477.98126532
episode_2020-04-01_2022-04-01,overlapping_2y_episode,2020-04-01,2022-04-01 00:00:00,10,4,least_trades,0.90000000,1000.00000000,1,3834,15336,14938,14938,0.97404799,0.99478352,0.95331247,23232.11111111,873693.00000000,33163.10000001,10,2000.00000000,3000.00000000,2600.00000000,3,13,3,0,False,2,0.20000000,0,8,10,9,4800.00000000,4320.00000000,4720.00000000,28854.45000000,2975.40000000,1720.00000000,4695.40000000,27689.00500000,1.56513333,219.39583333,250.97547689
episode_2020-04-01_2022-04-01,overlapping_2y_episode,2020-04-01,2022-04-01 00:00:00,10,4,max_headroom,0.90000000,1000.00000000,1,3834,15336,14938,14938,0.97404799,0.99478352,0.95331247,23232.11111111,873693.00000000,33163.10000001,10,2000.00000000,3000.00000000,2800.00000000,4,14,4,0,False,2,0.20000000,0,8,10,6,7600.00000000,6840.00000000,7040.00000000,26198.70000000,5387.04000000,4040.00000000,9427.04000000,27618.83000000,3.14234667,162.08333333,832.05567121
episode_2020-04-01_2022-04-01,overlapping_2y_episode,2020-04-01,2022-04-01 00:00:00,10,4,protect_frozen,0.90000000,1000.00000000,1,3834,15336,14937,14937,0.97398279,0.99478352,0.95305164,23229.52222222,873659.50000000,33131.15000001,10,2000.00000000,3000.00000000,3600.00000000,8,18,8,0,False,4,0.40000000,0,6,10,10,11200.00000000,10080.00000000,9480.00000000,35122.25000000,8485.20000000,6480.00000000,14965.20000000,38090.02500000,4.98840000,328.93750000,0.50000000
episode_2020-04-01_2022-04-01,overlapping_2y_episode,2020-04-01,2022-04-01 00:00:00,10,4,stable_hash,0.90000000,1000.00000000,1,3834,15336,14938,14938,0.97404799,0.99478352,0.95331247,23232.11111111,873693.00000000,33163.10000001,10,2000.00000000,3000.00000000,3000.00000000,5,15,5,0,False,1,0.10000000,0,9,10,10,7600.00000000,6840.00000000,6840.00000000,30127.50000000,5073.43500000,3840.00000000,8913.43500000,30954.75000000,2.97114500,217.20833333,536.24658507
episode_2020-04-01_2022-04-01,overlapping_2y_episode,2020-04-01,2022-04-01 00:00:00,12,4,round_robin,0.90000000,1000.00000000,1,3834,15336,15256,15256,0.99478352,0.99478352,0.99478352,23532.28888889,887412.00000000,35011.20000001,12,2400.00000000,3400.00000000,2400.00000000,0,12,0,0,False,0,0.00000000,0,12,12,8,4000.00000000,3600.00000000,4600.00000000,31011.20000000,1643.76000000,1200.00000000,2843.76000000,29110.08000000,0.83640000,673.41666667,3.85861230
episode_2020-04-01_2022-04-01,overlapping_2y_episode,2020-04-01,2022-04-01 00:00:00,12,4,least_trades,0.90000000,1000.00000000,1,3834,15336,15256,15256,0.99478352,0.99478352,0.99478352,23532.28888889,887412.00000000,35011.20000001,12,2400.00000000,3400.00000000,3200.00000000,4,16,4,0,False,4,0.33333333,0,8,12,9,4800.00000000,4320.00000000,4520.00000000,31761.60000000,2203.38000000,1120.00000000,3323.38000000,29705.44000000,0.97746471,614.33333333,0.47140452
episode_2020-04-01_2022-04-01,overlapping_2y_episode,2020-04-01,2022-04-01 00:00:00,12,4,max_headroom,0.90000000,1000.00000000,1,3834,15336,15256,15256,0.99478352,0.99478352,0.99478352,23532.28888889,887412.00000000,35011.20000001,12,2400.00000000,3400.00000000,2400.00000000,0,12,0,0,False,0,0.00000000,0,12,12,4,8800.00000000,7920.00000000,8920.00000000,26211.20000000,5936.22000000,5520.00000000,11456.22000000,29158.50000000,3.36947647,217.64583333,854.16873170
episode_2020-04-01_2022-04-01,overlapping_2y_episode,2020-04-01,2022-04-01 00:00:00,12,4,protect_frozen,0.90000000,1000.00000000,1,3834,15336,15202,15202,0.99126239,0.99478352,0.98774126,23486.75000000,886049.00000000,34945.90000001,12,2400.00000000,3400.00000000,4000.00000000,8,20,8,0,False,4,0.33333333,0,8,12,10,5400.00000000,4860.00000000,4260.00000000,32971.25000000,4335.16500000,860.00000000,5195.16500000,30534.12500000,1.52798971,485.70833333,74.56778236
episode_2020-04-01_2022-04-01,overlapping_2y_episode,2020-04-01,2022-04-01 00:00:00,12,4,stable_hash,0.90000000,1000.00000000,1,3834,15336,15256,15256,0.99478352,0.99478352,0.99478352,23532.28888889,887412.00000000,35011.20000001,12,2400.00000000,3400.00000000,3800.00000000,7,19,7,0,False,1,0.08333333,0,11,12,9,6600.00000000,5940.00000000,5540.00000000,31922.10000000,5855.89500000,2140.00000000,7995.89500000,30869.89000000,2.35173382,302.14583333,514.77670456
episode_2020-04-01_2022-04-01,overlapping_2y_episode,2020-04-01,2022-04-01 00:00:00,15,4,round_robin,0.90000000,1000.00000000,1,3834,15336,15316,15316,0.99869588,1.00000000,0.99478352,23565.33888889,890232.00000000,33268.20000001,15,3000.00000000,4000.00000000,4400.00000000,7,22,7,0,False,1,0.06666667,0,14,15,12,6200.00000000,5580.00000000,5180.00000000,34250.90000000,2462.22000000,1180.00000000,3642.22000000,32430.88000000,0.91055500,209.35416667,283.56990908
episode_2020-04-01_2022-04-01,overlapping_2y_episode,2020-04-01,2022-04-01 00:00:00,15,4,least_trades,0.90000000,1000.00000000,1,3834,15336,15316,15316,0.99869588,1.00000000,0.99478352,23565.33888889,890232.00000000,33268.20000001,15,3000.00000000,4000.00000000,3800.00000000,4,19,4,0,False,1,0.06666667,0,14,15,9,6200.00000000,5580.00000000,5780.00000000,29781.45000000,3682.48500000,1780.00000000,5462.48500000,28920.98500000,1.36562125,146.20833333,0.48989795
episode_2020-04-01_2022-04-01,overlapping_2y_episode,2020-04-01,2022-04-01 00:00:00,15,4,max_headroom,0.90000000,1000.00000000,1,3834,15336,15316,15316,0.99869588,1.00000000,0.99478352,23565.33888889,890232.00000000,33268.20000001,15,3000.00000000,4000.00000000,3000.00000000,0,15,0,0,False,0,0.00000000,0,15,15,9,9800.00000000,8820.00000000,9820.00000000,23468.20000000,6508.08000000,5820.00000000,12328.08000000,31452.00000000,3.08202000,160.06250000,508.82563702
episode_2020-04-01_2022-04-01,overlapping_2y_episode,2020-04-01,2022-04-01 00:00:00,15,4,protect_frozen,0.90000000,1000.00000000,1,3834,15336,15313,15313,0.99850026,1.00000000,0.99478352,23562.93888889,890184.50000000,33318.85000001,15,3000.00000000,4000.00000000,4200.00000000,6,21,6,0,False,1,0.06666667,0,14,15,14,3600.00000000,3240.00000000,3040.00000000,39992.15000000,2832.30000000,-960.00000000,1872.30000000,35032.93500000,0.46807500,398.95833333,231.66418224
episode_2020-04-01_2022-04-01,overlapping_2y_episode,2020-04-01,2022-04-01 00:00:00,15,4,stable_hash,0.90000000,1000.00000000,1,3834,15336,15316,15316,0.99869588,1.00000000,0.99478352,23565.33888889,890232.00000000,33268.20000001,15,3000.00000000,4000.00000000,4000.00000000,5,20,5,0,False,1,0.06666667,0,14,15,8,5600.00000000,5040.00000000,5040.00000000,31430.05000000,3242.97000000,1040.00000000,4282.97000000,29535.93500000,1.07074250,380.60416667,388.47762126
episode_2020-04-01_2022-04-01,overlapping_2y_episode,2020-04-01,2022-04-01 00:00:00,20,4,round_robin,0.90000000,1000.00000000,1,3834,15336,15336,15336,1.00000000,1.00000000,1.00000000,23576.35555556,891172.00000000,32687.20000001,16,4000.00000000,5000.00000000,4800.00000000,4,24,4,0,False,4,0.20000000,0,16,20,8,2800.00000000,2520.00000000,2720.00000000,36449.80000000,2090.25000000,-2280.00000000,-189.75000000,30524.82000000,-0.03795000,217.62500000,233.11104650
episode_2020-04-01_2022-04-01,overlapping_2y_episode,2020-04-01,2022-04-01 00:00:00,20,4,least_trades,0.90000000,1000.00000000,1,3834,15336,15336,15336,1.00000000,1.00000000,1.00000000,23576.35555556,891172.00000000,32687.20000001,16,4000.00000000,5000.00000000,5600.00000000,8,28,8,0,False,4,0.20000000,0,16,20,11,3400.00000000,3060.00000000,2460.00000000,39251.15000000,2236.05000000,-2540.00000000,-303.95000000,32786.03500000,-0.06079000,217.62500000,0.47696960
episode_2020-04-01_2022-04-01,overlapping_2y_episode,2020-04-01,2022-04-01 00:00:00,20,4,max_headroom,0.90000000,1000.00000000,1,3834,15336,15336,15336,1.00000000,1.00000000,1.00000000,23576.35555556,891172.00000000,32687.20000001,16,4000.00000000,5000.00000000,4000.00000000,0,20,0,0,False,0,0.00000000,0,20,20,12,8000.00000000,7200.00000000,8200.00000000,24687.20000000,6081.12000000,3200.00000000,9281.12000000,31158.14000000,1.85622400,162.35416667,581.61478661
episode_2020-04-01_2022-04-01,overlapping_2y_episode,2020-04-01,2022-04-01 00:00:00,20,4,protect_frozen,0.90000000,1000.00000000,1,3834,15336,15336,15336,1.00000000,1.00000000,1.00000000,23576.35555556,891172.00000000,32687.20000001,16,4000.00000000,5000.00000000,4800.00000000,4,24,4,0,False,4,0.20000000,0,16,20,12,0.00000000,0.00000000,200.00000000,38585.80000000,94.68000000,-4800.00000000,-4705.32000000,29927.22000000,-0.94106400,,251.72357855
episode_2020-04-01_2022-04-01,overlapping_2y_episode,2020-04-01,2022-04-01 00:00:00,20,4,stable_hash,0.90000000,1000.00000000,1,3834,15336,15336,15336,1.00000000,1.00000000,1.00000000,23576.35555556,891172.00000000,32687.20000001,16,4000.00000000,5000.00000000,5400.00000000,7,27,7,0,False,1,0.05000000,0,19,20,9,7400.00000000,6660.00000000,6260.00000000,32982.05000000,5153.04000000,1260.00000000,6413.04000000,31254.79500000,1.28260800,377.91666667,288.33513053
episode_2020-04-01_2022-04-01,overlapping_2y_episode,2020-04-01,2022-04-01 00:00:00,20,6,round_robin,0.90000000,1000.00000000,1,3834,23004,22924,22924,0.99652234,1.00000000,0.99478352,35320.46666667,1332998.00000000,51354.80000001,20,4000.00000000,5000.00000000,5600.00000000,8,28,8,0,False,2,0.10000000,0,18,20,15,11200.00000000,10080.00000000,9480.00000000,49719.55000000,7045.69500000,4480.00000000,11525.69500000,49510.24000000,2.30513900,329.41666667,366.17802706
episode_2020-04-01_2022-04-01,overlapping_2y_episode,2020-04-01,2022-04-01 00:00:00,20,6,least_trades,0.90000000,1000.00000000,1,3834,23004,22924,22924,0.99652234,1.00000000,0.99478352,35320.46666667,1332998.00000000,51354.80000001,20,4000.00000000,5000.00000000,6800.00000000,14,34,14,0,False,4,0.20000000,0,16,20,17,17400.00000000,15660.00000000,13860.00000000,57086.85000000,12589.60500000,8860.00000000,21449.60500000,60238.16500000,4.28992100,121.93750000,108.77788148
episode_2020-04-01_2022-04-01,overlapping_2y_episode,2020-04-01,2022-04-01 00:00:00,20,6,max_headroom,0.90000000,1000.00000000,1,3834,23004,22924,22924,0.99652234,1.00000000,0.99478352,35320.46666667,1332998.00000000,51354.80000001,20,4000.00000000,5000.00000000,4000.00000000,0,20,0,0,False,0,0.00000000,0,20,20,14,13200.00000000,11880.00000000,12880.00000000,38154.80000000,8459.01000000,7880.00000000,16339.01000000,45656.51000000,3.26780200,142.97916667,593.54625768
episode_2020-04-01_2022-04-01,overlapping_2y_episode,2020-04-01,2022-04-01 00:00:00,20,6,protect_frozen,0.90000000,1000.00000000,1,3834,23004,22917,22917,0.99621805,1.00000000,0.99478352,35316.12777778,1332815.50000000,51498.65000001,20,4000.00000000,5000.00000000,6400.00000000,12,32,12,0,False,4,0.20000000,0,16,20,18,12600.00000000,11340.00000000,9940.00000000,58048.55000000,9090.81000000,4940.00000000,14030.81000000,57183.69500000,2.80616200,215.47916667,417.08206327
episode_2020-04-01_2022-04-01,overlapping_2y_episode,2020-04-01,2022-04-01 00:00:00,20,6,stable_hash,0.90000000,1000.00000000,1,3834,23004,22924,22924,0.99652234,1.00000000,0.99478352,35320.46666667,1332998.00000000,51354.80000001,20,4000.00000000,5000.00000000,5600.00000000,8,28,8,0,False,1,0.05000000,0,19,20,12,9400.00000000,8460.00000000,7860.00000000,47545.15000000,7238.20500000,2860.00000000,10098.20500000,45650.63500000,2.01964100,218.50000000,400.71377254
episode_2020-04-01_2022-04-01,overlapping_2y_episode,2020-04-01,2022-04-01 00:00:00,24,6,round_robin,0.90000000,1000.00000000,1,3834,23004,23004,23004,1.00000000,1.00000000,1.00000000,35364.53333333,1336758.00000000,49030.80000001,24,4800.00000000,5800.00000000,6000.00000000,6,30,6,0,False,6,0.25000000,1,18,24,9,4800.00000000,4320.00000000,4120.00000000,48285.00000000,4022.86500000,-1680.00000000,2342.86500000,41776.50000000,0.40394224,594.70833333,344.68391317
episode_2020-04-01_2022-04-01,overlapping_2y_episode,2020-04-01,2022-04-01 00:00:00,24,6,least_trades,0.90000000,1000.00000000,1,3834,23004,23004,23004,1.00000000,1.00000000,1.00000000,35364.53333333,1336758.00000000,49030.80000001,24,4800.00000000,5800.00000000,6000.00000000,6,30,6,0,False,6,0.25000000,1,18,24,17,6000.00000000,5400.00000000,5200.00000000,49345.50000000,4190.22000000,-600.00000000,3590.22000000,43810.95000000,0.61900345,349.60416667,0.43301270
episode_2020-04-01_2022-04-01,overlapping_2y_episode,2020-04-01,2022-04-01 00:00:00,24,6,max_headroom,0.90000000,1000.00000000,1,3834,23004,23004,23004,1.00000000,1.00000000,1.00000000,35364.53333333,1336758.00000000,49030.80000001,24,4800.00000000,5800.00000000,4800.00000000,0,24,0,0,False,0,0.00000000,0,24,24,12,13200.00000000,11880.00000000,12880.00000000,35830.80000000,9266.67000000,7080.00000000,16346.67000000,48238.26000000,2.81839138,379.72916667,448.71733864
episode_2020-04-01_2022-04-01,overlapping_2y_episode,2020-04-01,2022-04-01 00:00:00,24,6,protect_frozen,0.90000000,1000.00000000,1,3834,23004,22987,22987,0.99926100,1.00000000,0.99713093,35355.41111111,1335913.50000000,49847.15000001,24,4800.00000000,5800.00000000,6400.00000000,8,32,8,0,False,6,0.25000000,1,18,24,19,1600.00000000,1440.00000000,840.00000000,50112.05000000,2961.27000000,-4960.00000000,-1998.73000000,40447.07000000,-0.34460862,698.70833333,327.72248327
episode_2020-04-01_2022-04-01,overlapping_2y_episode,2020-04-01,2022-04-01 00:00:00,24,6,stable_hash,0.90000000,1000.00000000,1,3834,23004,23004,23004,1.00000000,1.00000000,1.00000000,35364.53333333,1336758.00000000,49030.80000001,24,4800.00000000,5800.00000000,6600.00000000,9,33,9,0,False,1,0.04166667,0,23,24,16,8400.00000000,7560.00000000,6760.00000000,51796.55000000,7062.16500000,960.00000000,8022.16500000,47594.53500000,1.38313190,245.97916667,357.36232537
episode_2020-04-01_2022-04-01,overlapping_2y_episode,2020-04-01,2022-04-01 00:00:00,25,6,round_robin,0.90000000,1000.00000000,1,3834,23004,23004,23004,1.00000000,1.00000000,1.00000000,35364.53333333,1336758.00000000,49030.80000001,24,5000.00000000,6000.00000000,7200.00000000,11,36,11,0,False,2,0.09090909,0,20,25,14,7600.00000000,6840.00000000,5640.00000000,49218.45000000,4935.10500000,-360.00000000,4575.10500000,44854.29000000,0.76251750,383.22916667,331.41851246
episode_2020-04-01_2022-04-01,overlapping_2y_episode,2020-04-01,2022-04-01 00:00:00,25,6,least_trades,0.90000000,1000.00000000,1,3834,23004,23004,23004,1.00000000,1.00000000,1.00000000,35364.53333333,1336758.00000000,49030.80000001,24,5000.00000000,6000.00000000,7000.00000000,10,35,10,0,False,2,0.08000000,0,23,25,18,6800.00000000,6120.00000000,5120.00000000,52737.25000000,5072.53500000,-880.00000000,4192.53500000,46954.91000000,0.69875583,217.64583333,163.70778845
episode_2020-04-01_2022-04-01,overlapping_2y_episode,2020-04-01,2022-04-01 00:00:00,25,6,max_headroom,0.90000000,1000.00000000,1,3834,23004,23004,23004,1.00000000,1.00000000,1.00000000,35364.53333333,1336758.00000000,49030.80000001,24,5000.00000000,6000.00000000,5000.00000000,0,25,0,0,False,0,0.00000000,0,25,25,15,13400.00000000,12060.00000000,13060.00000000,35630.80000000,8118.99000000,7060.00000000,15178.99000000,45788.75500000,2.52983167,209.54166667,397.80383910
episode_2020-04-01_2022-04-01,overlapping_2y_episode,2020-04-01,2022-04-01 00:00:00,25,6,protect_frozen,0.90000000,1000.00000000,1,3834,23004,22983,22983,0.99908712,1.00000000,0.99817423,35351.51666667,1336210.50000000,49462.35000001,24,5000.00000000,6000.00000000,7000.00000000,10,35,10,0,False,3,0.12500000,0,21,25,21,3200.00000000,2880.00000000,1880.00000000,60749.85000000,3533.89500000,-4120.00000000,-586.10500000,50554.86500000,-0.09768417,614.83333333,360.21323907
episode_2020-04-01_2022-04-01,overlapping_2y_episode,2020-04-01,2022-04-01 00:00:00,25,6,stable_hash,0.90000000,1000.00000000,1,3834,23004,23004,23004,1.00000000,1.00000000,1.00000000,35364.53333333,1336758.00000000,49030.80000001,24,5000.00000000,6000.00000000,6800.00000000,9,34,9,0,False,1,0.04000000,0,24,25,14,7400.00000000,6660.00000000,5860.00000000,49664.80000000,5594.31000000,-140.00000000,5454.31000000,45161.86000000,0.90905167,378.60416667,333.24524063
episode_2020-04-01_2022-04-01,overlapping_2y_episode,2020-04-01,2022-04-01 00:00:00,30,6,round_robin,0.90000000,1000.00000000,1,3834,23004,23004,23004,1.00000000,1.00000000,1.00000000,35364.53333333,1336758.00000000,49030.80000001,24,6000.00000000,7000.00000000,7200.00000000,6,36,6,0,False,6,0.20000000,1,24,30,12,4800.00000000,4320.00000000,4120.00000000,54074.70000000,3608.28000000,-2880.00000000,728.28000000,45787.23000000,0.10404000,217.62500000,233.11147548
episode_2020-04-01_2022-04-01,overlapping_2y_episode,2020-04-01,2022-04-01 00:00:00,30,6,least_trades,0.90000000,1000.00000000,1,3834,23004,23004,23004,1.00000000,1.00000000,1.00000000,35364.53333333,1336758.00000000,49030.80000001,24,6000.00000000,7000.00000000,8400.00000000,12,42,12,0,False,6,0.20000000,2,24,30,14,6600.00000000,5940.00000000,4540.00000000,57012.70000000,5617.53000000,-2460.00000000,3157.53000000,48851.43000000,0.45107571,217.62500000,10.57586351
episode_2020-04-01_2022-04-01,overlapping_2y_episode,2020-04-01,2022-04-01 00:00:00,30,6,max_headroom,0.90000000,1000.00000000,1,3834,23004,23004,23004,1.00000000,1.00000000,1.00000000,35364.53333333,1336758.00000000,49030.80000001,24,6000.00000000,7000.00000000,6000.00000000,0,30,0,0,False,0,0.00000000,0,30,30,18,12000.00000000,10800.00000000,11800.00000000,37030.80000000,9121.68000000,4800.00000000,13921.68000000,46737.21000000,1.98881143,162.35416667,581.61478661
episode_2020-04-01_2022-04-01,overlapping_2y_episode,2020-04-01,2022-04-01 00:00:00,30,6,protect_frozen,0.90000000,1000.00000000,1,3834,23004,23004,23004,1.00000000,1.00000000,1.00000000,35364.53333333,1336758.00000000,49030.80000001,24,6000.00000000,7000.00000000,7400.00000000,7,37,7,0,False,6,0.20000000,1,24,30,20,600.00000000,540.00000000,140.00000000,58711.35000000,2154.64500000,-6860.00000000,-4705.35500000,46343.86000000,-0.67219357,716.66666667,292.71188147
episode_2020-04-01_2022-04-01,overlapping_2y_episode,2020-04-01,2022-04-01 00:00:00,30,6,stable_hash,0.90000000,1000.00000000,1,3834,23004,23004,23004,1.00000000,1.00000000,1.00000000,35364.53333333,1336758.00000000,49030.80000001,24,6000.00000000,7000.00000000,7800.00000000,9,39,9,0,False,1,0.03333333,0,29,30,14,8200.00000000,7380.00000000,6580.00000000,53719.15000000,7182.31500000,-420.00000000,6762.31500000,49475.59500000,0.96604500,344.18750000,261.28396855
episode_2020-04-01_2022-04-01,overlapping_2y_episode,2020-04-01,2022-04-01 00:00:00,35,6,round_robin,0.90000000,1000.00000000,1,3834,23004,23004,23004,1.00000000,1.00000000,1.00000000,35364.53333333,1336758.00000000,49030.80000001,24,7000.00000000,8000.00000000,9000.00000000,10,45,10,0,False,2,0.05714286,0,33,35,17,4200.00000000,3780.00000000,2780.00000000,55498.55000000,4312.84500000,-5220.00000000,-907.15500000,48106.48500000,-0.11339438,208.66666667,219.58629748
episode_2020-04-01_2022-04-01,overlapping_2y_episode,2020-04-01,2022-04-01 00:00:00,35,6,least_trades,0.90000000,1000.00000000,1,3834,23004,23004,23004,1.00000000,1.00000000,1.00000000,35364.53333333,1336758.00000000,49030.80000001,24,7000.00000000,8000.00000000,9000.00000000,10,45,10,0,False,2,0.05714286,0,33,35,15,5600.00000000,5040.00000000,4040.00000000,56706.70000000,4918.05000000,-3960.00000000,958.05000000,48017.07000000,0.11975625,208.66666667,101.00347135
episode_2020-04-01_2022-04-01,overlapping_2y_episode,2020-04-01,2022-04-01 00:00:00,35,6,max_headroom,0.90000000,1000.00000000,1,3834,23004,23004,23004,1.00000000,1.00000000,1.00000000,35364.53333333,1336758.00000000,49030.80000001,24,7000.00000000,8000.00000000,7000.00000000,0,35,0,0,False,0,0.00000000,0,35,35,16,13400.00000000,12060.00000000,13060.00000000,35630.80000000,8605.80000000,5060.00000000,13665.80000000,46758.71000000,1.70822500,208.66666667,413.23679430
episode_2020-04-01_2022-04-01,overlapping_2y_episode,2020-04-01,2022-04-01 00:00:00,35,6,protect_frozen,0.90000000,1000.00000000,1,3834,23004,23004,23004,1.00000000,1.00000000,1.00000000,35364.53333333,1336758.00000000,49030.80000001,24,7000.00000000,8000.00000000,10000.00000000,15,50,16,0,False,2,0.06451613,0,24,34,25,2400.00000000,2160.00000000,160.00000000,71927.65000000,3285.72000000,-7840.00000000,-4554.28000000,58400.54000000,-0.56928500,519.45833333,309.94722316
episode_2020-04-01_2022-04-01,overlapping_2y_episode,2020-04-01,2022-04-01 00:00:00,35,6,stable_hash,0.90000000,1000.00000000,1,3834,23004,23004,23004,1.00000000,1.00000000,1.00000000,35364.53333333,1336758.00000000,49030.80000001,24,7000.00000000,8000.00000000,9400.00000000,12,47,12,0,False,1,0.02857143,0,34,35,11,6000.00000000,5400.00000000,4000.00000000,56151.10000000,5854.54500000,-4000.00000000,1854.54500000,49563.99500000,0.23181812,224.18750000,239.07858157
episode_2020-04-01_2022-04-01,overlapping_2y_episode,2020-04-01,2022-04-01 00:00:00,40,6,round_robin,0.90000000,1000.00000000,1,3834,23004,23004,23004,1.00000000,1.00000000,1.00000000,35364.53333333,1336758.00000000,49030.80000001,24,8000.00000000,9000.00000000,10400.00000000,12,52,12,0,False,2,0.05000000,0,38,40,22,7600.00000000,6840.00000000,5440.00000000,60585.40000000,4823.10000000,-3560.00000000,1263.10000000,55511.77000000,0.14034444,217.64583333,187.37932116
episode_2020-04-01_2022-04-01,overlapping_2y_episode,2020-04-01,2022-04-01 00:00:00,40,6,least_trades,0.90000000,1000.00000000,1,3834,23004,23004,23004,1.00000000,1.00000000,1.00000000,35364.53333333,1336758.00000000,49030.80000001,24,8000.00000000,9000.00000000,10200.00000000,11,51,11,0,False,2,0.05000000,0,38,40,13,5000.00000000,4500.00000000,3300.00000000,62467.10000000,3461.67000000,-5700.00000000,-2238.33000000,53568.91500000,-0.24870333,217.64583333,65.06888657
episode_2020-04-01_2022-04-01,overlapping_2y_episode,2020-04-01,2022-04-01 00:00:00,40,6,max_headroom,0.90000000,1000.00000000,1,3834,23004,23004,23004,1.00000000,1.00000000,1.00000000,35364.53333333,1336758.00000000,49030.80000001,24,8000.00000000,9000.00000000,8000.00000000,0,40,0,0,False,0,0.00000000,0,40,40,14,14400.00000000,12960.00000000,13960.00000000,34630.80000000,10559.88000000,4960.00000000,15519.88000000,48361.60000000,1.72443111,222.12500000,405.65032972
episode_2020-04-01_2022-04-01,overlapping_2y_episode,2020-04-01,2022-04-01 00:00:00,40,6,protect_frozen,0.90000000,1000.00000000,1,3834,23004,23004,23004,1.00000000,1.00000000,1.00000000,35364.53333333,1336758.00000000,49030.80000001,24,8000.00000000,9000.00000000,9000.00000000,5,45,12,0,False,2,0.05714286,0,33,33,23,0.00000000,0.00000000,0.00000000,68787.45000000,871.24500000,-9000.00000000,-8128.75500000,53199.90000000,-0.90319500,,207.79143407
episode_2020-04-01_2022-04-01,overlapping_2y_episode,2020-04-01,2022-04-01 00:00:00,40,6,stable_hash,0.90000000,1000.00000000,1,3834,23004,23004,23004,1.00000000,1.00000000,1.00000000,35364.53333333,1336758.00000000,49030.80000001,24,8000.00000000,9000.00000000,10200.00000000,11,51,11,0,False,1,0.02500000,0,39,40,14,5400.00000000,4860.00000000,3660.00000000,59596.40000000,5202.27000000,-5340.00000000,-137.73000000,49884.49500000,-0.01530333,344.37500000,184.85510542
episode_2020-04-01_2022-04-01,overlapping_2y_episode,2020-04-01,2022-04-01 00:00:00,25,8,round_robin,0.90000000,1000.00000000,1,3834,30672,30532,30532,0.99543558,1.00000000,0.99478352,47075.59444444,1775764.00000000,69441.40000000,25,5000.00000000,6000.00000000,7800.00000000,14,39,14,0,False,1,0.04000000,0,24,25,21,18000.00000000,16200.00000000,14400.00000000,66228.40000000,12039.97500000,8400.00000000,20439.97500000,68005.56000000,3.40666250,176.70833333,383.48681542
episode_2020-04-01_2022-04-01,overlapping_2y_episode,2020-04-01,2022-04-01 00:00:00,25,8,least_trades,0.90000000,1000.00000000,1,3834,30672,30532,30532,0.99543558,1.00000000,0.99478352,47075.59444444,1775764.00000000,69441.40000000,25,5000.00000000,6000.00000000,7200.00000000,11,36,11,0,False,3,0.12000000,0,22,25,19,15200.00000000,13680.00000000,12480.00000000,68014.35000000,10168.38000000,6480.00000000,16648.38000000,67692.91500000,2.77473000,350.85416667,215.51106143
episode_2020-04-01_2022-04-01,overlapping_2y_episode,2020-04-01,2022-04-01 00:00:00,25,8,max_headroom,0.90000000,1000.00000000,1,3834,30672,30532,30532,0.99543558,1.00000000,0.99478352,47075.59444444,1775764.00000000,69441.40000000,25,5000.00000000,6000.00000000,5000.00000000,0,25,0,0,False,0,0.00000000,0,25,25,17,17000.00000000,15300.00000000,16300.00000000,52441.40000000,11857.90500000,10300.00000000,22157.90500000,60371.09500000,3.69298417,142.72916667,561.80883012
episode_2020-04-01_2022-04-01,overlapping_2y_episode,2020-04-01,2022-04-01 00:00:00,25,8,protect_frozen,0.90000000,1000.00000000,1,3834,30672,30479,30479,0.99370762,0.99817423,0.98774126,47034.01111111,1774355.00000000,69137.05000000,25,5000.00000000,6000.00000000,7400.00000000,12,37,12,0,False,3,0.12000000,0,21,25,22,12000.00000000,10800.00000000,9400.00000000,71308.60000000,9975.33000000,3400.00000000,13375.33000000,67577.74000000,2.22922167,398.95833333,288.33648677
episode_2020-04-01_2022-04-01,overlapping_2y_episode,2020-04-01,2022-04-01 00:00:00,25,8,stable_hash,0.90000000,1000.00000000,1,3834,30672,30532,30532,0.99543558,1.00000000,0.99478352,47075.59444444,1775764.00000000,69441.40000000,25,5000.00000000,6000.00000000,7000.00000000,10,35,10,0,False,1,0.04000000,0,24,25,21,14000.00000000,12600.00000000,11600.00000000,64264.05000000,10245.37500000,5600.00000000,15845.37500000,64052.30000000,2.64089583,216.45833333,432.43020061
episode_2020-04-01_2022-04-01,overlapping_2y_episode,2020-04-01,2022-04-01 00:00:00,30,8,round_robin,0.90000000,1000.00000000,1,3834,30672,30632,30632,0.99869588,1.00000000,0.99478352,47130.67777778,1780464.00000000,66536.40000000,30,6000.00000000,7000.00000000,9200.00000000,16,46,16,0,False,2,0.06666667,0,28,30,25,14000.00000000,12600.00000000,10400.00000000,69503.70000000,6416.32500000,3400.00000000,9816.32500000,67649.74000000,1.40233214,209.35416667,315.50570342
episode_2020-04-01_2022-04-01,overlapping_2y_episode,2020-04-01,2022-04-01 00:00:00,30,8,least_trades,0.90000000,1000.00000000,1,3834,30672,30632,30632,0.99869588,1.00000000,0.99478352,47130.67777778,1780464.00000000,66536.40000000,30,6000.00000000,7000.00000000,8000.00000000,10,40,10,0,False,3,0.10000000,0,27,30,22,9200.00000000,8280.00000000,7280.00000000,67765.00000000,6107.53500000,280.00000000,6387.53500000,61268.50000000,0.91250500,146.20833333,0.47140452
episode_2020-04-01_2022-04-01,overlapping_2y_episode,2020-04-01,2022-04-01 00:00:00,30,8,max_headroom,0.90000000,1000.00000000,1,3834,30672,30632,30632,0.99869588,1.00000000,0.99478352,47130.67777778,1780464.00000000,66536.40000000,30,6000.00000000,7000.00000000,6000.00000000,0,30,0,0,False,0,0.00000000,0,30,30,18,19600.00000000,17640.00000000,18640.00000000,46936.40000000,13016.16000000,11640.00000000,24656.16000000,62904.00000000,3.52230857,160.06250000,508.82563702
episode_2020-04-01_2022-04-01,overlapping_2y_episode,2020-04-01,2022-04-01 00:00:00,30,8,protect_frozen,0.90000000,1000.00000000,1,3834,30672,30610,30610,0.99797861,1.00000000,0.99478352,47117.16111111,1779878.50000000,67007.00000000,30,6000.00000000,7000.00000000,8800.00000000,14,44,14,0,False,2,0.07142857,0,24,30,27,11800.00000000,10620.00000000,8820.00000000,80898.45000000,11081.20500000,1820.00000000,12901.20500000,74628.60500000,1.84302929,398.95833333,214.63910020
episode_2020-04-01_2022-04-01,overlapping_2y_episode,2020-04-01,2022-04-01 00:00:00,30,8,stable_hash,0.90000000,1000.00000000,1,3834,30672,30628,30628,0.99856547,1.00000000,0.99478352,47128.73888889,1780329.00000000,66629.60000000,30,6000.00000000,7000.00000000,9000.00000000,15,45,15,0,False,1,0.03703704,0,26,30,19,14400.00000000,12960.00000000,10960.00000000,68102.20000000,11345.17500000,3960.00000000,15305.17500000,65910.37500000,2.18645357,359.66666667,389.77965855
episode_2020-04-01_2022-04-01,overlapping_2y_episode,2020-04-01,2022-04-01 00:00:00,32,8,round_robin,0.90000000,1000.00000000,1,3834,30672,30672,30672,1.00000000,1.00000000,1.00000000,47152.71111111,1782344.00000000,65374.40000001,32,6400.00000000,7400.00000000,8000.00000000,8,40,8,0,False,8,0.25000000,1,24,32,11,7600.00000000,6840.00000000,6240.00000000,63180.00000000,3845.02500000,-1160.00000000,2685.02500000,55702.00000000,0.36284122,594.70833333,344.89971369
episode_2020-04-01_2022-04-01,overlapping_2y_episode,2020-04-01,2022-04-01 00:00:00,32,8,least_trades,0.90000000,1000.00000000,1,3834,30672,30672,30672,1.00000000,1.00000000,1.00000000,47152.71111111,1782344.00000000,65374.40000001,32,6400.00000000,7400.00000000,8000.00000000,8,40,8,0,False,8,0.25000000,1,24,32,21,6800.00000000,6120.00000000,5520.00000000,66994.00000000,5808.06000000,-1880.00000000,3928.06000000,58414.60000000,0.53081892,349.60416667,0.43301270
episode_2020-04-01_2022-04-01,overlapping_2y_episode,2020-04-01,2022-04-01 00:00:00,32,8,max_headroom,0.90000000,1000.00000000,1,3834,30672,30672,30672,1.00000000,1.00000000,1.00000000,47152.71111111,1782344.00000000,65374.40000001,32,6400.00000000,7400.00000000,6400.00000000,0,32,0,0,False,0,0.00000000,0,32,32,16,17600.00000000,15840.00000000,16840.00000000,47774.40000000,12355.56000000,9440.00000000,21795.56000000,64317.68000000,2.94534595,379.72916667,448.71733864
episode_2020-04-01_2022-04-01,overlapping_2y_episode,2020-04-01,2022-04-01 00:00:00,32,8,protect_frozen,0.90000000,1000.00000000,1,3834,30672,30629,30629,0.99859807,1.00000000,0.99713093,47128.14444444,1780668.00000000,66911.55000000,32,6400.00000000,7400.00000000,8200.00000000,9,41,9,0,False,8,0.25000000,1,24,32,24,1800.00000000,1620.00000000,820.00000000,65814.25000000,2887.96500000,-6580.00000000,-3692.03500000,52892.94500000,-0.49892365,698.70833333,358.33436152
episode_2020-04-01_2022-04-01,overlapping_2y_episode,2020-04-01,2022-04-01 00:00:00,32,8,stable_hash,0.90000000,1000.00000000,1,3834,30672,30672,30672,1.00000000,1.00000000,1.00000000,47152.71111111,1782344.00000000,65374.40000001,32,6400.00000000,7400.00000000,9200.00000000,14,46,14,0,False,1,0.03125000,0,31,32,17,12600.00000000,11340.00000000,9540.00000000,65815.80000000,9932.89500000,2140.00000000,12072.89500000,62788.25500000,1.63147230,224.18750000,346.79982857
episode_2020-04-01_2022-04-01,overlapping_2y_episode,2020-04-01,2022-04-01 00:00:00,35,8,round_robin,0.90000000,1000.00000000,1,3834,30672,30672,30672,1.00000000,1.00000000,1.00000000,47152.71111111,1782344.00000000,65374.40000001,32,7000.00000000,8000.00000000,9400.00000000,12,47,12,0,False,1,0.02857143,0,34,35,23,10400.00000000,9360.00000000,7960.00000000,67634.95000000,2949.75000000,-40.00000000,2909.75000000,60831.45500000,0.36371875,224.70833333,266.35813546
episode_2020-04-01_2022-04-01,overlapping_2y_episode,2020-04-01,2022-04-01 00:00:00,35,8,least_trades,0.90000000,1000.00000000,1,3834,30672,30671,30671,0.99996740,1.00000000,0.99973918,47151.81111111,1782323.00000000,65396.45000001,32,7000.00000000,8000.00000000,11800.00000000,24,59,24,0,False,7,0.20000000,1,28,35,27,16000.00000000,14400.00000000,10600.00000000,84723.30000000,11074.99500000,2600.00000000,13674.99500000,78850.97000000,1.70937437,195.35416667,14.42118623
episode_2020-04-01_2022-04-01,overlapping_2y_episode,2020-04-01,2022-04-01 00:00:00,35,8,max_headroom,0.90000000,1000.00000000,1,3834,30672,30672,30672,1.00000000,1.00000000,1.00000000,47152.71111111,1782344.00000000,65374.40000001,32,7000.00000000,8000.00000000,7000.00000000,0,35,0,0,False,0,0.00000000,0,35,35,17,16800.00000000,15120.00000000,16120.00000000,48574.40000000,11126.79000000,8120.00000000,19246.79000000,59971.56500000,2.40584875,141.89583333,452.48323996
episode_2020-04-01_2022-04-01,overlapping_2y_episode,2020-04-01,2022-04-01 00:00:00,35,8,protect_frozen,0.90000000,1000.00000000,1,3834,30672,30647,30647,0.99918492,1.00000000,0.99817423,47137.75555556,1781661.50000000,65899.15000001,32,7000.00000000,8000.00000000,9400.00000000,12,47,12,0,False,4,0.11428571,0,28,35,27,4600.00000000,4140.00000000,2740.00000000,81847.30000000,5587.65000000,-5260.00000000,327.65000000,68402.57000000,0.04095625,566.97916667,386.56134925
episode_2020-04-01_2022-04-01,overlapping_2y_episode,2020-04-01,2022-04-01 00:00:00,35,8,stable_hash,0.90000000,1000.00000000,1,3834,30672,30672,30672,1.00000000,1.00000000,1.00000000,47152.71111111,1782344.00000000,65374.40000001,32,7000.00000000,8000.00000000,10200.00000000,16,51,16,0,False,1,0.02857143,0,34,35,17,13600.00000000,12240.00000000,10040.00000000,68227.55000000,10095.70500000,2040.00000000,12135.70500000,66192.13500000,1.51696312,198.50000000,320.32512055
episode_2020-04-01_2022-04-01,overlapping_2y_episode,2020-04-01,2022-04-01 00:00:00,40,8,round_robin,0.90000000,1000.00000000,1,3834,30672,30672,30672,1.00000000,1.00000000,1.00000000,47152.71111111,1782344.00000000,65374.40000001,32,8000.00000000,9000.00000000,9600.00000000,8,48,8,0,False,8,0.20000000,1,32,40,16,6800.00000000,6120.00000000,5520.00000000,71699.60000000,5126.31000000,-3480.00000000,1646.31000000,61049.64000000,0.18292333,217.62500000,233.11147548
episode_2020-04-01_2022-04-01,overlapping_2y_episode,2020-04-01,2022-04-01 00:00:00,40,8,least_trades,0.90000000,1000.00000000,1,3834,30672,30672,30672,1.00000000,1.00000000,1.00000000,47152.71111111,1782344.00000000,65374.40000001,32,8000.00000000,9000.00000000,11800.00000000,19,59,19,0,False,8,0.20000000,2,32,40,24,8800.00000000,7920.00000000,5120.00000000,81298.20000000,6897.78000000,-3880.00000000,3017.78000000,71632.34000000,0.33530889,217.62500000,22.71211131
episode_2020-04-01_2022-04-01,overlapping_2y_episode,2020-04-01,2022-04-01 00:00:00,40,8,max_headroom,0.90000000,1000.00000000,1,3834,30672,30672,30672,1.00000000,1.00000000,1.00000000,47152.71111111,1782344.00000000,65374.40000001,32,8000.00000000,9000.00000000,8000.00000000,0,40,0,0,False,0,0.00000000,0,40,40,24,16000.00000000,14400.00000000,15400.00000000,49374.40000000,12162.24000000,6400.00000000,18562.24000000,62316.28000000,2.06247111,162.35416667,581.61478661
episode_2020-04-01_2022-04-01,overlapping_2y_episode,2020-04-01,2022-04-01 00:00:00,40,8,protect_frozen,0.90000000,1000.00000000,1,3834,30672,30672,30672,1.00000000,1.00000000,1.00000000,47152.71111111,1782344.00000000,65374.40000001,32,8000.00000000,9000.00000000,9800.00000000,9,49,9,0,False,8,0.20000000,1,32,40,26,1200.00000000,1080.00000000,280.00000000,77618.15000000,2248.24500000,-8720.00000000,-6471.75500000,61759.63000000,-0.71908389,698.70833333,321.96547855
episode_2020-04-01_2022-04-01,overlapping_2y_episode,2020-04-01,2022-04-01 00:00:00,40,8,stable_hash,0.90000000,1000.00000000,1,3834,30672,30672,30672,1.00000000,1.00000000,1.00000000,47152.71111111,1782344.00000000,65374.40000001,32,8000.00000000,9000.00000000,10800.00000000,14,54,14,0,False,1,0.02500000,0,39,40,17,12000.00000000,10800.00000000,9000.00000000,67459.95000000,9788.98500000,0.00000000,9788.98500000,63238.36500000,1.08766500,208.66666667,293.73648799
episode_2020-07-01_2022-07-01,overlapping_2y_episode,2020-07-01,2022-07-01 00:00:00,1,1,round_robin,0.90000000,1000.00000000,1,3858,3858,2818,2818,0.73043027,0.73043027,0.73043027,4584.30555556,184127.00000000,340.10000000,1,200.00000000,1200.00000000,800.00000000,3,4,3,3,False,1,1.00000000,0,0,1,0,800.00000000,720.00000000,1120.00000000,-0.70000000,0.00000000,-80.00000000,-80.00000000,-80.00000000,-0.06666667,601.72916667,0.00000000
episode_2020-07-01_2022-07-01,overlapping_2y_episode,2020-07-01,2022-07-01 00:00:00,1,1,least_trades,0.90000000,1000.00000000,1,3858,3858,2818,2818,0.73043027,0.73043027,0.73043027,4584.30555556,184127.00000000,340.10000000,1,200.00000000,1200.00000000,800.00000000,3,4,3,3,False,1,1.00000000,0,0,1,0,800.00000000,720.00000000,1120.00000000,-0.70000000,0.00000000,-80.00000000,-80.00000000,-80.00000000,-0.06666667,601.72916667,0.00000000
episode_2020-07-01_2022-07-01,overlapping_2y_episode,2020-07-01,2022-07-01 00:00:00,1,1,max_headroom,0.90000000,1000.00000000,1,3858,3858,2818,2818,0.73043027,0.73043027,0.73043027,4584.30555556,184127.00000000,340.10000000,1,200.00000000,1200.00000000,800.00000000,3,4,3,3,False,1,1.00000000,0,0,1,0,800.00000000,720.00000000,1120.00000000,-0.70000000,0.00000000,-80.00000000,-80.00000000,-80.00000000,-0.06666667,601.72916667,0.00000000
episode_2020-07-01_2022-07-01,overlapping_2y_episode,2020-07-01,2022-07-01 00:00:00,1,1,protect_frozen,0.90000000,1000.00000000,1,3858,3858,2818,2818,0.73043027,0.73043027,0.73043027,4584.30555556,184127.00000000,340.10000000,1,200.00000000,1200.00000000,800.00000000,3,4,3,3,False,1,1.00000000,0,0,1,0,800.00000000,720.00000000,1120.00000000,-0.70000000,0.00000000,-80.00000000,-80.00000000,-80.00000000,-0.06666667,601.72916667,0.00000000
episode_2020-07-01_2022-07-01,overlapping_2y_episode,2020-07-01,2022-07-01 00:00:00,1,1,stable_hash,0.90000000,1000.00000000,1,3858,3858,2818,2818,0.73043027,0.73043027,0.73043027,4584.30555556,184127.00000000,340.10000000,1,200.00000000,1200.00000000,800.00000000,3,4,3,3,False,1,1.00000000,0,0,1,0,800.00000000,720.00000000,1120.00000000,-0.70000000,0.00000000,-80.00000000,-80.00000000,-80.00000000,-0.06666667,601.72916667,0.00000000
episode_2020-07-01_2022-07-01,overlapping_2y_episode,2020-07-01,2022-07-01 00:00:00,2,1,round_robin,0.90000000,1000.00000000,1,3858,3858,3679,3679,0.95360290,0.95360290,0.95360290,5694.70000000,229398.50000000,3485.55000000,2,400.00000000,1400.00000000,600.00000000,1,3,1,0,False,1,0.50000000,0,1,2,2,2400.00000000,2160.00000000,2960.00000000,3084.90000000,0.00000000,1560.00000000,1560.00000000,4336.41000000,1.11428571,509.70833333,446.00000000
episode_2020-07-01_2022-07-01,overlapping_2y_episode,2020-07-01,2022-07-01 00:00:00,2,1,least_trades,0.90000000,1000.00000000,1,3858,3858,3679,3679,0.95360290,0.95360290,0.95360290,5694.70000000,229398.50000000,3485.55000000,2,400.00000000,1400.00000000,1400.00000000,5,7,5,0,False,1,0.50000000,0,1,2,1,3800.00000000,3420.00000000,3420.00000000,4765.95000000,1949.98500000,2020.00000000,3969.98500000,6309.98500000,2.83570357,240.45833333,601.50000000
episode_2020-07-01_2022-07-01,overlapping_2y_episode,2020-07-01,2022-07-01 00:00:00,2,1,max_headroom,0.90000000,1000.00000000,1,3858,3858,3679,3679,0.95360290,0.95360290,0.95360290,5694.70000000,229398.50000000,3485.55000000,2,400.00000000,1400.00000000,600.00000000,1,3,1,0,False,1,0.50000000,0,1,2,2,3000.00000000,2700.00000000,3500.00000000,2136.50000000,0.00000000,2100.00000000,2100.00000000,4022.85000000,1.50000000,190.70833333,768.00000000
episode_2020-07-01_2022-07-01,overlapping_2y_episode,2020-07-01,2022-07-01 00:00:00,2,1,protect_frozen,0.90000000,1000.00000000,1,3858,3858,3679,3679,0.95360290,0.95360290,0.95360290,5694.70000000,229398.50000000,3485.55000000,2,400.00000000,1400.00000000,1400.00000000,5,7,5,0,False,1,0.50000000,0,1,2,1,3800.00000000,3420.00000000,3420.00000000,4765.95000000,1949.98500000,2020.00000000,3969.98500000,6309.98500000,2.83570357,240.45833333,601.50000000
episode_2020-07-01_2022-07-01,overlapping_2y_episode,2020-07-01,2022-07-01 00:00:00,2,1,stable_hash,0.90000000,1000.00000000,1,3858,3858,3679,3679,0.95360290,0.95360290,0.95360290,5694.70000000,229398.50000000,3485.55000000,2,400.00000000,1400.00000000,800.00000000,2,4,2,0,False,1,0.50000000,0,1,2,1,2200.00000000,1980.00000000,2580.00000000,2688.95000000,80.05500000,1180.00000000,1260.05500000,3600.05500000,0.90003929,491.43750000,915.50000000
episode_2020-07-01_2022-07-01,overlapping_2y_episode,2020-07-01,2022-07-01 00:00:00,3,1,round_robin,0.90000000,1000.00000000,1,3858,3858,3837,3837,0.99455677,0.99455677,0.99455677,5842.32777778,236741.50000000,4040.65000000,3,600.00000000,1600.00000000,600.00000000,0,3,0,0,False,0,0.00000000,0,3,3,2,1000.00000000,900.00000000,1900.00000000,3040.65000000,0.00000000,300.00000000,300.00000000,3040.86000000,0.18750000,604.95833333,3.26598632
episode_2020-07-01_2022-07-01,overlapping_2y_episode,2020-07-01,2022-07-01 00:00:00,3,1,least_trades,0.90000000,1000.00000000,1,3858,3858,3837,3837,0.99455677,0.99455677,0.99455677,5842.32777778,236741.50000000,4040.65000000,3,600.00000000,1600.00000000,800.00000000,1,4,1,0,False,1,0.33333333,0,2,3,2,1600.00000000,1440.00000000,2240.00000000,3803.95000000,32.80500000,640.00000000,672.80500000,4063.55500000,0.42050312,595.89583333,0.47140452
episode_2020-07-01_2022-07-01,overlapping_2y_episode,2020-07-01,2022-07-01 00:00:00,3,1,max_headroom,0.90000000,1000.00000000,1,3858,3858,3837,3837,0.99455677,0.99455677,0.99455677,5842.32777778,236741.50000000,4040.65000000,3,600.00000000,1600.00000000,600.00000000,0,3,0,0,False,0,0.00000000,0,3,3,2,3000.00000000,2700.00000000,3700.00000000,1040.65000000,0.00000000,2100.00000000,2100.00000000,3850.63500000,1.31250000,190.70833333,873.89587480
episode_2020-07-01_2022-07-01,overlapping_2y_episode,2020-07-01,2022-07-01 00:00:00,3,1,protect_frozen,0.90000000,1000.00000000,1,3858,3858,3837,3837,0.99455677,0.99455677,0.99455677,5842.32777778,236741.50000000,4040.65000000,3,600.00000000,1600.00000000,800.00000000,1,4,1,0,False,1,0.33333333,0,2,3,3,1400.00000000,1260.00000000,2060.00000000,4003.95000000,0.00000000,460.00000000,460.00000000,4063.55500000,0.28750000,607.70833333,0.47140452
episode_2020-07-01_2022-07-01,overlapping_2y_episode,2020-07-01,2022-07-01 00:00:00,3,1,stable_hash,0.90000000,1000.00000000,1,3858,3858,3837,3837,0.99455677,0.99455677,0.99455677,5842.32777778,236741.50000000,4040.65000000,3,600.00000000,1600.00000000,1000.00000000,2,5,2,0,False,1,0.33333333,0,2,3,3,2400.00000000,2160.00000000,2760.00000000,5250.05000000,0.00000000,1160.00000000,1160.00000000,5885.04500000,0.72500000,524.97916667,433.47971886
episode_2020-07-01_2022-07-01,overlapping_2y_episode,2020-07-01,2022-07-01 00:00:00,4,1,round_robin,0.90000000,1000.00000000,1,3858,3858,3858,3858,1.00000000,1.00000000,1.00000000,5853.10555556,237746.00000000,3357.60000000,4,800.00000000,1800.00000000,1200.00000000,2,6,2,0,False,1,0.25000000,0,3,4,3,1600.00000000,1440.00000000,2040.00000000,5211.55000000,830.97000000,240.00000000,1070.97000000,5578.98000000,0.59498333,126.64583333,404.58458634
episode_2020-07-01_2022-07-01,overlapping_2y_episode,2020-07-01,2022-07-01 00:00:00,4,1,least_trades,0.90000000,1000.00000000,1,3858,3858,3858,3858,1.00000000,1.00000000,1.00000000,5853.10555556,237746.00000000,3357.60000000,4,800.00000000,1800.00000000,1000.00000000,1,5,1,0,False,1,0.25000000,0,3,4,3,800.00000000,720.00000000,1520.00000000,4549.70000000,0.00000000,-280.00000000,-280.00000000,4108.76000000,-0.15555556,292.97916667,0.00000000
episode_2020-07-01_2022-07-01,overlapping_2y_episode,2020-07-01,2022-07-01 00:00:00,4,1,max_headroom,0.90000000,1000.00000000,1,3858,3858,3858,3858,1.00000000,1.00000000,1.00000000,5853.10555556,237746.00000000,3357.60000000,4,800.00000000,1800.00000000,800.00000000,0,4,0,0,False,0,0.00000000,0,4,4,2,2200.00000000,1980.00000000,2980.00000000,1157.60000000,0.00000000,1180.00000000,1180.00000000,3449.57500000,0.65555556,490.87500000,538.55988525
episode_2020-07-01_2022-07-01,overlapping_2y_episode,2020-07-01,2022-07-01 00:00:00,4,1,protect_frozen,0.90000000,1000.00000000,1,3858,3858,3858,3858,1.00000000,1.00000000,1.00000000,5853.10555556,237746.00000000,3357.60000000,4,800.00000000,1800.00000000,1800.00000000,5,9,5,0,False,1,0.25000000,0,3,4,3,1400.00000000,1260.00000000,1260.00000000,6595.00000000,0.00000000,-540.00000000,-540.00000000,5396.13000000,-0.30000000,625.89583333,262.08490991
episode_2020-07-01_2022-07-01,overlapping_2y_episode,2020-07-01,2022-07-01 00:00:00,4,1,stable_hash,0.90000000,1000.00000000,1,3858,3858,3858,3858,1.00000000,1.00000000,1.00000000,5853.10555556,237746.00000000,3357.60000000,4,800.00000000,1800.00000000,1200.00000000,2,6,2,0,False,1,0.25000000,0,3,4,2,1600.00000000,1440.00000000,2040.00000000,3776.75000000,0.00000000,240.00000000,240.00000000,4268.40000000,0.13333333,433.81250000,415.22004708
episode_2020-07-01_2022-07-01,overlapping_2y_episode,2020-07-01,2022-07-01 00:00:00,5,1,round_robin,0.90000000,1000.00000000,1,3858,3858,3858,3858,1.00000000,1.00000000,1.00000000,5853.10555556,237746.00000000,3357.60000000,4,1000.00000000,2000.00000000,1000.00000000,0,5,0,0,False,0,0.00000000,0,5,5,2,800.00000000,720.00000000,1720.00000000,2557.60000000,0.00000000,-280.00000000,-280.00000000,3451.17500000,-0.14000000,635.70833333,2.57681975
episode_2020-07-01_2022-07-01,overlapping_2y_episode,2020-07-01,2022-07-01 00:00:00,5,1,least_trades,0.90000000,1000.00000000,1,3858,3858,3858,3858,1.00000000,1.00000000,1.00000000,5853.10555556,237746.00000000,3357.60000000,4,1000.00000000,2000.00000000,1600.00000000,3,8,3,0,False,1,0.20000000,0,4,5,2,600.00000000,540.00000000,940.00000000,6467.15000000,0.00000000,-1060.00000000,-1060.00000000,4761.06500000,-0.53000000,601.52083333,261.70028659
episode_2020-07-01_2022-07-01,overlapping_2y_episode,2020-07-01,2022-07-01 00:00:00,5,1,max_headroom,0.90000000,1000.00000000,1,3858,3858,3858,3858,1.00000000,1.00000000,1.00000000,5853.10555556,237746.00000000,3357.60000000,4,1000.00000000,2000.00000000,1000.00000000,0,5,0,0,False,0,0.00000000,0,5,5,3,2800.00000000,2520.00000000,3520.00000000,557.60000000,0.00000000,1520.00000000,1520.00000000,4930.01000000,0.76000000,485.95833333,543.26185215
episode_2020-07-01_2022-07-01,overlapping_2y_episode,2020-07-01,2022-07-01 00:00:00,5,1,protect_frozen,0.90000000,1000.00000000,1,3858,3858,3858,3858,1.00000000,1.00000000,1.00000000,5853.10555556,237746.00000000,3357.60000000,4,1000.00000000,2000.00000000,1600.00000000,3,8,3,0,False,1,0.20000000,0,4,5,4,200.00000000,180.00000000,580.00000000,8362.95000000,11.38500000,-1420.00000000,-1408.61500000,6539.69000000,-0.70430750,698.33333333,249.78823031
episode_2020-07-01_2022-07-01,overlapping_2y_episode,2020-07-01,2022-07-01 00:00:00,5,1,stable_hash,0.90000000,1000.00000000,1,3858,3858,3858,3858,1.00000000,1.00000000,1.00000000,5853.10555556,237746.00000000,3357.60000000,4,1000.00000000,2000.00000000,1400.00000000,2,7,2,0,False,1,0.20000000,0,4,5,3,1800.00000000,1620.00000000,2220.00000000,6047.95000000,836.95500000,220.00000000,1056.95500000,6346.12000000,0.52847750,461.70833333,288.75068831
episode_2020-07-01_2022-07-01,overlapping_2y_episode,2020-07-01,2022-07-01 00:00:00,6,1,round_robin,0.90000000,1000.00000000,1,3858,3858,3858,3858,1.00000000,1.00000000,1.00000000,5853.10555556,237746.00000000,3357.60000000,4,1200.00000000,2200.00000000,1400.00000000,1,7,1,0,False,1,0.16666667,0,5,6,2,1200.00000000,1080.00000000,1880.00000000,3742.10000000,0.00000000,-320.00000000,-320.00000000,3258.35500000,-0.14545455,579.95833333,182.61404351
episode_2020-07-01_2022-07-01,overlapping_2y_episode,2020-07-01,2022-07-01 00:00:00,6,1,least_trades,0.90000000,1000.00000000,1,3858,3858,3858,3858,1.00000000,1.00000000,1.00000000,5853.10555556,237746.00000000,3357.60000000,4,1200.00000000,2200.00000000,1600.00000000,2,8,2,0,False,1,0.16666667,0,5,6,2,2000.00000000,1800.00000000,2400.00000000,4900.15000000,870.03000000,200.00000000,1070.03000000,5878.82000000,0.48637727,288.83333333,0.37267800
episode_2020-07-01_2022-07-01,overlapping_2y_episode,2020-07-01,2022-07-01 00:00:00,6,1,max_headroom,0.90000000,1000.00000000,1,3858,3858,3858,3858,1.00000000,1.00000000,1.00000000,5853.10555556,237746.00000000,3357.60000000,4,1200.00000000,2200.00000000,1200.00000000,0,6,0,0,False,0,0.00000000,0,6,6,2,2400.00000000,2160.00000000,3160.00000000,957.60000000,0.00000000,960.00000000,960.00000000,4360.83000000,0.43636364,471.95833333,588.27912876
episode_2020-07-01_2022-07-01,overlapping_2y_episode,2020-07-01,2022-07-01 00:00:00,6,1,protect_frozen,0.90000000,1000.00000000,1,3858,3858,3858,3858,1.00000000,1.00000000,1.00000000,5853.10555556,237746.00000000,3357.60000000,4,1200.00000000,2200.00000000,1800.00000000,3,9,3,0,False,1,0.16666667,0,5,6,4,0.00000000,0.00000000,400.00000000,9679.05000000,224.41500000,-1800.00000000,-1575.58500000,7344.18000000,-0.71617500,,225.22538095
episode_2020-07-01_2022-07-01,overlapping_2y_episode,2020-07-01,2022-07-01 00:00:00,6,1,stable_hash,0.90000000,1000.00000000,1,3858,3858,3858,3858,1.00000000,1.00000000,1.00000000,5853.10555556,237746.00000000,3357.60000000,4,1200.00000000,2200.00000000,1600.00000000,2,8,2,0,False,1,0.16666667,0,5,6,2,1600.00000000,1440.00000000,2040.00000000,5888.35000000,489.24000000,-160.00000000,329.24000000,5912.88500000,0.14965455,461.72916667,226.25630746
episode_2020-07-01_2022-07-01,overlapping_2y_episode,2020-07-01,2022-07-01 00:00:00,8,1,round_robin,0.90000000,1000.00000000,1,3858,3858,3858,3858,1.00000000,1.00000000,1.00000000,5853.10555556,237746.00000000,3357.60000000,4,1600.00000000,2600.00000000,2000.00000000,2,10,2,0,False,1,0.12500000,0,7,8,1,200.00000000,180.00000000,780.00000000,5793.50000000,0.00000000,-1820.00000000,-1820.00000000,3758.20000000,-0.70000000,579.95833333,141.74448843
episode_2020-07-01_2022-07-01,overlapping_2y_episode,2020-07-01,2022-07-01 00:00:00,8,1,least_trades,0.90000000,1000.00000000,1,3858,3858,3858,3858,1.00000000,1.00000000,1.00000000,5853.10555556,237746.00000000,3357.60000000,4,1600.00000000,2600.00000000,1800.00000000,1,9,1,0,False,1,0.12500000,0,7,8,3,1400.00000000,1260.00000000,2060.00000000,4090.25000000,228.78000000,-540.00000000,-311.22000000,5466.69000000,-0.11970000,576.95833333,0.48412292
episode_2020-07-01_2022-07-01,overlapping_2y_episode,2020-07-01,2022-07-01 00:00:00,8,1,max_headroom,0.90000000,1000.00000000,1,3858,3858,3858,3858,1.00000000,1.00000000,1.00000000,5853.10555556,237746.00000000,3357.60000000,4,1600.00000000,2600.00000000,1600.00000000,0,8,0,0,False,0,0.00000000,0,8,8,2,2600.00000000,2340.00000000,3340.00000000,757.60000000,0.00000000,740.00000000,740.00000000,4179.48500000,0.28461538,485.95833333,467.42960700
episode_2020-07-01_2022-07-01,overlapping_2y_episode,2020-07-01,2022-07-01 00:00:00,8,1,protect_frozen,0.90000000,1000.00000000,1,3858,3858,3858,3858,1.00000000,1.00000000,1.00000000,5853.10555556,237746.00000000,3357.60000000,4,1600.00000000,2600.00000000,2400.00000000,4,12,4,0,False,1,0.12500000,0,7,8,2,0.00000000,0.00000000,200.00000000,8878.80000000,3.91500000,-2400.00000000,-2396.08500000,6097.30500000,-0.92157115,,130.79086360
episode_2020-07-01_2022-07-01,overlapping_2y_episode,2020-07-01,2022-07-01 00:00:00,8,1,stable_hash,0.90000000,1000.00000000,1,3858,3858,3858,3858,1.00000000,1.00000000,1.00000000,5853.10555556,237746.00000000,3357.60000000,4,1600.00000000,2600.00000000,2200.00000000,3,11,3,0,False,1,0.12500000,0,7,8,2,1600.00000000,1440.00000000,1840.00000000,7121.75000000,1031.17500000,-760.00000000,271.17500000,6150.47000000,0.10429808,475.97916667,183.11911253
episode_2020-07-01_2022-07-01,overlapping_2y_episode,2020-07-01,2022-07-01 00:00:00,10,1,round_robin,0.90000000,1000.00000000,1,3858,3858,3858,3858,1.00000000,1.00000000,1.00000000,5853.10555556,237746.00000000,3357.60000000,4,2000.00000000,3000.00000000,2600.00000000,3,13,3,0,False,1,0.10000000,0,9,10,1,1200.00000000,1080.00000000,1480.00000000,7049.00000000,611.73000000,-1520.00000000,-908.27000000,6706.49500000,-0.30275667,618.56250000,135.97793939
episode_2020-07-01_2022-07-01,overlapping_2y_episode,2020-07-01,2022-07-01 00:00:00,10,1,least_trades,0.90000000,1000.00000000,1,3858,3858,3858,3858,1.00000000,1.00000000,1.00000000,5853.10555556,237746.00000000,3357.60000000,4,2000.00000000,3000.00000000,2600.00000000,3,13,3,0,False,1,0.10000000,0,9,10,2,200.00000000,180.00000000,580.00000000,10443.55000000,0.00000000,-2420.00000000,-2420.00000000,7757.65000000,-0.80666667,568.25000000,74.63437546
episode_2020-07-01_2022-07-01,overlapping_2y_episode,2020-07-01,2022-07-01 00:00:00,10,1,max_headroom,0.90000000,1000.00000000,1,3858,3858,3858,3858,1.00000000,1.00000000,1.00000000,5853.10555556,237746.00000000,3357.60000000,4,2000.00000000,3000.00000000,2000.00000000,0,10,0,0,False,0,0.00000000,0,10,10,3,3600.00000000,3240.00000000,4240.00000000,-242.40000000,0.00000000,1240.00000000,1240.00000000,4981.61500000,0.41333333,288.72916667,429.75593073
episode_2020-07-01_2022-07-01,overlapping_2y_episode,2020-07-01,2022-07-01 00:00:00,10,1,protect_frozen,0.90000000,1000.00000000,1,3858,3858,3858,3858,1.00000000,1.00000000,1.00000000,5853.10555556,237746.00000000,3357.60000000,4,2000.00000000,3000.00000000,3000.00000000,5,15,5,0,False,1,0.10000000,0,9,10,4,0.00000000,0.00000000,0.00000000,12000.65000000,222.88500000,-3000.00000000,-2777.11500000,8745.31500000,-0.92570500,,90.12330442
episode_2020-07-01_2022-07-01,overlapping_2y_episode,2020-07-01,2022-07-01 00:00:00,10,1,stable_hash,0.90000000,1000.00000000,1,3858,3858,3858,3858,1.00000000,1.00000000,1.00000000,5853.10555556,237746.00000000,3357.60000000,4,2000.00000000,3000.00000000,2400.00000000,2,12,2,0,False,1,0.10000000,0,9,10,3,1400.00000000,1260.00000000,1860.00000000,6424.40000000,613.48500000,-1140.00000000,-526.51500000,6606.97500000,-0.17550500,463.72916667,101.84871133
episode_2020-07-01_2022-07-01,overlapping_2y_episode,2020-07-01,2022-07-01 00:00:00,12,1,round_robin,0.90000000,1000.00000000,1,3858,3858,3858,3858,1.00000000,1.00000000,1.00000000,5853.10555556,237746.00000000,3357.60000000,4,2400.00000000,3400.00000000,2800.00000000,2,14,2,0,False,1,0.08333333,0,11,12,2,200.00000000,180.00000000,780.00000000,7522.60000000,38.61000000,-2620.00000000,-2581.39000000,5599.11500000,-0.75923235,607.39583333,106.12335590
episode_2020-07-01_2022-07-01,overlapping_2y_episode,2020-07-01,2022-07-01 00:00:00,12,1,least_trades,0.90000000,1000.00000000,1,3858,3858,3858,3858,1.00000000,1.00000000,1.00000000,5853.10555556,237746.00000000,3357.60000000,4,2400.00000000,3400.00000000,3200.00000000,4,16,4,0,False,1,0.08333333,0,11,12,2,1200.00000000,1080.00000000,1280.00000000,7962.65000000,803.47500000,-2120.00000000,-1316.52500000,7544.56000000,-0.38721324,568.70833333,72.84167572
episode_2020-07-01_2022-07-01,overlapping_2y_episode,2020-07-01,2022-07-01 00:00:00,12,1,max_headroom,0.90000000,1000.00000000,1,3858,3858,3858,3858,1.00000000,1.00000000,1.00000000,5853.10555556,237746.00000000,3357.60000000,4,2400.00000000,3400.00000000,2400.00000000,0,12,0,0,False,0,0.00000000,0,12,12,3,600.00000000,540.00000000,1540.00000000,2757.60000000,0.00000000,-1860.00000000,-1860.00000000,3865.44000000,-0.54705882,629.66666667,224.17422540
episode_2020-07-01_2022-07-01,overlapping_2y_episode,2020-07-01,2022-07-01 00:00:00,12,1,protect_frozen,0.90000000,1000.00000000,1,3858,3858,3858,3858,1.00000000,1.00000000,1.00000000,5853.10555556,237746.00000000,3357.60000000,4,2400.00000000,3400.00000000,3000.00000000,3,15,3,0,False,1,0.08333333,0,11,12,3,0.00000000,0.00000000,400.00000000,8460.85000000,169.92000000,-3000.00000000,-2830.08000000,6910.39500000,-0.83237647,,80.23866310
episode_2020-07-01_2022-07-01,overlapping_2y_episode,2020-07-01,2022-07-01 00:00:00,12,1,stable_hash,0.90000000,1000.00000000,1,3858,3858,3858,3858,1.00000000,1.00000000,1.00000000,5853.10555556,237746.00000000,3357.60000000,4,2400.00000000,3400.00000000,2800.00000000,2,14,2,0,False,1,0.08333333,0,11,12,2,1000.00000000,900.00000000,1500.00000000,7020.75000000,234.04500000,-1900.00000000,-1665.95500000,5723.67500000,-0.48998676,553.37500000,93.53352786
episode_2020-07-01_2022-07-01,overlapping_2y_episode,2020-07-01,2022-07-01 00:00:00,15,1,round_robin,0.90000000,1000.00000000,1,3858,3858,3858,3858,1.00000000,1.00000000,1.00000000,5853.10555556,237746.00000000,3357.60000000,4,3000.00000000,4000.00000000,3400.00000000,2,17,2,0,False,1,0.06666667,0,14,15,1,0.00000000,0.00000000,600.00000000,7758.55000000,0.00000000,-3400.00000000,-3400.00000000,7047.69500000,-0.85000000,,67.50585160
episode_2020-07-01_2022-07-01,overlapping_2y_episode,2020-07-01,2022-07-01 00:00:00,15,1,least_trades,0.90000000,1000.00000000,1,3858,3858,3858,3858,1.00000000,1.00000000,1.00000000,5853.10555556,237746.00000000,3357.60000000,4,3000.00000000,4000.00000000,3400.00000000,2,17,2,0,False,1,0.06666667,0,14,15,3,600.00000000,540.00000000,1140.00000000,6019.25000000,0.00000000,-2860.00000000,-2860.00000000,6801.95000000,-0.71500000,607.70833333,0.00000000
episode_2020-07-01_2022-07-01,overlapping_2y_episode,2020-07-01,2022-07-01 00:00:00,15,1,max_headroom,0.90000000,1000.00000000,1,3858,3858,3858,3858,1.00000000,1.00000000,1.00000000,5853.10555556,237746.00000000,3357.60000000,4,3000.00000000,4000.00000000,3000.00000000,0,15,0,0,False,0,0.00000000,0,15,15,3,1800.00000000,1620.00000000,2620.00000000,1557.60000000,0.00000000,-1380.00000000,-1380.00000000,4613.73000000,-0.34500000,589.70833333,159.03592885
episode_2020-07-01_2022-07-01,overlapping_2y_episode,2020-07-01,2022-07-01 00:00:00,15,1,protect_frozen,0.90000000,1000.00000000,1,3858,3858,3858,3858,1.00000000,1.00000000,1.00000000,5853.10555556,237746.00000000,3357.60000000,4,3000.00000000,4000.00000000,3600.00000000,3,18,3,0,False,1,0.06666667,0,14,15,1,0.00000000,0.00000000,400.00000000,8492.25000000,117.04500000,-3600.00000000,-3482.95500000,6794.59500000,-0.87073875,,19.95550606
episode_2020-07-01_2022-07-01,overlapping_2y_episode,2020-07-01,2022-07-01 00:00:00,15,1,stable_hash,0.90000000,1000.00000000,1,3858,3858,3858,3858,1.00000000,1.00000000,1.00000000,5853.10555556,237746.00000000,3357.60000000,4,3000.00000000,4000.00000000,3200.00000000,1,16,1,0,False,1,0.06666667,0,14,15,1,400.00000000,360.00000000,1160.00000000,5405.20000000,0.00000000,-2840.00000000,-2840.00000000,5552.41000000,-0.71000000,657.12500000,63.34926116
episode_2020-07-01_2022-07-01,overlapping_2y_episode,2020-07-01,2022-07-01 00:00:00,20,1,round_robin,0.90000000,1000.00000000,1,3858,3858,3858,3858,1.00000000,1.00000000,1.00000000,5853.10555556,237746.00000000,3357.60000000,4,4000.00000000,5000.00000000,4400.00000000,2,22,2,0,False,1,0.05000000,0,19,20,0,0.00000000,0.00000000,600.00000000,7780.95000000,0.00000000,-4400.00000000,-4400.00000000,7506.37000000,-0.88000000,,47.59356574
episode_2020-07-01_2022-07-01,overlapping_2y_episode,2020-07-01,2022-07-01 00:00:00,20,1,least_trades,0.90000000,1000.00000000,1,3858,3858,3858,3858,1.00000000,1.00000000,1.00000000,5853.10555556,237746.00000000,3357.60000000,4,4000.00000000,5000.00000000,4400.00000000,2,22,2,0,False,1,0.05000000,0,19,20,2,800.00000000,720.00000000,1320.00000000,6652.25000000,779.26500000,-3680.00000000,-2900.73500000,7559.74000000,-0.58014700,601.91666667,0.43301270
episode_2020-07-01_2022-07-01,overlapping_2y_episode,2020-07-01,2022-07-01 00:00:00,20,1,max_headroom,0.90000000,1000.00000000,1,3858,3858,3858,3858,1.00000000,1.00000000,1.00000000,5853.10555556,237746.00000000,3357.60000000,4,4000.00000000,5000.00000000,4000.00000000,0,20,0,0,False,0,0.00000000,0,20,20,2,2000.00000000,1800.00000000,2800.00000000,1357.60000000,0.00000000,-2200.00000000,-2200.00000000,3819.33500000,-0.44000000,576.95833333,190.68453005
episode_2020-07-01_2022-07-01,overlapping_2y_episode,2020-07-01,2022-07-01 00:00:00,20,1,protect_frozen,0.90000000,1000.00000000,1,3858,3858,3858,3858,1.00000000,1.00000000,1.00000000,5853.10555556,237746.00000000,3357.60000000,4,4000.00000000,5000.00000000,4400.00000000,2,22,2,0,False,1,0.05000000,0,19,20,2,0.00000000,0.00000000,600.00000000,7759.05000000,148.14000000,-4400.00000000,-4251.86000000,8662.46500000,-0.85037200,,15.06477680
episode_2020-07-01_2022-07-01,overlapping_2y_episode,2020-07-01,2022-07-01 00:00:00,20,1,stable_hash,0.90000000,1000.00000000,1,3858,3858,3858,3858,1.00000000,1.00000000,1.00000000,5853.10555556,237746.00000000,3357.60000000,4,4000.00000000,5000.00000000,4000.00000000,0,20,0,0,False,0,0.00000000,0,20,20,1,0.00000000,0.00000000,1000.00000000,3357.60000000,0.00000000,-4000.00000000,-4000.00000000,4749.44000000,-0.80000000,,15.62017926
episode_2020-07-01_2022-07-01,overlapping_2y_episode,2020-07-01,2022-07-01 00:00:00,4,2,round_robin,0.90000000,1000.00000000,1,3858,7716,7358,7358,0.95360290,0.95360290,0.95360290,11389.40000000,458797.00000000,6971.10000000,4,800.00000000,1800.00000000,1200.00000000,2,6,2,0,False,2,0.50000000,0,2,4,4,4800.00000000,4320.00000000,4920.00000000,6169.80000000,0.00000000,3120.00000000,3120.00000000,8672.82000000,1.73333333,470.72916667,449.51028909
episode_2020-07-01_2022-07-01,overlapping_2y_episode,2020-07-01,2022-07-01 00:00:00,4,2,least_trades,0.90000000,1000.00000000,1,3858,7716,7356,7356,0.95334370,0.95360290,0.95308450,11386.33888889,458697.00000000,6840.70000000,4,800.00000000,1800.00000000,2800.00000000,10,14,10,0,False,2,0.50000000,0,2,4,2,7800.00000000,7020.00000000,6020.00000000,9699.30000000,4001.98500000,4220.00000000,8221.98500000,12950.00000000,4.56776944,239.70833333,602.50020747
episode_2020-07-01_2022-07-01,overlapping_2y_episode,2020-07-01,2022-07-01 00:00:00,4,2,max_headroom,0.90000000,1000.00000000,1,3858,7716,7358,7358,0.95360290,0.95360290,0.95360290,11389.40000000,458797.00000000,6971.10000000,4,800.00000000,1800.00000000,1200.00000000,2,6,2,0,False,2,0.50000000,0,2,4,4,6000.00000000,5400.00000000,6000.00000000,4273.00000000,0.00000000,4200.00000000,4200.00000000,8045.70000000,2.33333333,190.70833333,768.00000000
episode_2020-07-01_2022-07-01,overlapping_2y_episode,2020-07-01,2022-07-01 00:00:00,4,2,protect_frozen,0.90000000,1000.00000000,1,3858,7716,7356,7356,0.95334370,0.95360290,0.95308450,11386.33888889,458697.00000000,6840.70000000,4,800.00000000,1800.00000000,2800.00000000,10,14,10,0,False,2,0.50000000,0,2,4,2,7800.00000000,7020.00000000,6020.00000000,9699.30000000,4001.98500000,4220.00000000,8221.98500000,12950.00000000,4.56776944,239.70833333,602.50020747
episode_2020-07-01_2022-07-01,overlapping_2y_episode,2020-07-01,2022-07-01 00:00:00,4,2,stable_hash,0.90000000,1000.00000000,1,3858,7716,7358,7358,0.95360290,0.95360290,0.95360290,11389.40000000,458797.00000000,6971.10000000,4,800.00000000,1800.00000000,1600.00000000,4,8,4,0,False,1,0.25000000,0,3,4,3,4400.00000000,3960.00000000,4160.00000000,4036.70000000,0.00000000,2360.00000000,2360.00000000,6957.69500000,1.31111111,576.95833333,456.86239723
episode_2020-07-01_2022-07-01,overlapping_2y_episode,2020-07-01,2022-07-01 00:00:00,5,2,round_robin,0.90000000,1000.00000000,1,3858,7716,7516,7516,0.97407983,0.99455677,0.95360290,11537.02777778,466140.00000000,7526.20000000,5,1000.00000000,2000.00000000,2000.00000000,5,10,5,0,False,1,0.20000000,0,4,5,4,5200.00000000,4680.00000000,4680.00000000,6915.25000000,248.89500000,2680.00000000,2928.89500000,9660.04000000,1.46444750,470.14583333,562.85664249
episode_2020-07-01_2022-07-01,overlapping_2y_episode,2020-07-01,2022-07-01 00:00:00,5,2,least_trades,0.90000000,1000.00000000,1,3858,7716,7516,7516,0.97407983,0.99455677,0.95360290,11537.02777778,466140.00000000,7526.20000000,5,1000.00000000,2000.00000000,1400.00000000,2,7,2,0,False,1,0.20000000,0,4,5,3,3000.00000000,2700.00000000,3300.00000000,5513.70000000,335.70000000,1300.00000000,1635.70000000,6761.11000000,0.81785000,128.97916667,514.60019433
episode_2020-07-01_2022-07-01,overlapping_2y_episode,2020-07-01,2022-07-01 00:00:00,5,2,max_headroom,0.90000000,1000.00000000,1,3858,7716,7516,7516,0.97407983,0.99455677,0.95360290,11537.02777778,466140.00000000,7526.20000000,5,1000.00000000,2000.00000000,1400.00000000,2,7,2,0,False,1,0.20000000,0,4,5,4,4400.00000000,3960.00000000,4560.00000000,5215.35000000,0.00000000,2560.00000000,2560.00000000,7253.81500000,1.28000000,190.14583333,617.04930111
episode_2020-07-01_2022-07-01,overlapping_2y_episode,2020-07-01,2022-07-01 00:00:00,5,2,protect_frozen,0.90000000,1000.00000000,1,3858,7716,7516,7516,0.97407983,0.99455677,0.95360290,11537.02777778,466140.00000000,7526.20000000,5,1000.00000000,2000.00000000,2800.00000000,9,14,9,0,False,2,0.40000000,0,3,5,3,7400.00000000,6660.00000000,5860.00000000,10542.05000000,2473.87500000,3860.00000000,6333.87500000,13348.47500000,3.16693750,216.75000000,526.06896886
episode_2020-07-01_2022-07-01,overlapping_2y_episode,2020-07-01,2022-07-01 00:00:00,5,2,stable_hash,0.90000000,1000.00000000,1,3858,7716,7516,7516,0.97407983,0.99455677,0.95360290,11537.02777778,466140.00000000,7526.20000000,5,1000.00000000,2000.00000000,2000.00000000,5,10,5,0,False,1,0.20000000,0,4,5,3,4600.00000000,4140.00000000,4140.00000000,5749.10000000,84.82500000,2140.00000000,2224.82500000,8568.25000000,1.11241250,485.77083333,662.29105384
episode_2020-07-01_2022-07-01,overlapping_2y_episode,2020-07-01,2022-07-01 00:00:00,6,2,round_robin,0.90000000,1000.00000000,1,3858,7716,7674,7674,0.99455677,0.99455677,0.99455677,11684.65555556,473483.00000000,8081.30000000,6,1200.00000000,2200.00000000,1200.00000000,0,6,0,0,False,0,0.00000000,0,6,6,4,2000.00000000,1800.00000000,2800.00000000,6081.30000000,0.00000000,600.00000000,600.00000000,6081.72000000,0.27272727,604.95833333,3.26598632
episode_2020-07-01_2022-07-01,overlapping_2y_episode,2020-07-01,2022-07-01 00:00:00,6,2,least_trades,0.90000000,1000.00000000,1,3858,7716,7674,7674,0.99455677,0.99455677,0.99455677,11684.65555556,473483.00000000,8081.30000000,6,1200.00000000,2200.00000000,1600.00000000,2,8,2,0,False,2,0.33333333,0,4,6,4,3200.00000000,2880.00000000,3480.00000000,7607.90000000,32.80500000,1280.00000000,1312.80500000,8127.11000000,0.59672955,595.89583333,0.47140452
episode_2020-07-01_2022-07-01,overlapping_2y_episode,2020-07-01,2022-07-01 00:00:00,6,2,max_headroom,0.90000000,1000.00000000,1,3858,7716,7674,7674,0.99455677,0.99455677,0.99455677,11684.65555556,473483.00000000,8081.30000000,6,1200.00000000,2200.00000000,1200.00000000,0,6,0,0,False,0,0.00000000,0,6,6,4,6000.00000000,5400.00000000,6400.00000000,2081.30000000,0.00000000,4200.00000000,4200.00000000,7701.27000000,1.90909091,190.70833333,873.89587480
episode_2020-07-01_2022-07-01,overlapping_2y_episode,2020-07-01,2022-07-01 00:00:00,6,2,protect_frozen,0.90000000,1000.00000000,1,3858,7716,7674,7674,0.99455677,0.99455677,0.99455677,11684.65555556,473483.00000000,8081.30000000,6,1200.00000000,2200.00000000,1600.00000000,2,8,2,0,False,2,0.33333333,0,4,6,6,3200.00000000,2880.00000000,3480.00000000,7607.90000000,0.00000000,1280.00000000,1280.00000000,8127.11000000,0.58181818,607.70833333,0.47140452
episode_2020-07-01_2022-07-01,overlapping_2y_episode,2020-07-01,2022-07-01 00:00:00,6,2,stable_hash,0.90000000,1000.00000000,1,3858,7716,7674,7674,0.99455677,0.99455677,0.99455677,11684.65555556,473483.00000000,8081.30000000,6,1200.00000000,2200.00000000,2200.00000000,5,11,5,0,False,1,0.16666667,0,5,6,4,5000.00000000,4500.00000000,4500.00000000,8121.60000000,585.36000000,2300.00000000,2885.36000000,10049.09000000,1.31152727,470.97916667,508.47254924
episode_2020-07-01_2022-07-01,overlapping_2y_episode,2020-07-01,2022-07-01 00:00:00,8,2,round_robin,0.90000000,1000.00000000,1,3858,7716,7716,7716,1.00000000,1.00000000,1.00000000,11706.21111111,475492.00000000,6715.20000000,8,1600.00000000,2600.00000000,2400.00000000,4,12,4,0,False,2,0.25000000,0,6,8,5,3400.00000000,3060.00000000,3260.00000000,9265.65000000,830.97000000,660.00000000,1490.97000000,10244.37000000,0.57345000,126.64583333,410.15894404
episode_2020-07-01_2022-07-01,overlapping_2y_episode,2020-07-01,2022-07-01 00:00:00,8,2,least_trades,0.90000000,1000.00000000,1,3858,7716,7716,7716,1.00000000,1.00000000,1.00000000,11706.21111111,475492.00000000,6715.20000000,8,1600.00000000,2600.00000000,2000.00000000,2,10,2,0,False,2,0.25000000,0,6,8,6,1800.00000000,1620.00000000,2220.00000000,8899.40000000,0.00000000,-380.00000000,-380.00000000,7923.49000000,-0.14615385,292.97916667,0.00000000
episode_2020-07-01_2022-07-01,overlapping_2y_episode,2020-07-01,2022-07-01 00:00:00,8,2,max_headroom,0.90000000,1000.00000000,1,3858,7716,7716,7716,1.00000000,1.00000000,1.00000000,11706.21111111,475492.00000000,6715.20000000,8,1600.00000000,2600.00000000,1600.00000000,0,8,0,0,False,0,0.00000000,0,8,8,4,4400.00000000,3960.00000000,4960.00000000,2315.20000000,0.00000000,2360.00000000,2360.00000000,6899.15000000,0.90769231,490.87500000,538.55988525
episode_2020-07-01_2022-07-01,overlapping_2y_episode,2020-07-01,2022-07-01 00:00:00,8,2,protect_frozen,0.90000000,1000.00000000,1,3858,7716,7714,7714,0.99974080,1.00000000,0.99948160,11704.91111111,475314.00000000,6895.30000000,8,1600.00000000,2600.00000000,3200.00000000,8,16,8,0,False,2,0.25000000,0,6,8,7,2600.00000000,2340.00000000,1740.00000000,14625.85000000,154.71000000,-860.00000000,-705.29000000,12303.89500000,-0.27126538,607.31250000,219.79475511
episode_2020-07-01_2022-07-01,overlapping_2y_episode,2020-07-01,2022-07-01 00:00:00,8,2,stable_hash,0.90000000,1000.00000000,1,3858,7716,7716,7716,1.00000000,1.00000000,1.00000000,11706.21111111,475492.00000000,6715.20000000,8,1600.00000000,2600.00000000,2200.00000000,3,11,3,0,False,1,0.12500000,0,7,8,5,4600.00000000,4140.00000000,4540.00000000,7729.10000000,299.43000000,1940.00000000,2239.43000000,9414.99500000,0.86131923,475.97916667,252.28790597
episode_2020-07-01_2022-07-01,overlapping_2y_episode,2020-07-01,2022-07-01 00:00:00,10,2,round_robin,0.90000000,1000.00000000,1,3858,7716,7716,7716,1.00000000,1.00000000,1.00000000,11706.21111111,475492.00000000,6715.20000000,8,2000.00000000,3000.00000000,2000.00000000,0,10,0,0,False,0,0.00000000,0,10,10,4,1600.00000000,1440.00000000,2440.00000000,5115.20000000,0.00000000,-560.00000000,-560.00000000,6902.35000000,-0.18666667,635.70833333,2.57681975
episode_2020-07-01_2022-07-01,overlapping_2y_episode,2020-07-01,2022-07-01 00:00:00,10,2,least_trades,0.90000000,1000.00000000,1,3858,7716,7716,7716,1.00000000,1.00000000,1.00000000,11706.21111111,475492.00000000,6715.20000000,8,2000.00000000,3000.00000000,3200.00000000,6,16,6,0,False,2,0.20000000,0,8,10,4,1400.00000000,1260.00000000,1060.00000000,12522.25000000,105.39000000,-1940.00000000,-1834.61000000,9330.65500000,-0.61153667,601.52083333,262.00047710
episode_2020-07-01_2022-07-01,overlapping_2y_episode,2020-07-01,2022-07-01 00:00:00,10,2,max_headroom,0.90000000,1000.00000000,1,3858,7716,7716,7716,1.00000000,1.00000000,1.00000000,11706.21111111,475492.00000000,6715.20000000,8,2000.00000000,3000.00000000,2000.00000000,0,10,0,0,False,0,0.00000000,0,10,10,6,5600.00000000,5040.00000000,6040.00000000,1115.20000000,0.00000000,3040.00000000,3040.00000000,9860.02000000,1.01333333,485.95833333,543.26185215
episode_2020-07-01_2022-07-01,overlapping_2y_episode,2020-07-01,2022-07-01 00:00:00,10,2,protect_frozen,0.90000000,1000.00000000,1,3858,7716,7716,7716,1.00000000,1.00000000,1.00000000,11706.21111111,475492.00000000,6715.20000000,8,2000.00000000,3000.00000000,3400.00000000,7,17,7,0,False,2,0.20000000,0,8,10,7,600.00000000,540.00000000,140.00000000,15764.15000000,101.79000000,-2860.00000000,-2758.21000000,12132.47000000,-0.91940333,644.35416667,252.15870003
episode_2020-07-01_2022-07-01,overlapping_2y_episode,2020-07-01,2022-07-01 00:00:00,10,2,stable_hash,0.90000000,1000.00000000,1,3858,7716,7716,7716,1.00000000,1.00000000,1.00000000,11706.21111111,475492.00000000,6715.20000000,8,2000.00000000,3000.00000000,2800.00000000,4,14,4,0,False,1,0.10000000,0,9,10,5,2400.00000000,2160.00000000,2360.00000000,9794.40000000,0.00000000,-640.00000000,-640.00000000,9961.95500000,-0.21333333,425.70833333,260.85850571
episode_2020-07-01_2022-07-01,overlapping_2y_episode,2020-07-01,2022-07-01 00:00:00,12,2,round_robin,0.90000000,1000.00000000,1,3858,7716,7716,7716,1.00000000,1.00000000,1.00000000,11706.21111111,475492.00000000,6715.20000000,8,2400.00000000,3400.00000000,2800.00000000,2,14,2,0,False,2,0.16666667,0,10,12,4,2800.00000000,2520.00000000,3120.00000000,7084.20000000,314.41500000,-280.00000000,34.41500000,8360.04500000,0.01012206,561.66666667,182.61495618
episode_2020-07-01_2022-07-01,overlapping_2y_episode,2020-07-01,2022-07-01 00:00:00,12,2,least_trades,0.90000000,1000.00000000,1,3858,7716,7716,7716,1.00000000,1.00000000,1.00000000,11706.21111111,475492.00000000,6715.20000000,8,2400.00000000,3400.00000000,3400.00000000,5,17,5,0,False,2,0.16666667,0,10,12,5,4000.00000000,3600.00000000,3600.00000000,10360.60000000,1137.01500000,200.00000000,1337.01500000,12237.50000000,0.39323971,288.83333333,180.76335051
episode_2020-07-01_2022-07-01,overlapping_2y_episode,2020-07-01,2022-07-01 00:00:00,12,2,max_headroom,0.90000000,1000.00000000,1,3858,7716,7716,7716,1.00000000,1.00000000,1.00000000,11706.21111111,475492.00000000,6715.20000000,8,2400.00000000,3400.00000000,2400.00000000,0,12,0,0,False,0,0.00000000,0,12,12,4,4800.00000000,4320.00000000,5320.00000000,1915.20000000,0.00000000,1920.00000000,1920.00000000,8721.66000000,0.56470588,471.95833333,588.27912876
episode_2020-07-01_2022-07-01,overlapping_2y_episode,2020-07-01,2022-07-01 00:00:00,12,2,protect_frozen,0.90000000,1000.00000000,1,3858,7716,7716,7716,1.00000000,1.00000000,1.00000000,11706.21111111,475492.00000000,6715.20000000,8,2400.00000000,3400.00000000,3400.00000000,5,17,6,0,False,2,0.16666667,0,10,11,7,0.00000000,0.00000000,0.00000000,17367.60000000,664.83000000,-3400.00000000,-2735.17000000,13242.53000000,-0.80446176,,208.98475566
episode_2020-07-01_2022-07-01,overlapping_2y_episode,2020-07-01,2022-07-01 00:00:00,12,2,stable_hash,0.90000000,1000.00000000,1,3858,7716,7716,7716,1.00000000,1.00000000,1.00000000,11706.21111111,475492.00000000,6715.20000000,8,2400.00000000,3400.00000000,3400.00000000,5,17,5,0,False,1,0.08333333,0,11,12,4,4000.00000000,3600.00000000,3600.00000000,11248.15000000,324.90000000,200.00000000,524.90000000,11077.22000000,0.15438235,419.41666667,259.43189804
episode_2020-07-01_2022-07-01,overlapping_2y_episode,2020-07-01,2022-07-01 00:00:00,15,2,round_robin,0.90000000,1000.00000000,1,3858,7716,7716,7716,1.00000000,1.00000000,1.00000000,11706.21111111,475492.00000000,6715.20000000,8,3000.00000000,4000.00000000,3800.00000000,4,19,4,0,False,1,0.06666667,0,14,15,5,1200.00000000,1080.00000000,1280.00000000,12198.60000000,286.47000000,-2720.00000000,-2433.53000000,10752.37000000,-0.60838250,575.68750000,168.41068850
episode_2020-07-01_2022-07-01,overlapping_2y_episode,2020-07-01,2022-07-01 00:00:00,15,2,least_trades,0.90000000,1000.00000000,1,3858,7716,7716,7716,1.00000000,1.00000000,1.00000000,11706.21111111,475492.00000000,6715.20000000,8,3000.00000000,4000.00000000,3800.00000000,4,19,4,0,False,1,0.06666667,0,14,15,4,2400.00000000,2160.00000000,2360.00000000,10840.75000000,996.61500000,-1640.00000000,-643.38500000,9917.84500000,-0.16084625,261.41666667,116.97160149
episode_2020-07-01_2022-07-01,overlapping_2y_episode,2020-07-01,2022-07-01 00:00:00,15,2,max_headroom,0.90000000,1000.00000000,1,3858,7716,7716,7716,1.00000000,1.00000000,1.00000000,11706.21111111,475492.00000000,6715.20000000,8,3000.00000000,4000.00000000,3000.00000000,0,15,0,0,False,0,0.00000000,0,15,15,4,6600.00000000,5940.00000000,6940.00000000,115.20000000,0.00000000,2940.00000000,2940.00000000,9799.75500000,0.73500000,470.62500000,504.79035913
episode_2020-07-01_2022-07-01,overlapping_2y_episode,2020-07-01,2022-07-01 00:00:00,15,2,protect_frozen,0.90000000,1000.00000000,1,3858,7716,7716,7716,1.00000000,1.00000000,1.00000000,11706.21111111,475492.00000000,6715.20000000,8,3000.00000000,4000.00000000,3800.00000000,4,19,4,0,False,1,0.06666667,0,14,15,7,0.00000000,0.00000000,200.00000000,12618.20000000,86.76000000,-3800.00000000,-3713.24000000,11950.00000000,-0.92831000,,204.61078499
episode_2020-07-01_2022-07-01,overlapping_2y_episode,2020-07-01,2022-07-01 00:00:00,15,2,stable_hash,0.90000000,1000.00000000,1,3858,7716,7716,7716,1.00000000,1.00000000,1.00000000,11706.21111111,475492.00000000,6715.20000000,8,3000.00000000,4000.00000000,3800.00000000,4,19,4,0,False,1,0.06666667,0,14,15,5,2400.00000000,2160.00000000,2360.00000000,10204.30000000,0.00000000,-1640.00000000,-1640.00000000,9443.14000000,-0.41000000,425.70833333,186.55418039
episode_2020-07-01_2022-07-01,overlapping_2y_episode,2020-07-01,2022-07-01 00:00:00,20,2,round_robin,0.90000000,1000.00000000,1,3858,7716,7716,7716,1.00000000,1.00000000,1.00000000,11706.21111111,475492.00000000,6715.20000000,8,4000.00000000,5000.00000000,5200.00000000,6,26,6,0,False,2,0.10000000,0,18,20,2,2400.00000000,2160.00000000,1960.00000000,14098.00000000,1223.46000000,-3040.00000000,-1816.54000000,13412.99000000,-0.36330800,618.56250000,135.97793939
episode_2020-07-01_2022-07-01,overlapping_2y_episode,2020-07-01,2022-07-01 00:00:00,20,2,least_trades,0.90000000,1000.00000000,1,3858,7716,7716,7716,1.00000000,1.00000000,1.00000000,11706.21111111,475492.00000000,6715.20000000,8,4000.00000000,5000.00000000,5000.00000000,5,25,5,0,False,2,0.10000000,0,18,20,6,2800.00000000,2520.00000000,2520.00000000,14744.40000000,2040.34500000,-2480.00000000,-439.65500000,16631.14000000,-0.08793100,607.39583333,58.18023719
episode_2020-07-01_2022-07-01,overlapping_2y_episode,2020-07-01,2022-07-01 00:00:00,20,2,max_headroom,0.90000000,1000.00000000,1,3858,7716,7716,7716,1.00000000,1.00000000,1.00000000,11706.21111111,475492.00000000,6715.20000000,8,4000.00000000,5000.00000000,4000.00000000,0,20,0,0,False,0,0.00000000,0,20,20,6,7200.00000000,6480.00000000,7480.00000000,-484.80000000,0.00000000,2480.00000000,2480.00000000,9963.23000000,0.49600000,288.72916667,429.75593073
episode_2020-07-01_2022-07-01,overlapping_2y_episode,2020-07-01,2022-07-01 00:00:00,20,2,protect_frozen,0.90000000,1000.00000000,1,3858,7716,7716,7716,1.00000000,1.00000000,1.00000000,11706.21111111,475492.00000000,6715.20000000,8,4000.00000000,5000.00000000,5000.00000000,5,25,5,0,False,2,0.10000000,0,18,20,6,0.00000000,0.00000000,0.00000000,17444.10000000,142.33500000,-5000.00000000,-4857.66500000,13307.12500000,-0.97153300,,72.82128810
episode_2020-07-01_2022-07-01,overlapping_2y_episode,2020-07-01,2022-07-01 00:00:00,20,2,stable_hash,0.90000000,1000.00000000,1,3858,7716,7716,7716,1.00000000,1.00000000,1.00000000,11706.21111111,475492.00000000,6715.20000000,8,4000.00000000,5000.00000000,4600.00000000,3,23,3,0,False,1,0.05000000,0,19,20,6,1200.00000000,1080.00000000,1480.00000000,10984.35000000,0.00000000,-3520.00000000,-3520.00000000,11691.44000000,-0.70400000,425.70833333,111.10772925
episode_2020-07-01_2022-07-01,overlapping_2y_episode,2020-07-01,2022-07-01 00:00:00,6,3,round_robin,0.90000000,1000.00000000,1,3858,11574,11037,11037,0.95360290,0.95360290,0.95360290,17084.10000000,688195.50000000,10456.65000000,6,1200.00000000,2200.00000000,1800.00000000,3,9,3,0,False,3,0.50000000,0,3,6,6,7400.00000000,6660.00000000,7060.00000000,9054.70000000,0.00000000,4860.00000000,4860.00000000,13009.23000000,2.20909091,470.72916667,450.67652849
episode_2020-07-01_2022-07-01,overlapping_2y_episode,2020-07-01,2022-07-01 00:00:00,6,3,least_trades,0.90000000,1000.00000000,1,3858,11574,11033,11033,0.95325730,0.95360290,0.95308450,17077.97777778,687995.50000000,10195.85000000,6,1200.00000000,2200.00000000,3400.00000000,11,17,11,0,False,3,0.50000000,0,3,6,5,11400.00000000,10260.00000000,9060.00000000,11850.60000000,1704.82500000,6860.00000000,8564.82500000,17526.17000000,3.89310227,239.70833333,473.59933840
episode_2020-07-01_2022-07-01,overlapping_2y_episode,2020-07-01,2022-07-01 00:00:00,6,3,max_headroom,0.90000000,1000.00000000,1,3858,11574,11037,11037,0.95360290,0.95360290,0.95360290,17084.10000000,688195.50000000,10456.65000000,6,1200.00000000,2200.00000000,1800.00000000,3,9,3,0,False,3,0.50000000,0,3,6,6,9000.00000000,8100.00000000,8500.00000000,6409.50000000,0.00000000,6300.00000000,6300.00000000,12068.55000000,2.86363636,190.70833333,768.00000000
episode_2020-07-01_2022-07-01,overlapping_2y_episode,2020-07-01,2022-07-01 00:00:00,6,3,protect_frozen,0.90000000,1000.00000000,1,3858,11574,11033,11033,0.95325730,0.95360290,0.95308450,17077.97777778,687995.50000000,10195.85000000,6,1200.00000000,2200.00000000,3400.00000000,11,17,11,0,False,3,0.50000000,0,3,6,5,11400.00000000,10260.00000000,9060.00000000,11850.60000000,1704.82500000,6860.00000000,8564.82500000,17526.17000000,3.89310227,239.70833333,473.59933840
episode_2020-07-01_2022-07-01,overlapping_2y_episode,2020-07-01,2022-07-01 00:00:00,6,3,stable_hash,0.90000000,1000.00000000,1,3858,11574,11037,11037,0.95360290,0.95360290,0.95360290,17084.10000000,688195.50000000,10456.65000000,6,1200.00000000,2200.00000000,2200.00000000,5,11,5,0,False,1,0.16666667,0,5,6,5,9000.00000000,8100.00000000,8100.00000000,7944.60000000,699.34500000,5900.00000000,6599.34500000,13101.62000000,2.99970227,259.85416667,713.52193768
episode_2020-07-01_2022-07-01,overlapping_2y_episode,2020-07-01,2022-07-01 00:00:00,8,3,round_robin,0.90000000,1000.00000000,1,3858,11574,11353,11353,0.98090548,0.99455677,0.95360290,17379.35555556,702881.50000000,11566.85000000,8,1600.00000000,2600.00000000,3400.00000000,9,17,9,0,False,1,0.12500000,0,7,8,5,9600.00000000,8640.00000000,7840.00000000,13198.30000000,2633.40000000,5240.00000000,7873.40000000,17931.80000000,3.02823077,173.79166667,592.20472600
episode_2020-07-01_2022-07-01,overlapping_2y_episode,2020-07-01,2022-07-01 00:00:00,8,3,least_trades,0.90000000,1000.00000000,1,3858,11574,11317,11317,0.97779506,0.99455677,0.95360290,17348.07777778,701999.00000000,11299.15000000,8,1600.00000000,2600.00000000,3400.00000000,9,17,9,0,False,2,0.25000000,0,6,8,6,8200.00000000,7380.00000000,6580.00000000,12630.30000000,1212.93000000,3980.00000000,5192.93000000,15914.99000000,1.99728077,489.66666667,493.63853172
episode_2020-07-01_2022-07-01,overlapping_2y_episode,2020-07-01,2022-07-01 00:00:00,8,3,max_headroom,0.90000000,1000.00000000,1,3858,11574,11352,11352,0.98081908,0.99455677,0.95360290,17379.02777778,702866.50000000,11582.90000000,8,1600.00000000,2600.00000000,2000.00000000,2,10,2,0,False,2,0.25000000,0,6,8,6,6400.00000000,5760.00000000,6360.00000000,5934.50000000,0.00000000,3760.00000000,3760.00000000,9509.24500000,1.44615385,583.31250000,376.98532796
episode_2020-07-01_2022-07-01,overlapping_2y_episode,2020-07-01,2022-07-01 00:00:00,8,3,protect_frozen,0.90000000,1000.00000000,1,3858,11574,11353,11353,0.98090548,0.99455677,0.95360290,17379.35555556,702881.50000000,11566.85000000,8,1600.00000000,2600.00000000,3800.00000000,11,19,11,0,False,2,0.25000000,0,6,8,6,7400.00000000,6660.00000000,5460.00000000,14105.90000000,494.55000000,2860.00000000,3354.55000000,15555.94000000,1.29021154,478.56250000,451.03325820
episode_2020-07-01_2022-07-01,overlapping_2y_episode,2020-07-01,2022-07-01 00:00:00,8,3,stable_hash,0.90000000,1000.00000000,1,3858,11574,11353,11353,0.98090548,0.99455677,0.95360290,17379.35555556,702881.50000000,11566.85000000,8,1600.00000000,2600.00000000,2800.00000000,6,14,6,0,False,1,0.12500000,0,7,8,5,6600.00000000,5940.00000000,5740.00000000,9018.00000000,1099.89000000,3140.00000000,4239.89000000,13833.08000000,1.63072692,295.39583333,623.08922916
episode_2020-07-01_2022-07-01,overlapping_2y_episode,2020-07-01,2022-07-01 00:00:00,10,3,round_robin,0.90000000,1000.00000000,1,3858,11574,11532,11532,0.99637118,1.00000000,0.99455677,17537.76111111,711229.00000000,11438.90000000,10,2000.00000000,3000.00000000,3200.00000000,6,16,6,0,False,1,0.10000000,0,9,10,8,7200.00000000,6480.00000000,6280.00000000,12295.75000000,0.00000000,3280.00000000,3280.00000000,15390.22000000,1.09333333,569.77083333,408.95531541
episode_2020-07-01_2022-07-01,overlapping_2y_episode,2020-07-01,2022-07-01 00:00:00,10,3,least_trades,0.90000000,1000.00000000,1,3858,11574,11532,11532,0.99637118,1.00000000,0.99455677,17537.76111111,711229.00000000,11438.90000000,10,2000.00000000,3000.00000000,4000.00000000,10,20,10,0,False,2,0.20000000,0,8,10,8,7200.00000000,6480.00000000,5480.00000000,16044.55000000,717.97500000,2480.00000000,3197.97500000,17055.99500000,1.06599167,128.97916667,347.95041313
episode_2020-07-01_2022-07-01,overlapping_2y_episode,2020-07-01,2022-07-01 00:00:00,10,3,max_headroom,0.90000000,1000.00000000,1,3858,11574,11532,11532,0.99637118,1.00000000,0.99455677,17537.76111111,711229.00000000,11438.90000000,10,2000.00000000,3000.00000000,2000.00000000,0,10,0,0,False,0,0.00000000,0,10,10,7,6800.00000000,6120.00000000,7120.00000000,4638.90000000,0.00000000,4120.00000000,4120.00000000,10994.74000000,1.37333333,118.54166667,606.36124546
episode_2020-07-01_2022-07-01,overlapping_2y_episode,2020-07-01,2022-07-01 00:00:00,10,3,protect_frozen,0.90000000,1000.00000000,1,3858,11574,11531,11531,0.99628478,0.99974080,0.99455677,17537.35555556,711173.50000000,11449.45000000,10,2000.00000000,3000.00000000,4000.00000000,10,20,10,0,False,3,0.30000000,0,7,10,8,5800.00000000,5220.00000000,4220.00000000,18037.90000000,75.60000000,1220.00000000,1295.60000000,17454.74000000,0.43186667,209.97916667,350.31294581
episode_2020-07-01_2022-07-01,overlapping_2y_episode,2020-07-01,2022-07-01 00:00:00,10,3,stable_hash,0.90000000,1000.00000000,1,3858,11574,11532,11532,0.99637118,1.00000000,0.99455677,17537.76111111,711229.00000000,11438.90000000,10,2000.00000000,3000.00000000,3000.00000000,5,15,5,0,False,1,0.10000000,0,9,10,7,5800.00000000,5220.00000000,5220.00000000,9983.35000000,0.00000000,2220.00000000,2220.00000000,13179.39000000,0.74000000,491.66666667,426.46853342
episode_2020-07-01_2022-07-01,overlapping_2y_episode,2020-07-01,2022-07-01 00:00:00,12,3,round_robin,0.90000000,1000.00000000,1,3858,11574,11574,11574,1.00000000,1.00000000,1.00000000,17559.31666667,713238.00000000,10072.80000000,12,2400.00000000,3400.00000000,3400.00000000,5,17,5,0,False,3,0.25000000,0,9,12,7,5200.00000000,4680.00000000,4680.00000000,12927.55000000,830.97000000,1280.00000000,2110.97000000,14085.38000000,0.62087353,126.64583333,391.04350248
episode_2020-07-01_2022-07-01,overlapping_2y_episode,2020-07-01,2022-07-01 00:00:00,12,3,least_trades,0.90000000,1000.00000000,1,3858,11574,11574,11574,1.00000000,1.00000000,1.00000000,17559.31666667,713238.00000000,10072.80000000,12,2400.00000000,3400.00000000,3000.00000000,3,15,3,0,False,3,0.25000000,0,9,12,9,3000.00000000,2700.00000000,3100.00000000,13049.10000000,0.00000000,-300.00000000,-300.00000000,11444.19000000,-0.08823529,292.97916667,0.00000000
episode_2020-07-01_2022-07-01,overlapping_2y_episode,2020-07-01,2022-07-01 00:00:00,12,3,max_headroom,0.90000000,1000.00000000,1,3858,11574,11574,11574,1.00000000,1.00000000,1.00000000,17559.31666667,713238.00000000,10072.80000000,12,2400.00000000,3400.00000000,2400.00000000,0,12,0,0,False,0,0.00000000,0,12,12,6,6600.00000000,5940.00000000,6940.00000000,3472.80000000,0.00000000,3540.00000000,3540.00000000,10348.72500000,1.04117647,490.87500000,538.55988525
episode_2020-07-01_2022-07-01,overlapping_2y_episode,2020-07-01,2022-07-01 00:00:00,12,3,protect_frozen,0.90000000,1000.00000000,1,3858,11574,11564,11564,0.99913599,1.00000000,0.99740798,17553.55000000,712847.50000000,10427.80000000,12,2400.00000000,3400.00000000,4600.00000000,11,23,12,0,False,3,0.25000000,0,9,11,9,1400.00000000,1260.00000000,60.00000000,20246.15000000,1.80000000,-3340.00000000,-3338.20000000,15017.88500000,-0.98182353,625.35416667,351.55940683
episode_2020-07-01_2022-07-01,overlapping_2y_episode,2020-07-01,2022-07-01 00:00:00,12,3,stable_hash,0.90000000,1000.00000000,1,3858,11574,11574,11574,1.00000000,1.00000000,1.00000000,17559.31666667,713238.00000000,10072.80000000,12,2400.00000000,3400.00000000,3600.00000000,6,18,6,0,False,1,0.08333333,0,11,12,6,5600.00000000,5040.00000000,4840.00000000,12775.20000000,1211.62500000,1440.00000000,2651.62500000,13520.25000000,0.77988971,489.33333333,355.21843827
episode_2020-07-01_2022-07-01,overlapping_2y_episode,2020-07-01,2022-07-01 00:00:00,15,3,round_robin,0.90000000,1000.00000000,1,3858,11574,11574,11574,1.00000000,1.00000000,1.00000000,17559.31666667,713238.00000000,10072.80000000,12,3000.00000000,4000.00000000,3000.00000000,0,15,0,0,False,0,0.00000000,0,15,15,6,2400.00000000,2160.00000000,3160.00000000,7672.80000000,0.00000000,-840.00000000,-840.00000000,10353.52500000,-0.21000000,635.70833333,2.57681975
episode_2020-07-01_2022-07-01,overlapping_2y_episode,2020-07-01,2022-07-01 00:00:00,15,3,least_trades,0.90000000,1000.00000000,1,3858,11574,11574,11574,1.00000000,1.00000000,1.00000000,17559.31666667,713238.00000000,10072.80000000,12,3000.00000000,4000.00000000,4800.00000000,9,24,9,0,False,3,0.20000000,0,12,15,4,2400.00000000,2160.00000000,1360.00000000,18338.80000000,412.33500000,-2640.00000000,-2227.66500000,13888.14000000,-0.55691625,601.52083333,262.30054009
episode_2020-07-01_2022-07-01,overlapping_2y_episode,2020-07-01,2022-07-01 00:00:00,15,3,max_headroom,0.90000000,1000.00000000,1,3858,11574,11574,11574,1.00000000,1.00000000,1.00000000,17559.31666667,713238.00000000,10072.80000000,12,3000.00000000,4000.00000000,3000.00000000,0,15,0,0,False,0,0.00000000,0,15,15,9,8400.00000000,7560.00000000,8560.00000000,1672.80000000,0.00000000,4560.00000000,4560.00000000,14790.03000000,1.14000000,485.95833333,543.26185215
episode_2020-07-01_2022-07-01,overlapping_2y_episode,2020-07-01,2022-07-01 00:00:00,15,3,protect_frozen,0.90000000,1000.00000000,1,3858,11574,11574,11574,1.00000000,1.00000000,1.00000000,17559.31666667,713238.00000000,10072.80000000,12,3000.00000000,4000.00000000,5200.00000000,11,26,11,0,False,3,0.20000000,0,12,15,12,1600.00000000,1440.00000000,240.00000000,27749.00000000,49.90500000,-3760.00000000,-3710.09500000,21350.45000000,-0.92752375,625.89583333,236.27460483
episode_2020-07-01_2022-07-01,overlapping_2y_episode,2020-07-01,2022-07-01 00:00:00,15,3,stable_hash,0.90000000,1000.00000000,1,3858,11574,11574,11574,1.00000000,1.00000000,1.00000000,17559.31666667,713238.00000000,10072.80000000,12,3000.00000000,4000.00000000,4600.00000000,8,23,8,0,False,1,0.06666667,0,14,15,6,5600.00000000,5040.00000000,4440.00000000,15834.90000000,496.30500000,440.00000000,936.30500000,15437.10500000,0.23407625,289.60416667,306.98147610
episode_2020-07-01_2022-07-01,overlapping_2y_episode,2020-07-01,2022-07-01 00:00:00,20,3,round_robin,0.90000000,1000.00000000,1,3858,11574,11574,11574,1.00000000,1.00000000,1.00000000,17559.31666667,713238.00000000,10072.80000000,12,4000.00000000,5000.00000000,5800.00000000,9,29,9,0,False,1,0.05000000,0,19,20,7,5600.00000000,5040.00000000,4240.00000000,17627.35000000,2018.97000000,-760.00000000,1258.97000000,18325.40000000,0.25179400,264.66666667,259.11276985
episode_2020-07-01_2022-07-01,overlapping_2y_episode,2020-07-01,2022-07-01 00:00:00,20,3,least_trades,0.90000000,1000.00000000,1,3858,11574,11574,11574,1.00000000,1.00000000,1.00000000,17559.31666667,713238.00000000,10072.80000000,12,4000.00000000,5000.00000000,5600.00000000,8,28,8,0,False,2,0.10000000,0,18,20,6,2600.00000000,2340.00000000,1740.00000000,18677.95000000,1327.99500000,-3260.00000000,-1932.00500000,16192.69000000,-0.38640100,499.77083333,151.85074086
episode_2020-07-01_2022-07-01,overlapping_2y_episode,2020-07-01,2022-07-01 00:00:00,20,3,max_headroom,0.90000000,1000.00000000,1,3858,11574,11574,11574,1.00000000,1.00000000,1.00000000,17559.31666667,713238.00000000,10072.80000000,12,4000.00000000,5000.00000000,4000.00000000,0,20,0,0,False,0,0.00000000,0,20,20,8,7400.00000000,6660.00000000,7660.00000000,2672.80000000,0.00000000,2660.00000000,2660.00000000,12744.99500000,0.53200000,126.20833333,422.74437903
episode_2020-07-01_2022-07-01,overlapping_2y_episode,2020-07-01,2022-07-01 00:00:00,20,3,protect_frozen,0.90000000,1000.00000000,1,3858,11574,11574,11574,1.00000000,1.00000000,1.00000000,17559.31666667,713238.00000000,10072.80000000,12,4000.00000000,5000.00000000,5000.00000000,5,25,7,0,False,2,0.10000000,0,18,18,8,0.00000000,0.00000000,0.00000000,19301.60000000,567.67500000,-5000.00000000,-4432.32500000,15260.66500000,-0.88646500,,105.68138699
episode_2020-07-01_2022-07-01,overlapping_2y_episode,2020-07-01,2022-07-01 00:00:00,20,3,stable_hash,0.90000000,1000.00000000,1,3858,11574,11574,11574,1.00000000,1.00000000,1.00000000,17559.31666667,713238.00000000,10072.80000000,12,4000.00000000,5000.00000000,5200.00000000,6,26,6,0,False,1,0.05000000,0,19,20,7,5200.00000000,4680.00000000,4480.00000000,14112.75000000,383.17500000,-520.00000000,-136.82500000,16459.58000000,-0.02736500,370.60416667,186.30428739
episode_2020-07-01_2022-07-01,overlapping_2y_episode,2020-07-01,2022-07-01 00:00:00,8,4,round_robin,0.90000000,1000.00000000,1,3858,15432,14715,14715,0.95353810,0.95360290,0.95334370,22778.35000000,917566.00000000,13971.25000000,8,1600.00000000,2600.00000000,2400.00000000,4,12,4,0,False,4,0.50000000,0,4,8,8,10200.00000000,9180.00000000,9380.00000000,11768.65000000,0.00000000,6780.00000000,6780.00000000,17371.78500000,2.60769231,470.72916667,451.63742026
episode_2020-07-01_2022-07-01,overlapping_2y_episode,2020-07-01,2022-07-01 00:00:00,8,4,least_trades,0.90000000,1000.00000000,1,3858,15432,14709,14709,0.95314930,0.95360290,0.95282530,22768.34444444,917241.50000000,13457.05000000,8,1600.00000000,2600.00000000,4000.00000000,12,20,12,0,False,4,0.50000000,0,4,8,8,17000.00000000,15300.00000000,13900.00000000,12257.90000000,288.72000000,11300.00000000,11588.72000000,22332.11000000,4.45720000,238.97916667,0.50000000
episode_2020-07-01_2022-07-01,overlapping_2y_episode,2020-07-01,2022-07-01 00:00:00,8,4,max_headroom,0.90000000,1000.00000000,1,3858,15432,14715,14715,0.95353810,0.95360290,0.95334370,22778.70000000,917533.00000000,14004.25000000,8,1600.00000000,2600.00000000,2400.00000000,4,12,4,0,False,4,0.50000000,0,4,8,8,10800.00000000,9720.00000000,9920.00000000,9808.05000000,0.00000000,7320.00000000,7320.00000000,16147.24500000,2.81538462,190.70833333,787.12394791
episode_2020-07-01_2022-07-01,overlapping_2y_episode,2020-07-01,2022-07-01 00:00:00,8,4,protect_frozen,0.90000000,1000.00000000,1,3858,15432,14709,14709,0.95314930,0.95360290,0.95282530,22768.34444444,917241.50000000,13457.05000000,8,1600.00000000,2600.00000000,4000.00000000,12,20,12,0,False,4,0.50000000,0,4,8,8,17000.00000000,15300.00000000,13900.00000000,12257.90000000,288.72000000,11300.00000000,11588.72000000,22332.11000000,4.45720000,238.97916667,0.50000000
episode_2020-07-01_2022-07-01,overlapping_2y_episode,2020-07-01,2022-07-01 00:00:00,8,4,stable_hash,0.90000000,1000.00000000,1,3858,15432,14716,14716,0.95360290,0.95360290,0.95360290,22778.80000000,917594.00000000,13942.20000000,8,1600.00000000,2600.00000000,3000.00000000,7,15,7,0,False,1,0.12500000,0,7,8,7,10000.00000000,9000.00000000,8600.00000000,11321.75000000,0.00000000,6000.00000000,6000.00000000,16533.55500000,2.30769231,131.12500000,577.83019510
episode_2020-07-01_2022-07-01,overlapping_2y_episode,2020-07-01,2022-07-01 00:00:00,10,4,round_robin,0.90000000,1000.00000000,1,3858,15432,15003,15003,0.97220062,0.99455677,0.95360290,23046.06111111,931592.50000000,14964.85000000,10,2000.00000000,3000.00000000,3800.00000000,9,19,9,0,False,2,0.20000000,0,8,10,7,8200.00000000,7380.00000000,6580.00000000,12656.15000000,355.50000000,3580.00000000,3935.50000000,15062.87500000,1.31183333,447.43750000,665.37764465
episode_2020-07-01_2022-07-01,overlapping_2y_episode,2020-07-01,2022-07-01 00:00:00,10,4,least_trades,0.90000000,1000.00000000,1,3858,15432,15032,15032,0.97407983,0.99455677,0.95360290,23074.05555556,932280.00000000,15052.40000000,10,2000.00000000,3000.00000000,3800.00000000,9,19,9,0,False,2,0.20000000,0,8,10,6,7600.00000000,6840.00000000,6040.00000000,12385.90000000,711.63000000,3040.00000000,3751.63000000,15119.75500000,1.25054333,128.97916667,600.28839736
episode_2020-07-01_2022-07-01,overlapping_2y_episode,2020-07-01,2022-07-01 00:00:00,10,4,max_headroom,0.90000000,1000.00000000,1,3858,15432,15032,15032,0.97407983,0.99455677,0.95360290,23074.05555556,932280.00000000,15052.40000000,10,2000.00000000,3000.00000000,2800.00000000,4,14,4,0,False,2,0.20000000,0,8,10,8,8800.00000000,7920.00000000,8120.00000000,10430.70000000,0.00000000,5120.00000000,5120.00000000,14507.63000000,1.70666667,190.14583333,617.04930111
episode_2020-07-01_2022-07-01,overlapping_2y_episode,2020-07-01,2022-07-01 00:00:00,10,4,protect_frozen,0.90000000,1000.00000000,1,3858,15432,15030,15030,0.97395023,0.99455677,0.95308450,23070.99444444,932180.00000000,14922.00000000,10,2000.00000000,3000.00000000,5200.00000000,16,26,16,0,False,4,0.40000000,0,6,10,7,16200.00000000,14580.00000000,12380.00000000,19379.20000000,3712.81500000,9380.00000000,13092.81500000,28099.14500000,4.36427167,216.75000000,469.28162120
episode_2020-07-01_2022-07-01,overlapping_2y_episode,2020-07-01,2022-07-01 00:00:00,10,4,stable_hash,0.90000000,1000.00000000,1,3858,15432,15032,15032,0.97407983,0.99455677,0.95360290,23074.05555556,932280.00000000,15052.40000000,10,2000.00000000,3000.00000000,3400.00000000,7,17,7,0,False,1,0.10000000,0,9,10,7,9000.00000000,8100.00000000,7700.00000000,13662.00000000,1201.45500000,4700.00000000,5901.45500000,17743.43000000,1.96715167,264.52083333,627.62887123
episode_2020-07-01_2022-07-01,overlapping_2y_episode,2020-07-01,2022-07-01 00:00:00,12,4,round_robin,0.90000000,1000.00000000,1,3858,15432,15348,15348,0.99455677,0.99455677,0.99455677,23369.31111111,946966.00000000,16162.60000000,12,2400.00000000,3400.00000000,2400.00000000,0,12,0,0,False,0,0.00000000,0,12,12,8,4000.00000000,3600.00000000,4600.00000000,12162.60000000,0.00000000,1200.00000000,1200.00000000,12163.44000000,0.35294118,604.95833333,3.26598632
episode_2020-07-01_2022-07-01,overlapping_2y_episode,2020-07-01,2022-07-01 00:00:00,12,4,least_trades,0.90000000,1000.00000000,1,3858,15432,15348,15348,0.99455677,0.99455677,0.99455677,23369.31111111,946966.00000000,16162.60000000,12,2400.00000000,3400.00000000,3200.00000000,4,16,4,0,False,4,0.33333333,0,8,12,11,6400.00000000,5760.00000000,5960.00000000,15215.80000000,212.26500000,2560.00000000,2772.26500000,16254.22000000,0.81537206,595.89583333,0.47140452
episode_2020-07-01_2022-07-01,overlapping_2y_episode,2020-07-01,2022-07-01 00:00:00,12,4,max_headroom,0.90000000,1000.00000000,1,3858,15432,15348,15348,0.99455677,0.99455677,0.99455677,23369.31111111,946966.00000000,16162.60000000,12,2400.00000000,3400.00000000,2400.00000000,0,12,0,0,False,0,0.00000000,0,12,12,8,12000.00000000,10800.00000000,11800.00000000,4162.60000000,0.00000000,8400.00000000,8400.00000000,15402.54000000,2.47058824,190.70833333,873.89587480
episode_2020-07-01_2022-07-01,overlapping_2y_episode,2020-07-01,2022-07-01 00:00:00,12,4,protect_frozen,0.90000000,1000.00000000,1,3858,15432,15348,15348,0.99455677,0.99455677,0.99455677,23369.31111111,946966.00000000,16162.60000000,12,2400.00000000,3400.00000000,3200.00000000,4,16,4,0,False,4,0.33333333,0,8,12,12,6600.00000000,5940.00000000,6140.00000000,15015.80000000,0.00000000,2740.00000000,2740.00000000,16254.22000000,0.80588235,607.70833333,0.47140452
episode_2020-07-01_2022-07-01,overlapping_2y_episode,2020-07-01,2022-07-01 00:00:00,12,4,stable_hash,0.90000000,1000.00000000,1,3858,15432,15348,15348,0.99455677,0.99455677,0.99455677,23369.31111111,946966.00000000,16162.60000000,12,2400.00000000,3400.00000000,4200.00000000,9,21,9,0,False,1,0.08333333,0,11,12,7,8400.00000000,7560.00000000,6760.00000000,15355.80000000,1198.93500000,3360.00000000,4558.93500000,18270.84000000,1.34086324,468.50000000,532.16499634
episode_2020-07-01_2022-07-01,overlapping_2y_episode,2020-07-01,2022-07-01 00:00:00,15,4,round_robin,0.90000000,1000.00000000,1,3858,15432,15398,15398,0.99779679,1.00000000,0.99455677,23393.37222222,949670.00000000,14390.60000000,15,3000.00000000,4000.00000000,5200.00000000,11,26,11,0,False,1,0.07692308,0,12,15,11,6600.00000000,5940.00000000,4740.00000000,16694.90000000,299.47500000,740.00000000,1039.47500000,16389.69500000,0.25986875,467.70833333,386.61888210
episode_2020-07-01_2022-07-01,overlapping_2y_episode,2020-07-01,2022-07-01 00:00:00,15,4,least_trades,0.90000000,1000.00000000,1,3858,15432,15395,15395,0.99760238,0.99922240,0.99455677,23393.02222222,949173.00000000,14890.75000000,15,3000.00000000,4000.00000000,6200.00000000,16,31,16,0,False,4,0.26666667,0,11,15,8,5800.00000000,5220.00000000,3020.00000000,21885.85000000,2091.64500000,-980.00000000,1111.64500000,18903.43000000,0.27791125,573.87500000,369.27169161
episode_2020-07-01_2022-07-01,overlapping_2y_episode,2020-07-01,2022-07-01 00:00:00,15,4,max_headroom,0.90000000,1000.00000000,1,3858,15432,15411,15411,0.99863919,1.00000000,0.99455677,23401.64444444,949979.50000000,14113.45000000,15,3000.00000000,4000.00000000,3000.00000000,0,15,0,0,False,0,0.00000000,0,15,15,9,9600.00000000,8640.00000000,9640.00000000,4513.45000000,0.00000000,5640.00000000,5640.00000000,14388.40500000,1.41000000,126.20833333,528.32891270
episode_2020-07-01_2022-07-01,overlapping_2y_episode,2020-07-01,2022-07-01 00:00:00,15,4,protect_frozen,0.90000000,1000.00000000,1,3858,15432,15401,15401,0.99799119,1.00000000,0.99455677,23395.87777778,949589.00000000,14468.45000000,15,3000.00000000,4000.00000000,5800.00000000,14,29,14,0,False,4,0.26666667,0,11,15,11,3800.00000000,3420.00000000,1620.00000000,25796.60000000,559.12500000,-2380.00000000,-1820.87500000,21023.10500000,-0.45521875,607.70833333,376.21782107
episode_2020-07-01_2022-07-01,overlapping_2y_episode,2020-07-01,2022-07-01 00:00:00,15,4,stable_hash,0.90000000,1000.00000000,1,3858,15432,15411,15411,0.99863919,1.00000000,0.99455677,23401.64444444,949979.50000000,14113.45000000,15,3000.00000000,4000.00000000,4800.00000000,9,24,9,0,False,1,0.06666667,0,14,15,9,6000.00000000,5400.00000000,4600.00000000,16823.50000000,540.04500000,600.00000000,1140.04500000,17141.23500000,0.28501125,490.87500000,445.32729537
episode_2020-07-01_2022-07-01,overlapping_2y_episode,2020-07-01,2022-07-01 00:00:00,20,4,round_robin,0.90000000,1000.00000000,1,3858,15432,15432,15432,1.00000000,1.00000000,1.00000000,23412.42222222,950984.00000000,13430.40000000,16,4000.00000000,5000.00000000,4000.00000000,0,20,0,0,False,0,0.00000000,0,20,20,8,3200.00000000,2880.00000000,3880.00000000,10230.40000000,0.00000000,-1120.00000000,-1120.00000000,13804.70000000,-0.22400000,635.70833333,2.57681975
episode_2020-07-01_2022-07-01,overlapping_2y_episode,2020-07-01,2022-07-01 00:00:00,20,4,least_trades,0.90000000,1000.00000000,1,3858,15432,15432,15432,1.00000000,1.00000000,1.00000000,23412.42222222,950984.00000000,13430.40000000,16,4000.00000000,5000.00000000,6000.00000000,10,30,10,0,False,4,0.20000000,0,16,20,6,4000.00000000,3600.00000000,2600.00000000,22210.35000000,1728.18000000,-2400.00000000,-671.82000000,18938.05500000,-0.13436400,574.06250000,238.88099024
episode_2020-07-01_2022-07-01,overlapping_2y_episode,2020-07-01,2022-07-01 00:00:00,20,4,max_headroom,0.90000000,1000.00000000,1,3858,15432,15432,15432,1.00000000,1.00000000,1.00000000,23412.42222222,950984.00000000,13430.40000000,16,4000.00000000,5000.00000000,4000.00000000,0,20,0,0,False,0,0.00000000,0,20,20,12,11200.00000000,10080.00000000,11080.00000000,2230.40000000,0.00000000,6080.00000000,6080.00000000,19720.04000000,1.21600000,485.95833333,543.26185215
episode_2020-07-01_2022-07-01,overlapping_2y_episode,2020-07-01,2022-07-01 00:00:00,20,4,protect_frozen,0.90000000,1000.00000000,1,3858,15432,15432,15432,1.00000000,1.00000000,1.00000000,23412.42222222,950984.00000000,13430.40000000,16,4000.00000000,5000.00000000,7000.00000000,15,35,16,0,False,4,0.20000000,0,16,19,15,2400.00000000,2160.00000000,160.00000000,36302.55000000,343.93500000,-4840.00000000,-4496.06500000,27991.23500000,-0.89921300,629.39583333,247.88622178
episode_2020-07-01_2022-07-01,overlapping_2y_episode,2020-07-01,2022-07-01 00:00:00,20,4,stable_hash,0.90000000,1000.00000000,1,3858,15432,15432,15432,1.00000000,1.00000000,1.00000000,23412.42222222,950984.00000000,13430.40000000,16,4000.00000000,5000.00000000,5800.00000000,9,29,9,0,False,1,0.05000000,0,19,20,6,6400.00000000,5760.00000000,4960.00000000,17234.85000000,978.30000000,-40.00000000,938.30000000,18070.25000000,0.18766000,477.70833333,319.41278544
episode_2020-07-01_2022-07-01,overlapping_2y_episode,2020-07-01,2022-07-01 00:00:00,20,6,round_robin,0.90000000,1000.00000000,1,3858,23148,23047,23047,0.99563677,0.99922240,0.99274235,35063.18333333,1422052.00000000,23011.65000000,20,4000.00000000,5000.00000000,6800.00000000,14,34,14,0,False,2,0.10000000,0,17,20,12,15600.00000000,14040.00000000,12240.00000000,21492.00000000,780.66000000,7240.00000000,8020.66000000,29380.00000000,1.60413200,489.66666667,420.90883811
episode_2020-07-01_2022-07-01,overlapping_2y_episode,2020-07-01,2022-07-01 00:00:00,20,6,least_trades,0.90000000,1000.00000000,1,3858,23148,23064,23064,0.99637118,1.00000000,0.99455677,35075.52222222,1422458.00000000,22877.80000000,20,4000.00000000,5000.00000000,7000.00000000,15,35,15,0,False,3,0.15000000,0,17,20,17,14600.00000000,13140.00000000,11140.00000000,32293.45000000,399.60000000,6140.00000000,6539.60000000,35204.73500000,1.30792000,128.97916667,279.35040272
episode_2020-07-01_2022-07-01,overlapping_2y_episode,2020-07-01,2022-07-01 00:00:00,20,6,max_headroom,0.90000000,1000.00000000,1,3858,23148,23064,23064,0.99637118,1.00000000,0.99455677,35075.52222222,1422458.00000000,22877.80000000,20,4000.00000000,5000.00000000,4000.00000000,0,20,0,0,False,0,0.00000000,0,20,20,14,13600.00000000,12240.00000000,13240.00000000,9277.80000000,0.00000000,8240.00000000,8240.00000000,21989.48000000,1.64800000,118.54166667,606.36124546
episode_2020-07-01_2022-07-01,overlapping_2y_episode,2020-07-01,2022-07-01 00:00:00,20,6,protect_frozen,0.90000000,1000.00000000,1,3858,23148,22992,22992,0.99326076,0.99818559,0.98626231,35017.36111111,1420698.50000000,22935.40000000,20,4000.00000000,5000.00000000,8000.00000000,20,40,20,0,False,6,0.30000000,1,14,20,16,12200.00000000,10980.00000000,7980.00000000,36387.05000000,994.05000000,2980.00000000,3974.05000000,35914.51000000,0.79481000,209.97916667,384.12556215
episode_2020-07-01_2022-07-01,overlapping_2y_episode,2020-07-01,2022-07-01 00:00:00,20,6,stable_hash,0.90000000,1000.00000000,1,3858,23148,23050,23050,0.99576637,0.99818559,0.99455677,35066.84444444,1422093.00000000,23165.50000000,20,4000.00000000,5000.00000000,6800.00000000,14,34,14,0,False,1,0.05263158,0,18,20,13,12400.00000000,11160.00000000,9360.00000000,22501.00000000,1672.51500000,4360.00000000,6032.51500000,28626.43000000,1.20650300,435.62500000,493.71337839
episode_2020-07-01_2022-07-01,overlapping_2y_episode,2020-07-01,2022-07-01 00:00:00,24,6,round_robin,0.90000000,1000.00000000,1,3858,23148,23148,23148,1.00000000,1.00000000,1.00000000,35118.63333333,1426476.00000000,20145.60000000,24,4800.00000000,5800.00000000,6200.00000000,7,31,7,0,False,6,0.25000000,1,18,24,12,10800.00000000,9720.00000000,9320.00000000,23261.45000000,0.00000000,3520.00000000,3520.00000000,25991.83000000,0.60689655,126.64583333,315.41361458
episode_2020-07-01_2022-07-01,overlapping_2y_episode,2020-07-01,2022-07-01 00:00:00,24,6,least_trades,0.90000000,1000.00000000,1,3858,23148,23148,23148,1.00000000,1.00000000,1.00000000,35118.63333333,1426476.00000000,20145.60000000,24,4800.00000000,5800.00000000,6000.00000000,6,30,6,0,False,6,0.25000000,1,18,24,18,4800.00000000,4320.00000000,4120.00000000,27298.20000000,0.00000000,-1680.00000000,-1680.00000000,23331.72000000,-0.28965517,292.97916667,0.00000000
episode_2020-07-01_2022-07-01,overlapping_2y_episode,2020-07-01,2022-07-01 00:00:00,24,6,max_headroom,0.90000000,1000.00000000,1,3858,23148,23148,23148,1.00000000,1.00000000,1.00000000,35118.63333333,1426476.00000000,20145.60000000,24,4800.00000000,5800.00000000,4800.00000000,0,24,0,0,False,0,0.00000000,0,24,24,12,13200.00000000,11880.00000000,12880.00000000,6945.60000000,0.00000000,7080.00000000,7080.00000000,20697.45000000,1.22068966,490.87500000,538.55988525
episode_2020-07-01_2022-07-01,overlapping_2y_episode,2020-07-01,2022-07-01 00:00:00,24,6,protect_frozen,0.90000000,1000.00000000,1,3858,23148,23052,23052,0.99585277,0.99740798,0.98807672,35052.60000000,1423236.50000000,22073.90000000,24,4800.00000000,5800.00000000,9400.00000000,23,47,24,0,False,6,0.25000000,4,17,23,18,5200.00000000,4680.00000000,1080.00000000,42176.80000000,329.98500000,-4720.00000000,-4390.01500000,33425.28500000,-0.75689914,495.33333333,434.00889853
episode_2020-07-01_2022-07-01,overlapping_2y_episode,2020-07-01,2022-07-01 00:00:00,24,6,stable_hash,0.90000000,1000.00000000,1,3858,23148,23145,23145,0.99987040,1.00000000,0.99922240,35116.23333333,1426428.50000000,20196.25000000,24,4800.00000000,5800.00000000,7800.00000000,15,39,15,0,False,1,0.04166667,0,23,24,13,11400.00000000,10260.00000000,8260.00000000,24593.25000000,1229.44500000,2460.00000000,3689.44500000,28137.67500000,0.63611121,482.70833333,403.41283437
episode_2020-07-01_2022-07-01,overlapping_2y_episode,2020-07-01,2022-07-01 00:00:00,25,6,round_robin,0.90000000,1000.00000000,1,3858,23148,23148,23148,1.00000000,1.00000000,1.00000000,35118.63333333,1426476.00000000,20145.60000000,24,5000.00000000,6000.00000000,7200.00000000,11,36,11,0,False,2,0.08000000,0,23,25,10,12600.00000000,11340.00000000,10140.00000000,21738.30000000,4229.50500000,4140.00000000,8369.50500000,30955.05000000,1.39491750,126.64583333,336.45836355
episode_2020-07-01_2022-07-01,overlapping_2y_episode,2020-07-01,2022-07-01 00:00:00,25,6,least_trades,0.90000000,1000.00000000,1,3858,23148,23119,23119,0.99874719,1.00000000,0.99818559,35101.73888889,1425658.50000000,20763.55000000,24,5000.00000000,6000.00000000,8800.00000000,19,44,19,0,False,4,0.16666667,0,19,25,17,6400.00000000,5760.00000000,2960.00000000,37394.00000000,1017.63000000,-3040.00000000,-2022.37000000,30800.76500000,-0.33706167,464.12500000,275.60986920
episode_2020-07-01_2022-07-01,overlapping_2y_episode,2020-07-01,2022-07-01 00:00:00,25,6,max_headroom,0.90000000,1000.00000000,1,3858,23148,23148,23148,1.00000000,1.00000000,1.00000000,35118.63333333,1426476.00000000,20145.60000000,24,5000.00000000,6000.00000000,5000.00000000,0,25,0,0,False,0,0.00000000,0,25,25,15,14400.00000000,12960.00000000,13960.00000000,5745.60000000,0.00000000,7960.00000000,7960.00000000,20480.48500000,1.32666667,126.64583333,463.49402758
episode_2020-07-01_2022-07-01,overlapping_2y_episode,2020-07-01,2022-07-01 00:00:00,25,6,protect_frozen,0.90000000,1000.00000000,1,3858,23148,23100,23100,0.99792639,1.00000000,0.99740798,35091.10555556,1424600.00000000,21888.00000000,24,5000.00000000,6000.00000000,9400.00000000,22,47,23,0,False,6,0.24000000,2,19,24,19,8200.00000000,7380.00000000,3980.00000000,46698.15000000,1360.53000000,-2020.00000000,-659.47000000,40194.50000000,-0.10991167,589.70833333,346.73446603
episode_2020-07-01_2022-07-01,overlapping_2y_episode,2020-07-01,2022-07-01 00:00:00,25,6,stable_hash,0.90000000,1000.00000000,1,3858,23148,23145,23145,0.99987040,1.00000000,0.99922240,35116.23333333,1426428.50000000,20196.25000000,24,5000.00000000,6000.00000000,8200.00000000,16,41,16,0,False,1,0.04166667,0,23,25,15,10800.00000000,9720.00000000,7520.00000000,29450.50000000,977.94000000,1520.00000000,2497.94000000,32266.70000000,0.41632333,491.43750000,388.08277468
episode_2020-07-01_2022-07-01,overlapping_2y_episode,2020-07-01,2022-07-01 00:00:00,30,6,round_robin,0.90000000,1000.00000000,1,3858,23148,23148,23148,1.00000000,1.00000000,1.00000000,35118.63333333,1426476.00000000,20145.60000000,24,6000.00000000,7000.00000000,6000.00000000,0,30,0,0,False,0,0.00000000,0,30,30,12,4800.00000000,4320.00000000,5320.00000000,15345.60000000,0.00000000,-1680.00000000,-1680.00000000,20707.05000000,-0.24000000,635.70833333,2.57681975
episode_2020-07-01_2022-07-01,overlapping_2y_episode,2020-07-01,2022-07-01 00:00:00,30,6,least_trades,0.90000000,1000.00000000,1,3858,23148,23148,23148,1.00000000,1.00000000,1.00000000,35118.63333333,1426476.00000000,20145.60000000,24,6000.00000000,7000.00000000,9200.00000000,16,46,16,0,False,6,0.20000000,1,24,30,15,8400.00000000,7560.00000000,5360.00000000,36568.60000000,1471.68000000,-1640.00000000,-168.32000000,34299.25000000,-0.02404571,499.77083333,229.10302389
episode_2020-07-01_2022-07-01,overlapping_2y_episode,2020-07-01,2022-07-01 00:00:00,30,6,max_headroom,0.90000000,1000.00000000,1,3858,23148,23148,23148,1.00000000,1.00000000,1.00000000,35118.63333333,1426476.00000000,20145.60000000,24,6000.00000000,7000.00000000,6000.00000000,0,30,0,0,False,0,0.00000000,0,30,30,18,16800.00000000,15120.00000000,16120.00000000,3345.60000000,0.00000000,9120.00000000,9120.00000000,29580.06000000,1.30285714,485.95833333,543.26185215
episode_2020-07-01_2022-07-01,overlapping_2y_episode,2020-07-01,2022-07-01 00:00:00,30,6,protect_frozen,0.90000000,1000.00000000,1,3858,23148,23148,23148,1.00000000,1.00000000,1.00000000,35118.63333333,1426476.00000000,20145.60000000,24,6000.00000000,7000.00000000,9200.00000000,16,46,17,0,False,6,0.20000000,1,22,29,21,2600.00000000,2340.00000000,140.00000000,42961.65000000,239.35500000,-6860.00000000,-6620.64500000,38672.84500000,-0.94580643,667.39583333,236.19357627
episode_2020-07-01_2022-07-01,overlapping_2y_episode,2020-07-01,2022-07-01 00:00:00,30,6,stable_hash,0.90000000,1000.00000000,1,3858,23148,23148,23148,1.00000000,1.00000000,1.00000000,35118.63333333,1426476.00000000,20145.60000000,24,6000.00000000,7000.00000000,9000.00000000,15,45,15,0,False,1,0.03333333,0,29,30,17,11200.00000000,10080.00000000,8080.00000000,30555.25000000,1955.02500000,1080.00000000,3035.02500000,35118.58500000,0.43357500,264.27083333,320.82394791
episode_2020-07-01_2022-07-01,overlapping_2y_episode,2020-07-01,2022-07-01 00:00:00,35,6,round_robin,0.90000000,1000.00000000,1,3858,23148,23148,23148,1.00000000,1.00000000,1.00000000,35118.63333333,1426476.00000000,20145.60000000,24,7000.00000000,8000.00000000,10000.00000000,15,50,15,0,False,2,0.05714286,0,33,35,14,5800.00000000,5220.00000000,3220.00000000,30853.15000000,929.02500000,-4780.00000000,-3850.97500000,29111.88500000,-0.48137188,533.27083333,259.99410668
episode_2020-07-01_2022-07-01,overlapping_2y_episode,2020-07-01,2022-07-01 00:00:00,35,6,least_trades,0.90000000,1000.00000000,1,3858,23148,23148,23148,1.00000000,1.00000000,1.00000000,35118.63333333,1426476.00000000,20145.60000000,24,7000.00000000,8000.00000000,9400.00000000,12,47,12,0,False,1,0.02857143,0,34,35,16,7600.00000000,6840.00000000,5440.00000000,31444.85000000,810.00000000,-2560.00000000,-1750.00000000,33723.09500000,-0.21875000,393.70833333,92.62408555
episode_2020-07-01_2022-07-01,overlapping_2y_episode,2020-07-01,2022-07-01 00:00:00,35,6,max_headroom,0.90000000,1000.00000000,1,3858,23148,23148,23148,1.00000000,1.00000000,1.00000000,35118.63333333,1426476.00000000,20145.60000000,24,7000.00000000,8000.00000000,7000.00000000,0,35,0,0,False,0,0.00000000,0,35,35,13,15400.00000000,13860.00000000,14860.00000000,4745.60000000,0.00000000,6860.00000000,6860.00000000,24677.84000000,0.85750000,126.20833333,488.55887703
episode_2020-07-01_2022-07-01,overlapping_2y_episode,2020-07-01,2022-07-01 00:00:00,35,6,protect_frozen,0.90000000,1000.00000000,1,3858,23148,23148,23148,1.00000000,1.00000000,1.00000000,35118.63333333,1426476.00000000,20145.60000000,24,7000.00000000,8000.00000000,8600.00000000,8,43,21,0,False,3,0.12000000,0,22,22,19,800.00000000,720.00000000,120.00000000,42936.85000000,232.87500000,-7880.00000000,-7647.12500000,32474.56000000,-0.95589062,679.22916667,182.90168632
episode_2020-07-01_2022-07-01,overlapping_2y_episode,2020-07-01,2022-07-01 00:00:00,35,6,stable_hash,0.90000000,1000.00000000,1,3858,23148,23148,23148,1.00000000,1.00000000,1.00000000,35118.63333333,1426476.00000000,20145.60000000,24,7000.00000000,8000.00000000,11200.00000000,21,56,21,0,False,1,0.02857143,0,34,35,18,11000.00000000,9900.00000000,6700.00000000,38568.85000000,2062.17000000,-1300.00000000,762.17000000,39275.10500000,0.09527125,240.41666667,259.10873299
episode_2020-07-01_2022-07-01,overlapping_2y_episode,2020-07-01,2022-07-01 00:00:00,40,6,round_robin,0.90000000,1000.00000000,1,3858,23148,23148,23148,1.00000000,1.00000000,1.00000000,35118.63333333,1426476.00000000,20145.60000000,24,8000.00000000,9000.00000000,11200.00000000,16,56,16,0,False,2,0.05000000,0,38,40,16,11800.00000000,10620.00000000,8420.00000000,34747.30000000,4303.26000000,-580.00000000,3723.26000000,38613.51500000,0.41369556,264.66666667,245.21203070
episode_2020-07-01_2022-07-01,overlapping_2y_episode,2020-07-01,2022-07-01 00:00:00,40,6,least_trades,0.90000000,1000.00000000,1,3858,23148,23148,23148,1.00000000,1.00000000,1.00000000,35118.63333333,1426476.00000000,20145.60000000,24,8000.00000000,9000.00000000,12200.00000000,21,61,21,0,False,2,0.05000000,0,38,40,13,9600.00000000,8640.00000000,5440.00000000,40530.40000000,4576.50000000,-3560.00000000,1016.50000000,39203.27500000,0.11294444,559.79166667,177.82789432
episode_2020-07-01_2022-07-01,overlapping_2y_episode,2020-07-01,2022-07-01 00:00:00,40,6,max_headroom,0.90000000,1000.00000000,1,3858,23148,23148,23148,1.00000000,1.00000000,1.00000000,35118.63333333,1426476.00000000,20145.60000000,24,8000.00000000,9000.00000000,8000.00000000,0,40,0,0,False,0,0.00000000,0,40,40,16,14800.00000000,13320.00000000,14320.00000000,5345.60000000,0.00000000,5320.00000000,5320.00000000,25489.99000000,0.59111111,126.20833333,422.74437903
episode_2020-07-01_2022-07-01,overlapping_2y_episode,2020-07-01,2022-07-01 00:00:00,40,6,protect_frozen,0.90000000,1000.00000000,1,3858,23148,23148,23148,1.00000000,1.00000000,1.00000000,35118.63333333,1426476.00000000,20145.60000000,24,8000.00000000,9000.00000000,10600.00000000,13,53,26,0,False,5,0.15625000,1,27,27,23,1800.00000000,1620.00000000,20.00000000,56855.25000000,1238.22000000,-8980.00000000,-7741.78000000,44650.68500000,-0.86019778,635.50000000,154.06764588
episode_2020-07-01_2022-07-01,overlapping_2y_episode,2020-07-01,2022-07-01 00:00:00,40,6,stable_hash,0.90000000,1000.00000000,1,3858,23148,23148,23148,1.00000000,1.00000000,1.00000000,35118.63333333,1426476.00000000,20145.60000000,24,8000.00000000,9000.00000000,11200.00000000,16,56,16,0,False,1,0.02500000,0,39,40,16,8600.00000000,7740.00000000,5540.00000000,33130.40000000,2812.86000000,-3460.00000000,-647.14000000,35165.75000000,-0.07190444,259.85416667,215.49758699
episode_2020-07-01_2022-07-01,overlapping_2y_episode,2020-07-01,2022-07-01 00:00:00,25,8,round_robin,0.90000000,1000.00000000,1,3858,30864,30676,30676,0.99390876,0.99792639,0.98600311,46715.88333333,1893714.00000000,31760.19999999,25,5000.00000000,6000.00000000,7800.00000000,14,39,14,0,False,2,0.08000000,0,23,25,17,17800.00000000,16020.00000000,14220.00000000,25888.05000000,408.87000000,8220.00000000,8628.87000000,34045.90500000,1.43814500,124.97916667,439.01111421
episode_2020-07-01_2022-07-01,overlapping_2y_episode,2020-07-01,2022-07-01 00:00:00,25,8,least_trades,0.90000000,1000.00000000,1,3858,30864,30612,30612,0.99183515,0.99818559,0.98807672,46667.22777778,1892406.00000000,31852.89999999,25,5000.00000000,6000.00000000,10000.00000000,25,50,27,0,False,7,0.28000000,1,18,23,12,16200.00000000,14580.00000000,10580.00000000,38038.45000000,6790.95000000,4580.00000000,11370.95000000,40943.01500000,1.89515833,429.97916667,421.98225175
episode_2020-07-01_2022-07-01,overlapping_2y_episode,2020-07-01,2022-07-01 00:00:00,25,8,max_headroom,0.90000000,1000.00000000,1,3858,30864,30717,30717,0.99523717,1.00000000,0.99455677,46749.40000000,1894936.50000000,31642.14999999,25,5000.00000000,6000.00000000,5200.00000000,1,26,1,0,False,1,0.04000000,0,24,25,16,19600.00000000,17640.00000000,18440.00000000,12256.25000000,0.00000000,12440.00000000,12440.00000000,31468.16000000,2.07333333,126.20833333,653.84848398
episode_2020-07-01_2022-07-01,overlapping_2y_episode,2020-07-01,2022-07-01 00:00:00,25,8,protect_frozen,0.90000000,1000.00000000,1,3858,30864,30506,30506,0.98840073,0.99792639,0.98185588,46566.66666667,1887927.50000000,31741.19999999,25,5000.00000000,6000.00000000,10200.00000000,26,51,27,0,False,6,0.24000000,1,19,24,17,13400.00000000,12060.00000000,7860.00000000,41730.15000000,1306.66500000,1860.00000000,3166.66500000,40242.48000000,0.52777750,509.70833333,491.82847443
episode_2020-07-01_2022-07-01,overlapping_2y_episode,2020-07-01,2022-07-01 00:00:00,25,8,stable_hash,0.90000000,1000.00000000,1,3858,30864,30696,30696,0.99455677,0.99896319,0.99144635,46734.83888889,1894315.00000000,31538.19999999,25,5000.00000000,6000.00000000,8200.00000000,16,41,16,0,False,1,0.04347826,0,22,25,18,16400.00000000,14760.00000000,12560.00000000,30104.45000000,1517.17500000,6560.00000000,8077.17500000,37811.37500000,1.34619583,470.62500000,485.89825108
episode_2020-07-01_2022-07-01,overlapping_2y_episode,2020-07-01,2022-07-01 00:00:00,30,8,round_robin,0.90000000,1000.00000000,1,3858,30864,30813,30813,0.99834759,1.00000000,0.99455677,46798.91111111,1899651.00000000,28452.34999999,30,6000.00000000,7000.00000000,9800.00000000,19,49,19,0,False,2,0.06666667,0,28,30,22,13400.00000000,12060.00000000,9260.00000000,36966.10000000,843.12000000,2260.00000000,3103.12000000,39545.87500000,0.44330286,258.60416667,371.76622882
episode_2020-07-01_2022-07-01,overlapping_2y_episode,2020-07-01,2022-07-01 00:00:00,30,8,least_trades,0.90000000,1000.00000000,1,3858,30864,30678,30678,0.99397356,0.99818559,0.98392950,46687.12222222,1895897.50000000,28882.09999999,30,6000.00000000,7000.00000000,12000.00000000,30,60,31,0,False,6,0.20000000,1,20,29,15,11800.00000000,10620.00000000,5620.00000000,45845.95000000,3712.63500000,-1380.00000000,2332.63500000,40636.27500000,0.33323357,464.12500000,377.68484619
episode_2020-07-01_2022-07-01,overlapping_2y_episode,2020-07-01,2022-07-01 00:00:00,30,8,max_headroom,0.90000000,1000.00000000,1,3858,30864,30822,30822,0.99863919,1.00000000,0.99455677,46803.28888889,1899959.00000000,28226.89999999,30,6000.00000000,7000.00000000,6000.00000000,0,30,0,0,False,0,0.00000000,0,30,30,18,19200.00000000,17280.00000000,18280.00000000,9026.90000000,0.00000000,11280.00000000,11280.00000000,28776.81000000,1.61142857,126.20833333,528.32891270
episode_2020-07-01_2022-07-01,overlapping_2y_episode,2020-07-01,2022-07-01 00:00:00,30,8,protect_frozen,0.90000000,1000.00000000,1,3858,30864,30672,30672,0.99377916,0.99818559,0.98289269,46684.88888889,1894680.00000000,29992.39999999,30,6000.00000000,7000.00000000,11600.00000000,28,58,31,0,False,8,0.26666667,2,21,27,22,9800.00000000,8820.00000000,4220.00000000,53328.25000000,1019.61000000,-2780.00000000,-1760.39000000,45401.59000000,-0.25148429,509.70833333,385.13945241
episode_2020-07-01_2022-07-01,overlapping_2y_episode,2020-07-01,2022-07-01 00:00:00,30,8,stable_hash,0.90000000,1000.00000000,1,3858,30864,30818,30818,0.99850959,1.00000000,0.99455677,46801.35000000,1899824.00000000,28320.09999999,30,6000.00000000,7000.00000000,9800.00000000,19,49,19,0,False,2,0.06666667,0,26,30,19,17200.00000000,15480.00000000,12680.00000000,34635.65000000,2701.66500000,5680.00000000,8381.66500000,41417.60500000,1.19738071,453.89583333,430.50131113
episode_2020-07-01_2022-07-01,overlapping_2y_episode,2020-07-01,2022-07-01 00:00:00,32,8,round_robin,0.90000000,1000.00000000,1,3858,30864,30864,30864,1.00000000,1.00000000,1.00000000,46824.84444444,1901968.00000000,26860.79999999,32,6400.00000000,7400.00000000,9200.00000000,14,46,14,0,False,8,0.25000000,2,24,32,16,14800.00000000,13320.00000000,11520.00000000,35414.60000000,391.54500000,4120.00000000,4511.54500000,38446.00000000,0.60966824,126.64583333,386.14824206
episode_2020-07-01_2022-07-01,overlapping_2y_episode,2020-07-01,2022-07-01 00:00:00,32,8,least_trades,0.90000000,1000.00000000,1,3858,30864,30864,30864,1.00000000,1.00000000,1.00000000,46824.84444444,1901968.00000000,26860.79999999,32,6400.00000000,7400.00000000,8000.00000000,8,40,8,0,False,8,0.25000000,1,24,32,24,7000.00000000,6300.00000000,5700.00000000,35797.60000000,0.00000000,-1700.00000000,-1700.00000000,31108.96000000,-0.22972973,292.97916667,0.00000000
episode_2020-07-01_2022-07-01,overlapping_2y_episode,2020-07-01,2022-07-01 00:00:00,32,8,max_headroom,0.90000000,1000.00000000,1,3858,30864,30864,30864,1.00000000,1.00000000,1.00000000,46824.84444444,1901968.00000000,26860.79999999,32,6400.00000000,7400.00000000,6400.00000000,0,32,0,0,False,0,0.00000000,0,32,32,16,17600.00000000,15840.00000000,16840.00000000,9260.80000000,0.00000000,9440.00000000,9440.00000000,27596.60000000,1.27567568,490.87500000,538.55988525
episode_2020-07-01_2022-07-01,overlapping_2y_episode,2020-07-01,2022-07-01 00:00:00,32,8,protect_frozen,0.90000000,1000.00000000,1,3858,30864,30694,30694,0.99449196,0.99818559,0.98807672,46698.91666667,1897187.50000000,28436.79999999,32,6400.00000000,7400.00000000,12400.00000000,30,62,32,0,False,8,0.25000000,3,20,30,24,8400.00000000,7560.00000000,2560.00000000,53763.60000000,59.80500000,-4840.00000000,-4780.19500000,44232.18500000,-0.64597230,469.33333333,395.30347836
episode_2020-07-01_2022-07-01,overlapping_2y_episode,2020-07-01,2022-07-01 00:00:00,32,8,stable_hash,0.90000000,1000.00000000,1,3858,30864,30858,30858,0.99980560,1.00000000,0.99896319,46821.60000000,1901756.50000000,26986.59999999,32,6400.00000000,7400.00000000,10200.00000000,19,51,19,0,False,1,0.03225806,0,30,32,18,17000.00000000,15300.00000000,12500.00000000,33516.05000000,1693.03500000,5100.00000000,6793.03500000,40995.87000000,0.91797770,268.66666667,376.89307456
episode_2020-07-01_2022-07-01,overlapping_2y_episode,2020-07-01,2022-07-01 00:00:00,35,8,round_robin,0.90000000,1000.00000000,1,3858,30864,30864,30864,1.00000000,1.00000000,1.00000000,46824.84444444,1901968.00000000,26860.79999999,32,7000.00000000,8000.00000000,10000.00000000,15,50,15,0,False,1,0.02857143,0,34,35,21,8400.00000000,7560.00000000,5560.00000000,34298.40000000,583.96500000,-2440.00000000,-1856.03500000,32674.26500000,-0.23200438,224.14583333,319.61905386
episode_2020-07-01_2022-07-01,overlapping_2y_episode,2020-07-01,2022-07-01 00:00:00,35,8,least_trades,0.90000000,1000.00000000,1,3858,30864,30850,30850,0.99954640,1.00000000,0.99818559,46816.16666667,1901603.00000000,27148.49999999,32,7000.00000000,8000.00000000,13000.00000000,30,65,30,0,False,5,0.14285714,1,30,35,18,14400.00000000,12960.00000000,7960.00000000,46564.95000000,6428.25000000,-40.00000000,6388.25000000,48073.77500000,0.79853125,488.91666667,279.70625116
episode_2020-07-01_2022-07-01,overlapping_2y_episode,2020-07-01,2022-07-01 00:00:00,35,8,max_headroom,0.90000000,1000.00000000,1,3858,30864,30864,30864,1.00000000,1.00000000,1.00000000,46824.84444444,1901968.00000000,26860.79999999,32,7000.00000000,8000.00000000,7000.00000000,0,35,0,0,False,0,0.00000000,0,35,35,19,17400.00000000,15660.00000000,16660.00000000,9460.80000000,0.00000000,8660.00000000,8660.00000000,27089.07500000,1.08250000,126.97916667,518.82342087
episode_2020-07-01_2022-07-01,overlapping_2y_episode,2020-07-01,2022-07-01 00:00:00,35,8,protect_frozen,0.90000000,1000.00000000,1,3858,30864,30828,30828,0.99883359,1.00000000,0.99740798,46803.71666667,1900541.00000000,28187.59999999,32,7000.00000000,8000.00000000,12200.00000000,26,61,28,0,False,7,0.20000000,2,28,33,27,5800.00000000,5220.00000000,1020.00000000,61900.30000000,473.49000000,-6980.00000000,-6506.51000000,49052.15500000,-0.81331375,607.70833333,332.73884177
episode_2020-07-01_2022-07-01,overlapping_2y_episode,2020-07-01,2022-07-01 00:00:00,35,8,stable_hash,0.90000000,1000.00000000,1,3858,30864,30864,30864,1.00000000,1.00000000,1.00000000,46824.84444444,1901968.00000000,26860.79999999,32,7000.00000000,8000.00000000,11000.00000000,20,55,20,0,False,1,0.02857143,0,34,35,19,14800.00000000,13320.00000000,10320.00000000,36113.45000000,1203.12000000,2320.00000000,3523.12000000,42309.74500000,0.44039000,128.66666667,330.77045990
episode_2020-07-01_2022-07-01,overlapping_2y_episode,2020-07-01,2022-07-01 00:00:00,40,8,round_robin,0.90000000,1000.00000000,1,3858,30864,30864,30864,1.00000000,1.00000000,1.00000000,46824.84444444,1901968.00000000,26860.79999999,32,8000.00000000,9000.00000000,8000.00000000,0,40,0,0,False,0,0.00000000,0,40,40,16,6400.00000000,5760.00000000,6760.00000000,20460.80000000,0.00000000,-2240.00000000,-2240.00000000,27609.40000000,-0.24888889,635.70833333,2.57681975
episode_2020-07-01_2022-07-01,overlapping_2y_episode,2020-07-01,2022-07-01 00:00:00,40,8,least_trades,0.90000000,1000.00000000,1,3858,30864,30864,30864,1.00000000,1.00000000,1.00000000,46824.84444444,1901968.00000000,26860.79999999,32,8000.00000000,9000.00000000,12600.00000000,23,63,24,0,False,8,0.20000000,2,32,39,22,12200.00000000,10980.00000000,7380.00000000,48922.10000000,3060.31500000,-1620.00000000,1440.31500000,48972.28500000,0.16003500,478.54166667,232.89479500
episode_2020-07-01_2022-07-01,overlapping_2y_episode,2020-07-01,2022-07-01 00:00:00,40,8,max_headroom,0.90000000,1000.00000000,1,3858,30864,30864,30864,1.00000000,1.00000000,1.00000000,46824.84444444,1901968.00000000,26860.79999999,32,8000.00000000,9000.00000000,8000.00000000,0,40,0,0,False,0,0.00000000,0,40,40,24,22400.00000000,20160.00000000,21160.00000000,4460.80000000,0.00000000,12160.00000000,12160.00000000,39440.08000000,1.35111111,485.95833333,543.26185215
episode_2020-07-01_2022-07-01,overlapping_2y_episode,2020-07-01,2022-07-01 00:00:00,40,8,protect_frozen,0.90000000,1000.00000000,1,3858,30864,30864,30864,1.00000000,1.00000000,1.00000000,46824.84444444,1901968.00000000,26860.79999999,32,8000.00000000,9000.00000000,11800.00000000,19,59,25,0,False,8,0.20000000,3,32,34,27,3200.00000000,2880.00000000,80.00000000,63368.05000000,1375.65000000,-8920.00000000,-7544.35000000,52472.87000000,-0.83826111,629.66666667,198.69135225
episode_2020-07-01_2022-07-01,overlapping_2y_episode,2020-07-01,2022-07-01 00:00:00,40,8,stable_hash,0.90000000,1000.00000000,1,3858,30864,30864,30864,1.00000000,1.00000000,1.00000000,46824.84444444,1901968.00000000,26860.79999999,32,8000.00000000,9000.00000000,12000.00000000,20,60,20,0,False,1,0.02500000,0,39,40,19,15200.00000000,13680.00000000,10680.00000000,39651.15000000,2330.41500000,1680.00000000,4010.41500000,42195.75000000,0.44560167,251.41666667,315.68306001
episode_2020-10-01_2022-10-01,overlapping_2y_episode,2020-10-01,2022-10-01 00:00:00,1,1,round_robin,0.90000000,1000.00000000,1,3868,3868,2824,2824,0.73009307,0.73009307,0.73009307,4551.83333333,187648.50000000,2556.80000000,1,200.00000000,1200.00000000,800.00000000,3,4,3,3,False,1,1.00000000,0,0,1,1,1400.00000000,1260.00000000,1660.00000000,2787.15000000,168.43500000,460.00000000,628.43500000,2968.43500000,0.52369583,502.43750000,0.00000000
episode_2020-10-01_2022-10-01,overlapping_2y_episode,2020-10-01,2022-10-01 00:00:00,1,1,least_trades,0.90000000,1000.00000000,1,3868,3868,2824,2824,0.73009307,0.73009307,0.73009307,4551.83333333,187648.50000000,2556.80000000,1,200.00000000,1200.00000000,800.00000000,3,4,3,3,False,1,1.00000000,0,0,1,1,1400.00000000,1260.00000000,1660.00000000,2787.15000000,168.43500000,460.00000000,628.43500000,2968.43500000,0.52369583,502.43750000,0.00000000
episode_2020-10-01_2022-10-01,overlapping_2y_episode,2020-10-01,2022-10-01 00:00:00,1,1,max_headroom,0.90000000,1000.00000000,1,3868,3868,2824,2824,0.73009307,0.73009307,0.73009307,4551.83333333,187648.50000000,2556.80000000,1,200.00000000,1200.00000000,800.00000000,3,4,3,3,False,1,1.00000000,0,0,1,1,1400.00000000,1260.00000000,1660.00000000,2787.15000000,168.43500000,460.00000000,628.43500000,2968.43500000,0.52369583,502.43750000,0.00000000
episode_2020-10-01_2022-10-01,overlapping_2y_episode,2020-10-01,2022-10-01 00:00:00,1,1,protect_frozen,0.90000000,1000.00000000,1,3868,3868,2824,2824,0.73009307,0.73009307,0.73009307,4551.83333333,187648.50000000,2556.80000000,1,200.00000000,1200.00000000,800.00000000,3,4,3,3,False,1,1.00000000,0,0,1,1,1400.00000000,1260.00000000,1660.00000000,2787.15000000,168.43500000,460.00000000,628.43500000,2968.43500000,0.52369583,502.43750000,0.00000000
episode_2020-10-01_2022-10-01,overlapping_2y_episode,2020-10-01,2022-10-01 00:00:00,1,1,stable_hash,0.90000000,1000.00000000,1,3868,3868,2824,2824,0.73009307,0.73009307,0.73009307,4551.83333333,187648.50000000,2556.80000000,1,200.00000000,1200.00000000,800.00000000,3,4,3,3,False,1,1.00000000,0,0,1,1,1400.00000000,1260.00000000,1660.00000000,2787.15000000,168.43500000,460.00000000,628.43500000,2968.43500000,0.52369583,502.43750000,0.00000000
episode_2020-10-01_2022-10-01,overlapping_2y_episode,2020-10-01,2022-10-01 00:00:00,2,1,round_robin,0.90000000,1000.00000000,1,3868,3868,3688,3688,0.95346432,0.95346432,0.95346432,5688.65000000,234382.00000000,7086.60000000,2,400.00000000,1400.00000000,600.00000000,1,3,1,0,False,1,0.50000000,0,1,2,2,2400.00000000,2160.00000000,2960.00000000,6313.60000000,1499.22000000,1560.00000000,3059.22000000,7242.24000000,2.18515714,497.70833333,415.00000000
episode_2020-10-01_2022-10-01,overlapping_2y_episode,2020-10-01,2022-10-01 00:00:00,2,1,least_trades,0.90000000,1000.00000000,1,3868,3868,3688,3688,0.95346432,0.95346432,0.95346432,5688.65000000,234382.00000000,7086.60000000,2,400.00000000,1400.00000000,1200.00000000,4,6,4,0,False,1,0.50000000,0,1,2,2,4400.00000000,3960.00000000,4160.00000000,7866.85000000,2400.16500000,2760.00000000,5160.16500000,9840.16500000,3.68583214,167.85416667,439.50000000
episode_2020-10-01_2022-10-01,overlapping_2y_episode,2020-10-01,2022-10-01 00:00:00,2,1,max_headroom,0.90000000,1000.00000000,1,3868,3868,3688,3688,0.95346432,0.95346432,0.95346432,5688.65000000,234382.00000000,7086.60000000,2,400.00000000,1400.00000000,600.00000000,1,3,1,0,False,1,0.50000000,0,1,2,2,1600.00000000,1440.00000000,2240.00000000,5895.35000000,1232.59500000,840.00000000,2072.59500000,6145.81500000,1.48042500,497.70833333,22.50000000
episode_2020-10-01_2022-10-01,overlapping_2y_episode,2020-10-01,2022-10-01 00:00:00,2,1,protect_frozen,0.90000000,1000.00000000,1,3868,3868,3688,3688,0.95346432,0.95346432,0.95346432,5688.65000000,234382.00000000,7086.60000000,2,400.00000000,1400.00000000,800.00000000,2,4,2,0,False,1,0.50000000,0,1,2,2,4200.00000000,3780.00000000,4380.00000000,6929.30000000,2077.11000000,2980.00000000,5057.11000000,9216.37000000,3.61222143,167.85416667,0.00000000
episode_2020-10-01_2022-10-01,overlapping_2y_episode,2020-10-01,2022-10-01 00:00:00,2,1,stable_hash,0.90000000,1000.00000000,1,3868,3868,3688,3688,0.95346432,0.95346432,0.95346432,5688.65000000,234382.00000000,7086.60000000,2,400.00000000,1400.00000000,1000.00000000,3,5,3,0,False,1,0.50000000,0,1,2,2,3000.00000000,2700.00000000,3100.00000000,6099.20000000,2389.32000000,1700.00000000,4089.32000000,7189.28000000,2.92094286,417.70833333,771.00000000
episode_2020-10-01_2022-10-01,overlapping_2y_episode,2020-10-01,2022-10-01 00:00:00,3,1,round_robin,0.90000000,1000.00000000,1,3868,3868,3845,3845,0.99405377,0.99405377,0.99405377,5845.34444444,241789.00000000,7931.25000000,3,600.00000000,1600.00000000,800.00000000,1,4,1,0,False,1,0.33333333,0,2,3,1,1400.00000000,1260.00000000,2060.00000000,6224.10000000,436.27500000,460.00000000,896.27500000,6061.69000000,0.56017187,524.93750000,523.73296843
episode_2020-10-01_2022-10-01,overlapping_2y_episode,2020-10-01,2022-10-01 00:00:00,3,1,least_trades,0.90000000,1000.00000000,1,3868,3868,3845,3845,0.99405377,0.99405377,0.99405377,5845.34444444,241789.00000000,7931.25000000,3,600.00000000,1600.00000000,800.00000000,1,4,1,0,False,1,0.33333333,0,2,3,2,2000.00000000,1800.00000000,2600.00000000,8229.10000000,1440.63000000,1000.00000000,2440.63000000,8406.19000000,1.52539375,502.43750000,0.00000000
episode_2020-10-01_2022-10-01,overlapping_2y_episode,2020-10-01,2022-10-01 00:00:00,3,1,max_headroom,0.90000000,1000.00000000,1,3868,3868,3845,3845,0.99405377,0.99405377,0.99405377,5845.34444444,241789.00000000,7931.25000000,3,600.00000000,1600.00000000,600.00000000,0,3,0,0,False,0,0.00000000,0,3,3,2,2800.00000000,2520.00000000,3520.00000000,5131.25000000,1186.47000000,1920.00000000,3106.47000000,7692.01500000,1.94154375,496.95833333,662.18141187
episode_2020-10-01_2022-10-01,overlapping_2y_episode,2020-10-01,2022-10-01 00:00:00,3,1,protect_frozen,0.90000000,1000.00000000,1,3868,3868,3845,3845,0.99405377,0.99405377,0.99405377,5845.34444444,241789.00000000,7931.25000000,3,600.00000000,1600.00000000,800.00000000,1,4,1,0,False,1,0.33333333,0,2,3,3,1800.00000000,1620.00000000,2420.00000000,8429.10000000,965.88000000,820.00000000,1785.88000000,8406.19000000,1.11617500,532.66666667,0.00000000
episode_2020-10-01_2022-10-01,overlapping_2y_episode,2020-10-01,2022-10-01 00:00:00,3,1,stable_hash,0.90000000,1000.00000000,1,3868,3868,3845,3845,0.99405377,0.99405377,0.99405377,5845.34444444,241789.00000000,7931.25000000,3,600.00000000,1600.00000000,1000.00000000,2,5,2,0,False,1,0.33333333,0,2,3,2,4400.00000000,3960.00000000,4560.00000000,7023.70000000,3413.29500000,2960.00000000,6373.29500000,11053.29500000,3.98330937,431.97916667,474.97953172
episode_2020-10-01_2022-10-01,overlapping_2y_episode,2020-10-01,2022-10-01 00:00:00,4,1,round_robin,0.90000000,1000.00000000,1,3868,3868,3867,3867,0.99974147,0.99974147,0.99974147,5857.91111111,242911.00000000,7274.15000000,4,800.00000000,1800.00000000,1200.00000000,2,6,2,0,False,1,0.25000000,0,3,4,2,2600.00000000,2340.00000000,2940.00000000,7888.35000000,1638.54000000,1140.00000000,2778.54000000,8239.51500000,1.54363333,533.35416667,398.60216695
episode_2020-10-01_2022-10-01,overlapping_2y_episode,2020-10-01,2022-10-01 00:00:00,4,1,least_trades,0.90000000,1000.00000000,1,3868,3868,3867,3867,0.99974147,0.99974147,0.99974147,5857.91111111,242911.00000000,7274.15000000,4,800.00000000,1800.00000000,1400.00000000,3,7,3,0,False,1,0.25000000,0,3,4,3,1800.00000000,1620.00000000,2020.00000000,8189.05000000,774.31500000,220.00000000,994.31500000,8014.31500000,0.55239722,399.02083333,144.48248164
episode_2020-10-01_2022-10-01,overlapping_2y_episode,2020-10-01,2022-10-01 00:00:00,4,1,max_headroom,0.90000000,1000.00000000,1,3868,3868,3867,3867,0.99974147,0.99974147,0.99974147,5857.91111111,242911.00000000,7274.15000000,4,800.00000000,1800.00000000,800.00000000,0,4,0,0,False,0,0.00000000,0,4,4,2,1800.00000000,1620.00000000,2620.00000000,5474.15000000,1287.90000000,820.00000000,2107.90000000,5746.73500000,1.17105556,494.70833333,689.27040231
episode_2020-10-01_2022-10-01,overlapping_2y_episode,2020-10-01,2022-10-01 00:00:00,4,1,protect_frozen,0.90000000,1000.00000000,1,3868,3868,3867,3867,0.99974147,0.99974147,0.99974147,5857.91111111,242911.00000000,7274.15000000,4,800.00000000,1800.00000000,1400.00000000,3,7,3,0,False,1,0.25000000,0,3,4,4,1000.00000000,900.00000000,1300.00000000,10379.50000000,523.89000000,-500.00000000,23.89000000,8841.55000000,0.01327222,575.39583333,210.86844240
episode_2020-10-01_2022-10-01,overlapping_2y_episode,2020-10-01,2022-10-01 00:00:00,4,1,stable_hash,0.90000000,1000.00000000,1,3868,3868,3867,3867,0.99974147,0.99974147,0.99974147,5857.91111111,242911.00000000,7274.15000000,4,800.00000000,1800.00000000,1200.00000000,2,6,2,0,False,1,0.25000000,0,3,4,2,1800.00000000,1620.00000000,2220.00000000,7789.15000000,1201.05000000,420.00000000,1621.05000000,7430.23500000,0.90058333,491.87500000,355.72276776
episode_2020-10-01_2022-10-01,overlapping_2y_episode,2020-10-01,2022-10-01 00:00:00,5,1,round_robin,0.90000000,1000.00000000,1,3868,3868,3868,3868,1.00000000,1.00000000,1.00000000,5858.48333333,242954.00000000,7330.60000000,5,1000.00000000,2000.00000000,1000.00000000,0,5,0,0,False,0,0.00000000,0,5,5,2,200.00000000,180.00000000,1180.00000000,7130.60000000,13.81500000,-820.00000000,-806.18500000,5597.54000000,-0.40309250,586.87500000,2.57681975
episode_2020-10-01_2022-10-01,overlapping_2y_episode,2020-10-01,2022-10-01 00:00:00,5,1,least_trades,0.90000000,1000.00000000,1,3868,3868,3868,3868,1.00000000,1.00000000,1.00000000,5858.48333333,242954.00000000,7330.60000000,5,1000.00000000,2000.00000000,1600.00000000,3,8,3,0,False,1,0.20000000,0,4,5,4,1200.00000000,1080.00000000,1480.00000000,11149.85000000,554.94000000,-520.00000000,34.94000000,9514.86500000,0.01747000,543.70833333,92.30081256
episode_2020-10-01_2022-10-01,overlapping_2y_episode,2020-10-01,2022-10-01 00:00:00,5,1,max_headroom,0.90000000,1000.00000000,1,3868,3868,3868,3868,1.00000000,1.00000000,1.00000000,5858.48333333,242954.00000000,7330.60000000,5,1000.00000000,2000.00000000,1000.00000000,0,5,0,0,False,0,0.00000000,0,5,5,2,2600.00000000,2340.00000000,3340.00000000,4730.60000000,1104.16500000,1340.00000000,2444.16500000,6970.26500000,1.22208250,508.12500000,560.40399713
episode_2020-10-01_2022-10-01,overlapping_2y_episode,2020-10-01,2022-10-01 00:00:00,5,1,protect_frozen,0.90000000,1000.00000000,1,3868,3868,3868,3868,1.00000000,1.00000000,1.00000000,5858.48333333,242954.00000000,7330.60000000,5,1000.00000000,2000.00000000,1400.00000000,2,7,2,0,False,1,0.20000000,0,4,5,3,0.00000000,0.00000000,600.00000000,10693.80000000,321.61500000,-1400.00000000,-1078.38500000,8224.42000000,-0.53919250,,207.86476373
episode_2020-10-01_2022-10-01,overlapping_2y_episode,2020-10-01,2022-10-01 00:00:00,5,1,stable_hash,0.90000000,1000.00000000,1,3868,3868,3868,3868,1.00000000,1.00000000,1.00000000,5858.48333333,242954.00000000,7330.60000000,5,1000.00000000,2000.00000000,1600.00000000,3,8,3,0,False,1,0.20000000,0,4,5,3,2200.00000000,1980.00000000,2380.00000000,11108.35000000,1689.70500000,380.00000000,2069.70500000,10430.43500000,1.03485250,428.25000000,345.21390470
episode_2020-10-01_2022-10-01,overlapping_2y_episode,2020-10-01,2022-10-01 00:00:00,6,1,round_robin,0.90000000,1000.00000000,1,3868,3868,3868,3868,1.00000000,1.00000000,1.00000000,5858.48333333,242954.00000000,7330.60000000,5,1200.00000000,2200.00000000,1400.00000000,1,7,1,0,False,1,0.16666667,0,5,6,2,1000.00000000,900.00000000,1700.00000000,8566.40000000,301.32000000,-500.00000000,-198.68000000,7209.76000000,-0.09030909,490.97916667,154.88669694
episode_2020-10-01_2022-10-01,overlapping_2y_episode,2020-10-01,2022-10-01 00:00:00,6,1,least_trades,0.90000000,1000.00000000,1,3868,3868,3868,3868,1.00000000,1.00000000,1.00000000,5858.48333333,242954.00000000,7330.60000000,5,1200.00000000,2200.00000000,1600.00000000,2,8,2,0,False,1,0.16666667,0,5,6,4,400.00000000,360.00000000,960.00000000,9411.50000000,331.42500000,-1240.00000000,-908.57500000,8013.35000000,-0.41298864,397.66666667,44.72135955
episode_2020-10-01_2022-10-01,overlapping_2y_episode,2020-10-01,2022-10-01 00:00:00,6,1,max_headroom,0.90000000,1000.00000000,1,3868,3868,3868,3868,1.00000000,1.00000000,1.00000000,5858.48333333,242954.00000000,7330.60000000,5,1200.00000000,2200.00000000,1200.00000000,0,6,0,0,False,0,0.00000000,0,6,6,2,2800.00000000,2520.00000000,3520.00000000,4530.60000000,1791.04500000,1320.00000000,3111.04500000,7766.52000000,1.41411136,484.95833333,467.56128535
episode_2020-10-01_2022-10-01,overlapping_2y_episode,2020-10-01,2022-10-01 00:00:00,6,1,protect_frozen,0.90000000,1000.00000000,1,3868,3868,3868,3868,1.00000000,1.00000000,1.00000000,5858.48333333,242954.00000000,7330.60000000,5,1200.00000000,2200.00000000,2000.00000000,4,10,4,0,False,1,0.16666667,0,5,6,4,0.00000000,0.00000000,200.00000000,11940.90000000,295.24500000,-2000.00000000,-1704.75500000,8756.03500000,-0.77488864,,171.09743813
episode_2020-10-01_2022-10-01,overlapping_2y_episode,2020-10-01,2022-10-01 00:00:00,6,1,stable_hash,0.90000000,1000.00000000,1,3868,3868,3868,3868,1.00000000,1.00000000,1.00000000,5858.48333333,242954.00000000,7330.60000000,5,1200.00000000,2200.00000000,1600.00000000,2,8,2,0,False,1,0.16666667,0,5,6,2,1400.00000000,1260.00000000,1860.00000000,9779.60000000,0.00000000,-340.00000000,-340.00000000,8519.69000000,-0.15454545,433.95833333,180.51777382
episode_2020-10-01_2022-10-01,overlapping_2y_episode,2020-10-01,2022-10-01 00:00:00,8,1,round_robin,0.90000000,1000.00000000,1,3868,3868,3868,3868,1.00000000,1.00000000,1.00000000,5858.48333333,242954.00000000,7330.60000000,5,1600.00000000,2600.00000000,1800.00000000,1,9,1,0,False,1,0.12500000,0,7,8,2,1000.00000000,900.00000000,1700.00000000,8261.70000000,935.82000000,-900.00000000,35.82000000,7091.01000000,0.01377692,544.93750000,66.62159935
episode_2020-10-01_2022-10-01,overlapping_2y_episode,2020-10-01,2022-10-01 00:00:00,8,1,least_trades,0.90000000,1000.00000000,1,3868,3868,3868,3868,1.00000000,1.00000000,1.00000000,5858.48333333,242954.00000000,7330.60000000,5,1600.00000000,2600.00000000,1800.00000000,1,9,1,0,False,1,0.12500000,0,7,8,3,600.00000000,540.00000000,1340.00000000,8661.70000000,360.94500000,-1260.00000000,-899.05500000,7570.35000000,-0.34579038,508.12500000,0.43301270
episode_2020-10-01_2022-10-01,overlapping_2y_episode,2020-10-01,2022-10-01 00:00:00,8,1,max_headroom,0.90000000,1000.00000000,1,3868,3868,3868,3868,1.00000000,1.00000000,1.00000000,5858.48333333,242954.00000000,7330.60000000,5,1600.00000000,2600.00000000,1600.00000000,0,8,0,0,False,0,0.00000000,0,8,8,3,2600.00000000,2340.00000000,3340.00000000,4730.60000000,1229.44500000,740.00000000,1969.44500000,7060.65500000,0.75747885,509.52083333,447.95451778
episode_2020-10-01_2022-10-01,overlapping_2y_episode,2020-10-01,2022-10-01 00:00:00,8,1,protect_frozen,0.90000000,1000.00000000,1,3868,3868,3868,3868,1.00000000,1.00000000,1.00000000,5858.48333333,242954.00000000,7330.60000000,5,1600.00000000,2600.00000000,2000.00000000,2,10,2,0,False,1,0.12500000,0,7,8,3,0.00000000,0.00000000,600.00000000,10764.75000000,103.72500000,-2000.00000000,-1896.27500000,9209.41000000,-0.72933654,,103.74058692
episode_2020-10-01_2022-10-01,overlapping_2y_episode,2020-10-01,2022-10-01 00:00:00,8,1,stable_hash,0.90000000,1000.00000000,1,3868,3868,3868,3868,1.00000000,1.00000000,1.00000000,5858.48333333,242954.00000000,7330.60000000,5,1600.00000000,2600.00000000,1800.00000000,1,9,1,0,False,1,0.12500000,0,7,8,3,1400.00000000,1260.00000000,2060.00000000,8218.50000000,521.41500000,-540.00000000,-18.58500000,8481.33000000,-0.00714808,418.70833333,118.21458243
episode_2020-10-01_2022-10-01,overlapping_2y_episode,2020-10-01,2022-10-01 00:00:00,10,1,round_robin,0.90000000,1000.00000000,1,3868,3868,3868,3868,1.00000000,1.00000000,1.00000000,5858.48333333,242954.00000000,7330.60000000,5,2000.00000000,3000.00000000,2800.00000000,4,14,4,0,False,1,0.10000000,0,9,10,2,1600.00000000,1440.00000000,1640.00000000,12497.05000000,818.68500000,-1360.00000000,-541.31500000,10003.76000000,-0.18043833,558.66666667,141.42308864
episode_2020-10-01_2022-10-01,overlapping_2y_episode,2020-10-01,2022-10-01 00:00:00,10,1,least_trades,0.90000000,1000.00000000,1,3868,3868,3868,3868,1.00000000,1.00000000,1.00000000,5858.48333333,242954.00000000,7330.60000000,5,2000.00000000,3000.00000000,2600.00000000,3,13,3,0,False,1,0.10000000,0,9,10,3,400.00000000,360.00000000,760.00000000,12718.30000000,250.38000000,-2240.00000000,-1989.62000000,9789.49000000,-0.66320667,575.33333333,0.48989795
episode_2020-10-01_2022-10-01,overlapping_2y_episode,2020-10-01,2022-10-01 00:00:00,10,1,max_headroom,0.90000000,1000.00000000,1,3868,3868,3868,3868,1.00000000,1.00000000,1.00000000,5858.48333333,242954.00000000,7330.60000000,5,2000.00000000,3000.00000000,2000.00000000,0,10,0,0,False,0,0.00000000,0,10,10,3,2800.00000000,2520.00000000,3520.00000000,4530.60000000,976.86000000,520.00000000,1496.86000000,7916.29000000,0.49895333,497.60416667,261.86210111
episode_2020-10-01_2022-10-01,overlapping_2y_episode,2020-10-01,2022-10-01 00:00:00,10,1,protect_frozen,0.90000000,1000.00000000,1,3868,3868,3868,3868,1.00000000,1.00000000,1.00000000,5858.48333333,242954.00000000,7330.60000000,5,2000.00000000,3000.00000000,2400.00000000,2,12,2,0,False,1,0.10000000,0,9,10,3,200.00000000,180.00000000,780.00000000,11844.95000000,319.90500000,-2220.00000000,-1900.09500000,9028.42500000,-0.63336500,558.66666667,63.76746819
episode_2020-10-01_2022-10-01,overlapping_2y_episode,2020-10-01,2022-10-01 00:00:00,10,1,stable_hash,0.90000000,1000.00000000,1,3868,3868,3868,3868,1.00000000,1.00000000,1.00000000,5858.48333333,242954.00000000,7330.60000000,5,2000.00000000,3000.00000000,2200.00000000,1,11,1,0,False,1,0.10000000,0,9,10,3,1400.00000000,1260.00000000,2060.00000000,8240.00000000,600.88500000,-940.00000000,-339.11500000,9330.75500000,-0.11303833,433.95833333,90.03999112
episode_2020-10-01_2022-10-01,overlapping_2y_episode,2020-10-01,2022-10-01 00:00:00,12,1,round_robin,0.90000000,1000.00000000,1,3868,3868,3868,3868,1.00000000,1.00000000,1.00000000,5858.48333333,242954.00000000,7330.60000000,5,2400.00000000,3400.00000000,2600.00000000,1,13,1,0,False,1,0.08333333,0,11,12,1,0.00000000,0.00000000,800.00000000,9124.70000000,0.00000000,-2600.00000000,-2600.00000000,7610.14000000,-0.76470588,,69.45062195
episode_2020-10-01_2022-10-01,overlapping_2y_episode,2020-10-01,2022-10-01 00:00:00,12,1,least_trades,0.90000000,1000.00000000,1,3868,3868,3868,3868,1.00000000,1.00000000,1.00000000,5858.48333333,242954.00000000,7330.60000000,5,2400.00000000,3400.00000000,2600.00000000,1,13,1,0,False,1,0.08333333,0,11,12,2,800.00000000,720.00000000,1520.00000000,7916.35000000,119.47500000,-1880.00000000,-1760.52500000,9659.08000000,-0.51780147,502.43750000,0.43301270
episode_2020-10-01_2022-10-01,overlapping_2y_episode,2020-10-01,2022-10-01 00:00:00,12,1,max_headroom,0.90000000,1000.00000000,1,3868,3868,3868,3868,1.00000000,1.00000000,1.00000000,5858.48333333,242954.00000000,7330.60000000,5,2400.00000000,3400.00000000,2400.00000000,0,12,0,0,False,0,0.00000000,0,12,12,2,1600.00000000,1440.00000000,2440.00000000,5730.60000000,962.77500000,-960.00000000,2.77500000,6632.89500000,0.00081618,515.31250000,180.03626178
episode_2020-10-01_2022-10-01,overlapping_2y_episode,2020-10-01,2022-10-01 00:00:00,12,1,protect_frozen,0.90000000,1000.00000000,1,3868,3868,3868,3868,1.00000000,1.00000000,1.00000000,5858.48333333,242954.00000000,7330.60000000,5,2400.00000000,3400.00000000,2800.00000000,2,14,2,0,False,1,0.08333333,0,11,12,2,0.00000000,0.00000000,600.00000000,10627.00000000,147.33000000,-2800.00000000,-2652.67000000,8994.99500000,-0.78019706,,48.11358090
episode_2020-10-01_2022-10-01,overlapping_2y_episode,2020-10-01,2022-10-01 00:00:00,12,1,stable_hash,0.90000000,1000.00000000,1,3868,3868,3868,3868,1.00000000,1.00000000,1.00000000,5858.48333333,242954.00000000,7330.60000000,5,2400.00000000,3400.00000000,2600.00000000,1,13,1,0,False,1,0.08333333,0,11,12,2,400.00000000,360.00000000,1160.00000000,9187.15000000,281.52000000,-2240.00000000,-1958.48000000,8262.73000000,-0.57602353,564.60416667,74.90378087
episode_2020-10-01_2022-10-01,overlapping_2y_episode,2020-10-01,2022-10-01 00:00:00,15,1,round_robin,0.90000000,1000.00000000,1,3868,3868,3868,3868,1.00000000,1.00000000,1.00000000,5858.48333333,242954.00000000,7330.60000000,5,3000.00000000,4000.00000000,3200.00000000,1,16,1,0,False,1,0.06666667,0,14,15,2,600.00000000,540.00000000,1340.00000000,9198.70000000,643.72500000,-2660.00000000,-2016.27500000,10037.47000000,-0.50406875,571.95833333,33.15914488
episode_2020-10-01_2022-10-01,overlapping_2y_episode,2020-10-01,2022-10-01 00:00:00,15,1,least_trades,0.90000000,1000.00000000,1,3868,3868,3868,3868,1.00000000,1.00000000,1.00000000,5858.48333333,242954.00000000,7330.60000000,5,3000.00000000,4000.00000000,3400.00000000,2,17,2,0,False,1,0.06666667,0,14,15,3,200.00000000,180.00000000,780.00000000,12418.60000000,90.63000000,-3220.00000000,-3129.37000000,10930.02500000,-0.78234250,725.70833333,0.33993463
episode_2020-10-01_2022-10-01,overlapping_2y_episode,2020-10-01,2022-10-01 00:00:00,15,1,max_headroom,0.90000000,1000.00000000,1,3868,3868,3868,3868,1.00000000,1.00000000,1.00000000,5858.48333333,242954.00000000,7330.60000000,5,3000.00000000,4000.00000000,3000.00000000,0,15,0,0,False,0,0.00000000,0,15,15,4,1600.00000000,1440.00000000,2440.00000000,5730.60000000,525.69000000,-1560.00000000,-1034.31000000,8573.28000000,-0.25857750,398.87500000,178.71424740
episode_2020-10-01_2022-10-01,overlapping_2y_episode,2020-10-01,2022-10-01 00:00:00,15,1,protect_frozen,0.90000000,1000.00000000,1,3868,3868,3868,3868,1.00000000,1.00000000,1.00000000,5858.48333333,242954.00000000,7330.60000000,5,3000.00000000,4000.00000000,3600.00000000,3,18,3,0,False,1,0.06666667,0,14,15,4,0.00000000,0.00000000,400.00000000,14136.05000000,223.20000000,-3600.00000000,-3376.80000000,11953.08000000,-0.84420000,,16.44708687
episode_2020-10-01_2022-10-01,overlapping_2y_episode,2020-10-01,2022-10-01 00:00:00,15,1,stable_hash,0.90000000,1000.00000000,1,3868,3868,3868,3868,1.00000000,1.00000000,1.00000000,5858.48333333,242954.00000000,7330.60000000,5,3000.00000000,4000.00000000,3200.00000000,1,16,1,0,False,1,0.06666667,0,14,15,2,400.00000000,360.00000000,1160.00000000,9344.50000000,228.96000000,-2840.00000000,-2611.04000000,7291.75000000,-0.65276000,565.93750000,57.81426199
episode_2020-10-01_2022-10-01,overlapping_2y_episode,2020-10-01,2022-10-01 00:00:00,20,1,round_robin,0.90000000,1000.00000000,1,3868,3868,3868,3868,1.00000000,1.00000000,1.00000000,5858.48333333,242954.00000000,7330.60000000,5,4000.00000000,5000.00000000,4400.00000000,2,22,2,0,False,1,0.05000000,0,19,20,0,0.00000000,0.00000000,600.00000000,12030.65000000,0.00000000,-4400.00000000,-4400.00000000,9616.96000000,-0.88000000,,40.56386939
episode_2020-10-01_2022-10-01,overlapping_2y_episode,2020-10-01,2022-10-01 00:00:00,20,1,least_trades,0.90000000,1000.00000000,1,3868,3868,3868,3868,1.00000000,1.00000000,1.00000000,5858.48333333,242954.00000000,7330.60000000,5,4000.00000000,5000.00000000,4200.00000000,1,21,1,0,False,1,0.05000000,0,19,20,2,200.00000000,180.00000000,980.00000000,9347.90000000,0.00000000,-4020.00000000,-4020.00000000,8822.77500000,-0.80400000,509.91666667,0.30000000
episode_2020-10-01_2022-10-01,overlapping_2y_episode,2020-10-01,2022-10-01 00:00:00,20,1,max_headroom,0.90000000,1000.00000000,1,3868,3868,3868,3868,1.00000000,1.00000000,1.00000000,5858.48333333,242954.00000000,7330.60000000,5,4000.00000000,5000.00000000,4000.00000000,0,20,0,0,False,0,0.00000000,0,20,20,3,200.00000000,180.00000000,1180.00000000,7130.60000000,0.00000000,-3820.00000000,-3820.00000000,7223.22500000,-0.76400000,712.37500000,110.54971732
episode_2020-10-01_2022-10-01,overlapping_2y_episode,2020-10-01,2022-10-01 00:00:00,20,1,protect_frozen,0.90000000,1000.00000000,1,3868,3868,3868,3868,1.00000000,1.00000000,1.00000000,5858.48333333,242954.00000000,7330.60000000,5,4000.00000000,5000.00000000,4600.00000000,3,23,3,0,False,1,0.05000000,0,19,20,2,0.00000000,0.00000000,400.00000000,13992.05000000,52.33500000,-4600.00000000,-4547.66500000,13126.17500000,-0.90953300,,16.63272377
episode_2020-10-01_2022-10-01,overlapping_2y_episode,2020-10-01,2022-10-01 00:00:00,20,1,stable_hash,0.90000000,1000.00000000,1,3868,3868,3868,3868,1.00000000,1.00000000,1.00000000,5858.48333333,242954.00000000,7330.60000000,5,4000.00000000,5000.00000000,4200.00000000,1,21,1,0,False,1,0.05000000,0,19,20,0,0.00000000,0.00000000,800.00000000,9720.40000000,0.00000000,-4200.00000000,-4200.00000000,7859.82000000,-0.84000000,,42.50341163
episode_2020-10-01_2022-10-01,overlapping_2y_episode,2020-10-01,2022-10-01 00:00:00,4,2,round_robin,0.90000000,1000.00000000,1,3868,7736,7375,7375,0.95333506,0.95346432,0.95320579,11376.64444444,468709.00000000,14217.25000000,4,800.00000000,1800.00000000,1200.00000000,2,6,2,0,False,2,0.50000000,0,2,4,4,5000.00000000,4500.00000000,5100.00000000,12471.25000000,2892.82500000,3300.00000000,6192.82500000,14524.12500000,3.44045833,491.87500000,408.79785653
episode_2020-10-01_2022-10-01,overlapping_2y_episode,2020-10-01,2022-10-01 00:00:00,4,2,least_trades,0.90000000,1000.00000000,1,3868,7736,7376,7376,0.95346432,0.95346432,0.95346432,11377.30000000,468764.00000000,14173.20000000,4,800.00000000,1800.00000000,2400.00000000,8,12,8,0,False,2,0.50000000,0,2,4,4,8800.00000000,7920.00000000,7320.00000000,15853.15000000,4907.83500000,5520.00000000,10427.83500000,19787.83500000,5.79324167,167.85416667,440.25014196
episode_2020-10-01_2022-10-01,overlapping_2y_episode,2020-10-01,2022-10-01 00:00:00,4,2,max_headroom,0.90000000,1000.00000000,1,3868,7736,7376,7376,0.95346432,0.95346432,0.95346432,11377.30000000,468764.00000000,14173.20000000,4,800.00000000,1800.00000000,1200.00000000,2,6,2,0,False,2,0.50000000,0,2,4,4,3200.00000000,2880.00000000,3480.00000000,11790.70000000,2465.19000000,1680.00000000,4145.19000000,12291.63000000,2.30288333,497.70833333,22.50000000
episode_2020-10-01_2022-10-01,overlapping_2y_episode,2020-10-01,2022-10-01 00:00:00,4,2,protect_frozen,0.90000000,1000.00000000,1,3868,7736,7376,7376,0.95346432,0.95346432,0.95346432,11377.30000000,468764.00000000,14173.20000000,4,800.00000000,1800.00000000,1600.00000000,4,8,4,0,False,2,0.50000000,0,2,4,4,8400.00000000,7560.00000000,7760.00000000,13858.60000000,4073.67000000,5960.00000000,10033.67000000,18432.74000000,5.57426111,167.85416667,0.00000000
episode_2020-10-01_2022-10-01,overlapping_2y_episode,2020-10-01,2022-10-01 00:00:00,4,2,stable_hash,0.90000000,1000.00000000,1,3868,7736,7376,7376,0.95346432,0.95346432,0.95346432,11377.30000000,468764.00000000,14173.20000000,4,800.00000000,1800.00000000,1600.00000000,4,8,4,0,False,1,0.25000000,0,3,4,4,5400.00000000,4860.00000000,5060.00000000,12995.45000000,2335.90500000,3260.00000000,5595.90500000,14955.90500000,3.10883611,433.12500000,453.07470411
episode_2020-10-01_2022-10-01,overlapping_2y_episode,2020-10-01,2022-10-01 00:00:00,5,2,round_robin,0.90000000,1000.00000000,1,3868,7736,7533,7533,0.97375905,0.99405377,0.95346432,11533.99444444,476171.00000000,15017.85000000,5,1000.00000000,2000.00000000,1800.00000000,4,9,4,0,False,1,0.20000000,0,4,5,4,5000.00000000,4500.00000000,4700.00000000,14060.90000000,2201.58000000,2700.00000000,4901.58000000,15354.81000000,2.45079000,481.87500000,409.45749474
episode_2020-10-01_2022-10-01,overlapping_2y_episode,2020-10-01,2022-10-01 00:00:00,5,2,least_trades,0.90000000,1000.00000000,1,3868,7736,7533,7533,0.97375905,0.99405377,0.95346432,11533.99444444,476171.00000000,15017.85000000,5,1000.00000000,2000.00000000,2000.00000000,5,10,5,0,False,1,0.20000000,0,4,5,4,4000.00000000,3600.00000000,3600.00000000,12783.35000000,1246.00500000,1600.00000000,2846.00500000,13105.01500000,1.42300250,509.52083333,390.80818825
episode_2020-10-01_2022-10-01,overlapping_2y_episode,2020-10-01,2022-10-01 00:00:00,5,2,max_headroom,0.90000000,1000.00000000,1,3868,7736,7533,7533,0.97375905,0.99405377,0.95346432,11533.99444444,476171.00000000,15017.85000000,5,1000.00000000,2000.00000000,1400.00000000,2,7,2,0,False,1,0.20000000,0,4,5,4,3800.00000000,3420.00000000,4020.00000000,12483.65000000,2189.47500000,2020.00000000,4209.47500000,13255.28500000,2.10473750,484.95833333,546.53036512
episode_2020-10-01_2022-10-01,overlapping_2y_episode,2020-10-01,2022-10-01 00:00:00,5,2,protect_frozen,0.90000000,1000.00000000,1,3868,7736,7533,7533,0.97375905,0.99405377,0.95346432,11533.99444444,476171.00000000,15017.85000000,5,1000.00000000,2000.00000000,2000.00000000,5,10,5,0,False,1,0.20000000,0,4,5,5,3000.00000000,2700.00000000,2700.00000000,14025.60000000,966.42000000,700.00000000,1666.42000000,13323.04000000,0.83321000,515.70833333,399.56906787
episode_2020-10-01_2022-10-01,overlapping_2y_episode,2020-10-01,2022-10-01 00:00:00,5,2,stable_hash,0.90000000,1000.00000000,1,3868,7736,7533,7533,0.97375905,0.99405377,0.95346432,11533.99444444,476171.00000000,15017.85000000,5,1000.00000000,2000.00000000,2000.00000000,5,10,5,0,False,1,0.20000000,0,4,5,3,4600.00000000,4140.00000000,4140.00000000,14534.40000000,2393.77500000,2140.00000000,4533.77500000,15220.96000000,2.26688750,379.22916667,580.31770609
episode_2020-10-01_2022-10-01,overlapping_2y_episode,2020-10-01,2022-10-01 00:00:00,6,2,round_robin,0.90000000,1000.00000000,1,3868,7736,7690,7690,0.99405377,0.99405377,0.99405377,11690.68888889,483578.00000000,15862.50000000,6,1200.00000000,2200.00000000,1600.00000000,2,8,2,0,False,2,0.33333333,0,4,6,2,2800.00000000,2520.00000000,3120.00000000,12448.20000000,872.55000000,920.00000000,1792.55000000,12123.38000000,0.81479545,524.93750000,523.73296843
episode_2020-10-01_2022-10-01,overlapping_2y_episode,2020-10-01,2022-10-01 00:00:00,6,2,least_trades,0.90000000,1000.00000000,1,3868,7736,7690,7690,0.99405377,0.99405377,0.99405377,11690.68888889,483578.00000000,15862.50000000,6,1200.00000000,2200.00000000,1600.00000000,2,8,2,0,False,2,0.33333333,0,4,6,4,4200.00000000,3780.00000000,4380.00000000,16258.20000000,2753.91000000,2180.00000000,4933.91000000,16812.38000000,2.24268636,502.43750000,0.00000000
episode_2020-10-01_2022-10-01,overlapping_2y_episode,2020-10-01,2022-10-01 00:00:00,6,2,max_headroom,0.90000000,1000.00000000,1,3868,7736,7690,7690,0.99405377,0.99405377,0.99405377,11690.68888889,483578.00000000,15862.50000000,6,1200.00000000,2200.00000000,1200.00000000,0,6,0,0,False,0,0.00000000,0,6,6,4,5600.00000000,5040.00000000,6040.00000000,10262.50000000,2372.94000000,3840.00000000,6212.94000000,15384.03000000,2.82406364,496.95833333,662.18141187
episode_2020-10-01_2022-10-01,overlapping_2y_episode,2020-10-01,2022-10-01 00:00:00,6,2,protect_frozen,0.90000000,1000.00000000,1,3868,7736,7690,7690,0.99405377,0.99405377,0.99405377,11690.68888889,483578.00000000,15862.50000000,6,1200.00000000,2200.00000000,1600.00000000,2,8,2,0,False,2,0.33333333,0,4,6,6,3600.00000000,3240.00000000,3840.00000000,16858.20000000,1994.76000000,1640.00000000,3634.76000000,16812.38000000,1.65216364,502.95833333,0.00000000
episode_2020-10-01_2022-10-01,overlapping_2y_episode,2020-10-01,2022-10-01 00:00:00,6,2,stable_hash,0.90000000,1000.00000000,1,3868,7736,7690,7690,0.99405377,0.99405377,0.99405377,11690.68888889,483578.00000000,15862.50000000,6,1200.00000000,2200.00000000,2000.00000000,4,10,4,0,False,1,0.16666667,0,5,6,4,4600.00000000,4140.00000000,4340.00000000,16930.95000000,2111.22000000,2140.00000000,4251.22000000,17377.85500000,1.93237273,379.22916667,317.79103022
episode_2020-10-01_2022-10-01,overlapping_2y_episode,2020-10-01,2022-10-01 00:00:00,8,2,round_robin,0.90000000,1000.00000000,1,3868,7736,7734,7734,0.99974147,0.99974147,0.99974147,11715.82222222,485822.00000000,14548.30000000,8,1600.00000000,2600.00000000,2400.00000000,4,12,4,0,False,2,0.25000000,0,6,8,4,5200.00000000,4680.00000000,4880.00000000,15776.70000000,3277.08000000,2280.00000000,5557.08000000,16479.03000000,2.13733846,533.35416667,398.60216695
episode_2020-10-01_2022-10-01,overlapping_2y_episode,2020-10-01,2022-10-01 00:00:00,8,2,least_trades,0.90000000,1000.00000000,1,3868,7736,7734,7734,0.99974147,0.99974147,0.99974147,11715.82222222,485822.00000000,14548.30000000,8,1600.00000000,2600.00000000,2800.00000000,6,14,6,0,False,2,0.25000000,0,6,8,5,3400.00000000,3060.00000000,2860.00000000,16424.05000000,1399.72500000,260.00000000,1659.72500000,15286.26500000,0.63835577,399.02083333,144.84296453
episode_2020-10-01_2022-10-01,overlapping_2y_episode,2020-10-01,2022-10-01 00:00:00,8,2,max_headroom,0.90000000,1000.00000000,1,3868,7736,7734,7734,0.99974147,0.99974147,0.99974147,11715.82222222,485822.00000000,14548.30000000,8,1600.00000000,2600.00000000,1600.00000000,0,8,0,0,False,0,0.00000000,0,8,8,4,3600.00000000,3240.00000000,4240.00000000,10948.30000000,2575.80000000,1640.00000000,4215.80000000,11493.47000000,1.62146154,494.70833333,689.27040231
episode_2020-10-01_2022-10-01,overlapping_2y_episode,2020-10-01,2022-10-01 00:00:00,8,2,protect_frozen,0.90000000,1000.00000000,1,3868,7736,7734,7734,0.99974147,0.99974147,0.99974147,11715.82222222,485822.00000000,14548.30000000,8,1600.00000000,2600.00000000,2800.00000000,6,14,6,0,False,2,0.25000000,0,6,8,8,2200.00000000,1980.00000000,1780.00000000,20691.00000000,983.20500000,-820.00000000,163.20500000,17801.90000000,0.06277115,575.39583333,212.03478488
episode_2020-10-01_2022-10-01,overlapping_2y_episode,2020-10-01,2022-10-01 00:00:00,8,2,stable_hash,0.90000000,1000.00000000,1,3868,7736,7734,7734,0.99974147,0.99974147,0.99974147,11715.82222222,485822.00000000,14548.30000000,8,1600.00000000,2600.00000000,2400.00000000,4,12,4,0,False,1,0.12500000,0,7,8,5,4000.00000000,3600.00000000,3800.00000000,15934.20000000,2486.07000000,1200.00000000,3686.07000000,16636.98000000,1.41771923,491.87500000,366.34648900
episode_2020-10-01_2022-10-01,overlapping_2y_episode,2020-10-01,2022-10-01 00:00:00,10,2,round_robin,0.90000000,1000.00000000,1,3868,7736,7736,7736,1.00000000,1.00000000,1.00000000,11716.96666667,485908.00000000,14661.20000000,10,2000.00000000,3000.00000000,2000.00000000,0,10,0,0,False,0,0.00000000,0,10,10,4,400.00000000,360.00000000,1360.00000000,14261.20000000,27.63000000,-1640.00000000,-1612.37000000,11195.08000000,-0.53745667,586.87500000,2.57681975
episode_2020-10-01_2022-10-01,overlapping_2y_episode,2020-10-01,2022-10-01 00:00:00,10,2,least_trades,0.90000000,1000.00000000,1,3868,7736,7736,7736,1.00000000,1.00000000,1.00000000,11716.96666667,485908.00000000,14661.20000000,10,2000.00000000,3000.00000000,3200.00000000,6,16,6,0,False,2,0.20000000,0,8,10,8,2000.00000000,1800.00000000,1600.00000000,22241.65000000,1260.04500000,-1400.00000000,-139.95500000,18617.48500000,-0.04665167,543.70833333,92.60026998
episode_2020-10-01_2022-10-01,overlapping_2y_episode,2020-10-01,2022-10-01 00:00:00,10,2,max_headroom,0.90000000,1000.00000000,1,3868,7736,7736,7736,1.00000000,1.00000000,1.00000000,11716.96666667,485908.00000000,14661.20000000,10,2000.00000000,3000.00000000,2000.00000000,0,10,0,0,False,0,0.00000000,0,10,10,4,5200.00000000,4680.00000000,5680.00000000,9461.20000000,2208.33000000,2680.00000000,4888.33000000,13940.53000000,1.62944333,508.12500000,560.40399713
episode_2020-10-01_2022-10-01,overlapping_2y_episode,2020-10-01,2022-10-01 00:00:00,10,2,protect_frozen,0.90000000,1000.00000000,1,3868,7736,7736,7736,1.00000000,1.00000000,1.00000000,11716.96666667,485908.00000000,14661.20000000,10,2000.00000000,3000.00000000,2800.00000000,4,14,4,0,False,2,0.20000000,0,8,10,6,0.00000000,0.00000000,200.00000000,20756.90000000,369.99000000,-2800.00000000,-2430.01000000,15881.21000000,-0.81000333,,176.68038940
episode_2020-10-01_2022-10-01,overlapping_2y_episode,2020-10-01,2022-10-01 00:00:00,10,2,stable_hash,0.90000000,1000.00000000,1,3868,7736,7736,7736,1.00000000,1.00000000,1.00000000,11716.96666667,485908.00000000,14661.20000000,10,2000.00000000,3000.00000000,2400.00000000,2,12,2,0,False,1,0.10000000,0,9,10,4,2800.00000000,2520.00000000,3120.00000000,13903.65000000,2512.17000000,120.00000000,2632.17000000,14473.65000000,0.87739000,425.87500000,246.90972034
episode_2020-10-01_2022-10-01,overlapping_2y_episode,2020-10-01,2022-10-01 00:00:00,12,2,round_robin,0.90000000,1000.00000000,1,3868,7736,7736,7736,1.00000000,1.00000000,1.00000000,11716.96666667,485908.00000000,14661.20000000,10,2400.00000000,3400.00000000,2800.00000000,2,14,2,0,False,2,0.16666667,0,10,12,4,2000.00000000,1800.00000000,2400.00000000,17132.80000000,602.64000000,-1000.00000000,-397.36000000,14419.52000000,-0.11687059,490.97916667,154.88669694
episode_2020-10-01_2022-10-01,overlapping_2y_episode,2020-10-01,2022-10-01 00:00:00,12,2,least_trades,0.90000000,1000.00000000,1,3868,7736,7736,7736,1.00000000,1.00000000,1.00000000,11716.96666667,485908.00000000,14661.20000000,10,2400.00000000,3400.00000000,3200.00000000,4,16,4,0,False,2,0.16666667,0,10,12,7,800.00000000,720.00000000,920.00000000,18426.00000000,677.65500000,-2480.00000000,-1802.34500000,15727.45000000,-0.53010147,397.66666667,44.94626421
episode_2020-10-01_2022-10-01,overlapping_2y_episode,2020-10-01,2022-10-01 00:00:00,12,2,max_headroom,0.90000000,1000.00000000,1,3868,7736,7736,7736,1.00000000,1.00000000,1.00000000,11716.96666667,485908.00000000,14661.20000000,10,2400.00000000,3400.00000000,2400.00000000,0,12,0,0,False,0,0.00000000,0,12,12,4,5600.00000000,5040.00000000,6040.00000000,9061.20000000,3582.09000000,2640.00000000,6222.09000000,15533.04000000,1.83002647,484.95833333,467.56128535
episode_2020-10-01_2022-10-01,overlapping_2y_episode,2020-10-01,2022-10-01 00:00:00,12,2,protect_frozen,0.90000000,1000.00000000,1,3868,7736,7736,7736,1.00000000,1.00000000,1.00000000,11716.96666667,485908.00000000,14661.20000000,10,2400.00000000,3400.00000000,3600.00000000,6,18,8,0,False,2,0.16666667,0,9,10,8,400.00000000,360.00000000,160.00000000,23916.35000000,866.83500000,-3240.00000000,-2373.16500000,18284.71500000,-0.69798971,690.25000000,229.66412432
episode_2020-10-01_2022-10-01,overlapping_2y_episode,2020-10-01,2022-10-01 00:00:00,12,2,stable_hash,0.90000000,1000.00000000,1,3868,7736,7736,7736,1.00000000,1.00000000,1.00000000,11716.96666667,485908.00000000,14661.20000000,10,2400.00000000,3400.00000000,3600.00000000,6,18,6,0,False,1,0.08333333,0,11,12,6,3800.00000000,3420.00000000,3220.00000000,21358.15000000,3233.47500000,-180.00000000,3053.47500000,19062.94500000,0.89808088,482.43750000,271.51707282
episode_2020-10-01_2022-10-01,overlapping_2y_episode,2020-10-01,2022-10-01 00:00:00,15,2,round_robin,0.90000000,1000.00000000,1,3868,7736,7736,7736,1.00000000,1.00000000,1.00000000,11716.96666667,485908.00000000,14661.20000000,10,3000.00000000,4000.00000000,3800.00000000,4,19,4,0,False,1,0.06666667,0,14,15,4,2000.00000000,1800.00000000,2000.00000000,19482.35000000,882.63000000,-2000.00000000,-1117.37000000,15728.33500000,-0.27934250,460.93750000,158.90256973
episode_2020-10-01_2022-10-01,overlapping_2y_episode,2020-10-01,2022-10-01 00:00:00,15,2,least_trades,0.90000000,1000.00000000,1,3868,7736,7736,7736,1.00000000,1.00000000,1.00000000,11716.96666667,485908.00000000,14661.20000000,10,3000.00000000,4000.00000000,3600.00000000,3,18,3,0,False,1,0.06666667,0,14,15,4,1800.00000000,1620.00000000,2020.00000000,18241.00000000,529.24500000,-1980.00000000,-1450.75500000,15540.43500000,-0.36268875,511.70833333,26.01708840
episode_2020-10-01_2022-10-01,overlapping_2y_episode,2020-10-01,2022-10-01 00:00:00,15,2,max_headroom,0.90000000,1000.00000000,1,3868,7736,7736,7736,1.00000000,1.00000000,1.00000000,11716.96666667,485908.00000000,14661.20000000,10,3000.00000000,4000.00000000,3000.00000000,0,15,0,0,False,0,0.00000000,0,15,15,7,5600.00000000,5040.00000000,6040.00000000,9061.20000000,1005.16500000,2040.00000000,3045.16500000,14301.69000000,0.76129125,399.43750000,406.25992774
episode_2020-10-01_2022-10-01,overlapping_2y_episode,2020-10-01,2022-10-01 00:00:00,15,2,protect_frozen,0.90000000,1000.00000000,1,3868,7736,7736,7736,1.00000000,1.00000000,1.00000000,11716.96666667,485908.00000000,14661.20000000,10,3000.00000000,4000.00000000,3600.00000000,3,18,3,0,False,1,0.06666667,0,14,15,6,0.00000000,0.00000000,400.00000000,19336.30000000,54.63000000,-3600.00000000,-3545.37000000,14824.71000000,-0.88634250,,90.29910791
episode_2020-10-01_2022-10-01,overlapping_2y_episode,2020-10-01,2022-10-01 00:00:00,15,2,stable_hash,0.90000000,1000.00000000,1,3868,7736,7736,7736,1.00000000,1.00000000,1.00000000,11716.96666667,485908.00000000,14661.20000000,10,3000.00000000,4000.00000000,4000.00000000,5,20,5,0,False,1,0.06666667,0,14,15,6,3200.00000000,2880.00000000,2880.00000000,20409.75000000,1115.95500000,-1120.00000000,-4.04500000,17659.49000000,-0.00101125,383.97916667,185.83529147
episode_2020-10-01_2022-10-01,overlapping_2y_episode,2020-10-01,2022-10-01 00:00:00,20,2,round_robin,0.90000000,1000.00000000,1,3868,7736,7736,7736,1.00000000,1.00000000,1.00000000,11716.96666667,485908.00000000,14661.20000000,10,4000.00000000,5000.00000000,5600.00000000,8,28,8,0,False,2,0.10000000,0,18,20,4,3200.00000000,2880.00000000,2280.00000000,24994.10000000,1637.37000000,-2720.00000000,-1082.63000000,20007.52000000,-0.21652600,558.66666667,141.42308864
episode_2020-10-01_2022-10-01,overlapping_2y_episode,2020-10-01,2022-10-01 00:00:00,20,2,least_trades,0.90000000,1000.00000000,1,3868,7736,7736,7736,1.00000000,1.00000000,1.00000000,11716.96666667,485908.00000000,14661.20000000,10,4000.00000000,5000.00000000,5200.00000000,6,26,6,0,False,2,0.10000000,0,18,20,5,1000.00000000,900.00000000,700.00000000,24199.60000000,865.98000000,-4300.00000000,-3434.02000000,18348.86000000,-0.68680400,575.33333333,8.24560489
episode_2020-10-01_2022-10-01,overlapping_2y_episode,2020-10-01,2022-10-01 00:00:00,20,2,max_headroom,0.90000000,1000.00000000,1,3868,7736,7736,7736,1.00000000,1.00000000,1.00000000,11716.96666667,485908.00000000,14661.20000000,10,4000.00000000,5000.00000000,4000.00000000,0,20,0,0,False,0,0.00000000,0,20,20,6,5600.00000000,5040.00000000,6040.00000000,9061.20000000,1953.72000000,1040.00000000,2993.72000000,15832.58000000,0.59874400,497.60416667,261.86210111
episode_2020-10-01_2022-10-01,overlapping_2y_episode,2020-10-01,2022-10-01 00:00:00,20,2,protect_frozen,0.90000000,1000.00000000,1,3868,7736,7736,7736,1.00000000,1.00000000,1.00000000,11716.96666667,485908.00000000,14661.20000000,10,4000.00000000,5000.00000000,5000.00000000,5,25,7,0,False,2,0.10000000,0,18,18,4,0.00000000,0.00000000,0.00000000,28223.85000000,464.80500000,-5000.00000000,-4535.19500000,20401.46500000,-0.90703900,,40.22318139
episode_2020-10-01_2022-10-01,overlapping_2y_episode,2020-10-01,2022-10-01 00:00:00,20,2,stable_hash,0.90000000,1000.00000000,1,3868,7736,7736,7736,1.00000000,1.00000000,1.00000000,11716.96666667,485908.00000000,14661.20000000,10,4000.00000000,5000.00000000,4600.00000000,3,23,3,0,False,1,0.05000000,0,19,20,5,1400.00000000,1260.00000000,1660.00000000,19650.55000000,787.90500000,-3340.00000000,-2552.09500000,16561.79000000,-0.51041900,385.70833333,115.09885968
episode_2020-10-01_2022-10-01,overlapping_2y_episode,2020-10-01,2022-10-01 00:00:00,6,3,round_robin,0.90000000,1000.00000000,1,3868,11604,11062,11062,0.95329197,0.95346432,0.95320579,17064.63888889,703036.00000000,21347.90000000,6,1200.00000000,2200.00000000,1800.00000000,3,9,3,0,False,3,0.50000000,0,3,6,6,7400.00000000,6660.00000000,7060.00000000,18828.90000000,4411.39500000,4860.00000000,9271.39500000,21806.01000000,4.21427045,491.87500000,411.03919791
episode_2020-10-01_2022-10-01,overlapping_2y_episode,2020-10-01,2022-10-01 00:00:00,6,3,least_trades,0.90000000,1000.00000000,1,3868,11604,11064,11064,0.95346432,0.95346432,0.95346432,17065.95000000,703146.00000000,21259.80000000,6,1200.00000000,2200.00000000,3600.00000000,12,18,12,0,False,3,0.50000000,0,3,6,6,12800.00000000,11520.00000000,10120.00000000,23970.40000000,7533.36000000,7920.00000000,15453.36000000,29493.36000000,7.02425455,167.85416667,439.33383915
episode_2020-10-01_2022-10-01,overlapping_2y_episode,2020-10-01,2022-10-01 00:00:00,6,3,max_headroom,0.90000000,1000.00000000,1,3868,11604,11063,11063,0.95337815,0.95346432,0.95320579,17065.92222222,703123.00000000,21283.85000000,6,1200.00000000,2200.00000000,1800.00000000,3,9,3,0,False,3,0.50000000,0,3,6,5,5800.00000000,5220.00000000,5620.00000000,16710.10000000,3120.39000000,3420.00000000,6540.39000000,18459.09000000,2.97290455,490.97916667,182.45060214
episode_2020-10-01_2022-10-01,overlapping_2y_episode,2020-10-01,2022-10-01 00:00:00,6,3,protect_frozen,0.90000000,1000.00000000,1,3868,11604,11064,11064,0.95346432,0.95346432,0.95346432,17065.95000000,703146.00000000,21259.80000000,6,1200.00000000,2200.00000000,2400.00000000,6,12,6,0,False,3,0.50000000,0,3,6,6,11800.00000000,10620.00000000,10420.00000000,21478.35000000,6170.89500000,8220.00000000,14390.89500000,27550.51500000,6.54131591,167.85416667,0.37267800
episode_2020-10-01_2022-10-01,overlapping_2y_episode,2020-10-01,2022-10-01 00:00:00,6,3,stable_hash,0.90000000,1000.00000000,1,3868,11604,11064,11064,0.95346432,0.95346432,0.95346432,17065.95000000,703146.00000000,21259.80000000,6,1200.00000000,2200.00000000,2000.00000000,4,10,4,0,False,1,0.16666667,0,5,6,6,8400.00000000,7560.00000000,7760.00000000,20133.05000000,5028.48000000,5560.00000000,10588.48000000,23679.74500000,4.81294545,397.66666667,283.53879805
episode_2020-10-01_2022-10-01,overlapping_2y_episode,2020-10-01,2022-10-01 00:00:00,8,3,round_robin,0.90000000,1000.00000000,1,3868,11604,11377,11377,0.98043778,0.99405377,0.95346432,17376.38333333,717875.00000000,23035.15000000,8,1600.00000000,2600.00000000,3000.00000000,7,15,7,0,False,1,0.12500000,0,7,8,6,10200.00000000,9180.00000000,8780.00000000,20612.05000000,6913.89000000,6180.00000000,13093.89000000,25804.32000000,5.03611154,217.79166667,465.10561637
episode_2020-10-01_2022-10-01,overlapping_2y_episode,2020-10-01,2022-10-01 00:00:00,8,3,least_trades,0.90000000,1000.00000000,1,3868,11604,11364,11364,0.97931748,0.99405377,0.95346432,17364.32777778,717626.50000000,22808.30000000,8,1600.00000000,2600.00000000,4400.00000000,14,22,14,0,False,3,0.37500000,0,5,8,8,10600.00000000,9540.00000000,7740.00000000,27157.85000000,5722.06500000,5140.00000000,10862.06500000,29582.06500000,4.17771731,389.81250000,258.03799987
episode_2020-10-01_2022-10-01,overlapping_2y_episode,2020-10-01,2022-10-01 00:00:00,8,3,max_headroom,0.90000000,1000.00000000,1,3868,11604,11378,11378,0.98052396,0.99405377,0.95346432,17379.33888889,717960.00000000,22949.10000000,8,1600.00000000,2600.00000000,2000.00000000,2,10,2,0,False,1,0.12500000,0,7,8,7,6400.00000000,5760.00000000,6360.00000000,19474.45000000,2731.72500000,3760.00000000,6491.72500000,21287.00500000,2.49681731,497.70833333,582.78510995
episode_2020-10-01_2022-10-01,overlapping_2y_episode,2020-10-01,2022-10-01 00:00:00,8,3,protect_frozen,0.90000000,1000.00000000,1,3868,11604,11360,11360,0.97897277,0.99405377,0.95346432,17362.16111111,717488.50000000,22693.00000000,8,1600.00000000,2600.00000000,3800.00000000,11,19,11,0,False,2,0.25000000,0,6,8,8,8800.00000000,7920.00000000,6720.00000000,27199.25000000,6118.60500000,4120.00000000,10238.60500000,28599.32500000,3.93792500,397.66666667,282.39685617
episode_2020-10-01_2022-10-01,overlapping_2y_episode,2020-10-01,2022-10-01 00:00:00,8,3,stable_hash,0.90000000,1000.00000000,1,3868,11604,11378,11378,0.98052396,0.99405377,0.95346432,17379.33888889,717960.00000000,22949.10000000,8,1600.00000000,2600.00000000,2400.00000000,4,12,4,0,False,1,0.12500000,0,7,8,6,5200.00000000,4680.00000000,4880.00000000,21273.25000000,3791.70000000,2280.00000000,6071.70000000,21425.92500000,2.33526923,379.22916667,538.19953026
episode_2020-10-01_2022-10-01,overlapping_2y_episode,2020-10-01,2022-10-01 00:00:00,10,3,round_robin,0.90000000,1000.00000000,1,3868,11604,11557,11557,0.99594967,0.99974147,0.99405377,17548.60000000,726489.00000000,23136.65000000,10,2000.00000000,3000.00000000,3600.00000000,8,18,8,0,False,1,0.10000000,0,9,10,7,6800.00000000,6120.00000000,5520.00000000,24250.55000000,4636.21500000,2520.00000000,7156.21500000,24599.61000000,2.38540500,481.87500000,453.71410602
episode_2020-10-01_2022-10-01,overlapping_2y_episode,2020-10-01,2022-10-01 00:00:00,10,3,least_trades,0.90000000,1000.00000000,1,3868,11604,11557,11557,0.99594967,0.99974147,0.99405377,17548.60000000,726489.00000000,23136.65000000,10,2000.00000000,3000.00000000,4000.00000000,10,20,10,0,False,2,0.20000000,0,8,10,9,8400.00000000,7560.00000000,6560.00000000,29007.95000000,5264.86500000,3560.00000000,8824.86500000,29667.15500000,2.94162167,468.33333333,197.80012639
episode_2020-10-01_2022-10-01,overlapping_2y_episode,2020-10-01,2022-10-01 00:00:00,10,3,max_headroom,0.90000000,1000.00000000,1,3868,11604,11557,11557,0.99594967,0.99974147,0.99405377,17548.60000000,726489.00000000,23136.65000000,10,2000.00000000,3000.00000000,2200.00000000,1,11,1,0,False,1,0.10000000,0,9,10,7,7600.00000000,6840.00000000,7640.00000000,16586.30000000,2710.93500000,4640.00000000,7350.93500000,21638.25500000,2.45031167,399.43750000,614.10246702
episode_2020-10-01_2022-10-01,overlapping_2y_episode,2020-10-01,2022-10-01 00:00:00,10,3,protect_frozen,0.90000000,1000.00000000,1,3868,11604,11557,11557,0.99594967,0.99974147,0.99405377,17548.60000000,726489.00000000,23136.65000000,10,2000.00000000,3000.00000000,3600.00000000,8,18,8,0,False,1,0.10000000,0,9,10,9,6200.00000000,5580.00000000,4980.00000000,28520.65000000,3353.22000000,1980.00000000,5333.22000000,27648.58500000,1.77774000,494.62500000,182.23997915
episode_2020-10-01_2022-10-01,overlapping_2y_episode,2020-10-01,2022-10-01 00:00:00,10,3,stable_hash,0.90000000,1000.00000000,1,3868,11604,11557,11557,0.99594967,0.99974147,0.99405377,17548.60000000,726489.00000000,23136.65000000,10,2000.00000000,3000.00000000,2800.00000000,4,14,4,0,False,1,0.10000000,0,9,10,7,6600.00000000,5940.00000000,6140.00000000,23248.45000000,5174.91000000,3140.00000000,8314.91000000,24731.00000000,2.77163667,418.70833333,351.22057172
episode_2020-10-01_2022-10-01,overlapping_2y_episode,2020-10-01,2022-10-01 00:00:00,12,3,round_robin,0.90000000,1000.00000000,1,3868,11604,11601,11601,0.99974147,0.99974147,0.99974147,17573.73333333,728733.00000000,21822.45000000,12,2400.00000000,3400.00000000,3600.00000000,6,18,6,0,False,3,0.25000000,0,9,12,6,7800.00000000,7020.00000000,6820.00000000,23665.05000000,4915.62000000,3420.00000000,8335.62000000,24718.54500000,2.45165294,533.35416667,398.60216695
episode_2020-10-01_2022-10-01,overlapping_2y_episode,2020-10-01,2022-10-01 00:00:00,12,3,least_trades,0.90000000,1000.00000000,1,3868,11604,11601,11601,0.99974147,0.99974147,0.99974147,17573.73333333,728733.00000000,21822.45000000,12,2400.00000000,3400.00000000,4200.00000000,9,21,9,0,False,3,0.25000000,0,9,12,6,4800.00000000,4320.00000000,3520.00000000,25040.50000000,2591.95500000,120.00000000,2711.95500000,22656.45000000,0.79763382,399.02083333,145.20474051
episode_2020-10-01_2022-10-01,overlapping_2y_episode,2020-10-01,2022-10-01 00:00:00,12,3,max_headroom,0.90000000,1000.00000000,1,3868,11604,11601,11601,0.99974147,0.99974147,0.99974147,17573.73333333,728733.00000000,21822.45000000,12,2400.00000000,3400.00000000,2400.00000000,0,12,0,0,False,0,0.00000000,0,12,12,6,5400.00000000,4860.00000000,5860.00000000,16422.45000000,3863.70000000,2460.00000000,6323.70000000,17240.20500000,1.85991176,494.70833333,689.27040231
episode_2020-10-01_2022-10-01,overlapping_2y_episode,2020-10-01,2022-10-01 00:00:00,12,3,protect_frozen,0.90000000,1000.00000000,1,3868,11604,11601,11601,0.99974147,0.99974147,0.99974147,17573.73333333,728733.00000000,21822.45000000,12,2400.00000000,3400.00000000,4400.00000000,10,22,10,0,False,3,0.25000000,0,9,12,12,3400.00000000,3060.00000000,2060.00000000,32610.95000000,2353.05000000,-1340.00000000,1013.05000000,28009.85500000,0.29795588,543.70833333,194.00664006
episode_2020-10-01_2022-10-01,overlapping_2y_episode,2020-10-01,2022-10-01 00:00:00,12,3,stable_hash,0.90000000,1000.00000000,1,3868,11604,11601,11601,0.99974147,0.99974147,0.99974147,17573.73333333,728733.00000000,21822.45000000,12,2400.00000000,3400.00000000,3800.00000000,7,19,7,0,False,1,0.08333333,0,11,12,9,4800.00000000,4320.00000000,3920.00000000,25315.95000000,3333.19500000,520.00000000,3853.19500000,24420.44500000,1.13329265,399.66666667,380.88197173
episode_2020-10-01_2022-10-01,overlapping_2y_episode,2020-10-01,2022-10-01 00:00:00,15,3,round_robin,0.90000000,1000.00000000,1,3868,11604,11604,11604,1.00000000,1.00000000,1.00000000,17575.45000000,728862.00000000,21991.80000000,15,3000.00000000,4000.00000000,3000.00000000,0,15,0,0,False,0,0.00000000,0,15,15,6,600.00000000,540.00000000,1540.00000000,21391.80000000,41.44500000,-2460.00000000,-2418.55500000,16792.62000000,-0.60463875,586.87500000,2.57681975
episode_2020-10-01_2022-10-01,overlapping_2y_episode,2020-10-01,2022-10-01 00:00:00,15,3,least_trades,0.90000000,1000.00000000,1,3868,11604,11604,11604,1.00000000,1.00000000,1.00000000,17575.45000000,728862.00000000,21991.80000000,15,3000.00000000,4000.00000000,4800.00000000,9,24,9,0,False,3,0.20000000,0,12,15,12,2600.00000000,2340.00000000,1540.00000000,33224.40000000,1411.29000000,-2460.00000000,-1048.71000000,27441.96000000,-0.26217750,552.35416667,101.81499562
episode_2020-10-01_2022-10-01,overlapping_2y_episode,2020-10-01,2022-10-01 00:00:00,15,3,max_headroom,0.90000000,1000.00000000,1,3868,11604,11604,11604,1.00000000,1.00000000,1.00000000,17575.45000000,728862.00000000,21991.80000000,15,3000.00000000,4000.00000000,3000.00000000,0,15,0,0,False,0,0.00000000,0,15,15,6,7800.00000000,7020.00000000,8020.00000000,14191.80000000,3312.49500000,4020.00000000,7332.49500000,20910.79500000,1.83312375,508.12500000,560.40399713
episode_2020-10-01_2022-10-01,overlapping_2y_episode,2020-10-01,2022-10-01 00:00:00,15,3,protect_frozen,0.90000000,1000.00000000,1,3868,11604,11604,11604,1.00000000,1.00000000,1.00000000,17575.45000000,728862.00000000,21991.80000000,15,3000.00000000,4000.00000000,4000.00000000,5,20,6,0,False,3,0.20000000,0,12,14,9,200.00000000,180.00000000,180.00000000,30957.40000000,814.81500000,-3820.00000000,-3005.18500000,24041.66000000,-0.75129625,706.89583333,227.19491766
episode_2020-10-01_2022-10-01,overlapping_2y_episode,2020-10-01,2022-10-01 00:00:00,15,3,stable_hash,0.90000000,1000.00000000,1,3868,11604,11604,11604,1.00000000,1.00000000,1.00000000,17575.45000000,728862.00000000,21991.80000000,15,3000.00000000,4000.00000000,4400.00000000,7,22,7,0,False,1,0.06666667,0,14,15,9,6000.00000000,5400.00000000,5000.00000000,27381.35000000,3730.09500000,1000.00000000,4730.09500000,27204.98500000,1.18252375,426.58333333,305.95792013
episode_2020-10-01_2022-10-01,overlapping_2y_episode,2020-10-01,2022-10-01 00:00:00,20,3,round_robin,0.90000000,1000.00000000,1,3868,11604,11604,11604,1.00000000,1.00000000,1.00000000,17575.45000000,728862.00000000,21991.80000000,15,4000.00000000,5000.00000000,6200.00000000,11,31,11,0,False,1,0.05000000,0,19,20,7,7200.00000000,6480.00000000,5280.00000000,33465.80000000,6298.87500000,280.00000000,6578.87500000,31128.17500000,1.31577500,484.68750000,207.67802002
episode_2020-10-01_2022-10-01,overlapping_2y_episode,2020-10-01,2022-10-01 00:00:00,20,3,least_trades,0.90000000,1000.00000000,1,3868,11604,11604,11604,1.00000000,1.00000000,1.00000000,17575.45000000,728862.00000000,21991.80000000,15,4000.00000000,5000.00000000,5400.00000000,7,27,7,0,False,1,0.05000000,0,19,20,9,4400.00000000,3960.00000000,3560.00000000,29086.55000000,3478.14000000,-1440.00000000,2038.14000000,26963.55000000,0.40762800,502.43750000,27.75153149
episode_2020-10-01_2022-10-01,overlapping_2y_episode,2020-10-01,2022-10-01 00:00:00,20,3,max_headroom,0.90000000,1000.00000000,1,3868,11604,11604,11604,1.00000000,1.00000000,1.00000000,17575.45000000,728862.00000000,21991.80000000,15,4000.00000000,5000.00000000,4000.00000000,0,20,0,0,False,0,0.00000000,0,20,20,8,7400.00000000,6660.00000000,7660.00000000,14591.80000000,2021.76000000,2660.00000000,4681.76000000,20890.62500000,0.93635200,484.95833333,427.22975084
episode_2020-10-01_2022-10-01,overlapping_2y_episode,2020-10-01,2022-10-01 00:00:00,20,3,protect_frozen,0.90000000,1000.00000000,1,3868,11604,11604,11604,1.00000000,1.00000000,1.00000000,17575.45000000,728862.00000000,21991.80000000,15,4000.00000000,5000.00000000,6800.00000000,14,34,16,0,False,3,0.18750000,0,12,18,13,2000.00000000,1800.00000000,0.00000000,41267.95000000,2581.15500000,-5000.00000000,-2418.84500000,32141.15500000,-0.48376900,592.64583333,168.82046311
episode_2020-10-01_2022-10-01,overlapping_2y_episode,2020-10-01,2022-10-01 00:00:00,20,3,stable_hash,0.90000000,1000.00000000,1,3868,11604,11604,11604,1.00000000,1.00000000,1.00000000,17575.45000000,728862.00000000,21991.80000000,15,4000.00000000,5000.00000000,5400.00000000,7,27,7,0,False,1,0.05000000,0,19,20,7,4400.00000000,3960.00000000,3560.00000000,27151.10000000,2754.04500000,-1440.00000000,1314.04500000,25148.56500000,0.26280900,400.43750000,219.45805977
episode_2020-10-01_2022-10-01,overlapping_2y_episode,2020-10-01,2022-10-01 00:00:00,8,4,round_robin,0.90000000,1000.00000000,1,3868,15472,14749,14749,0.95327042,0.95346432,0.95320579,22752.63333333,937363.00000000,28478.55000000,8,1600.00000000,2600.00000000,2400.00000000,4,12,4,0,False,4,0.50000000,0,4,8,8,10000.00000000,9000.00000000,9200.00000000,24986.55000000,5770.26000000,6600.00000000,12370.26000000,29087.89500000,4.75779231,491.87500000,412.15893097
episode_2020-10-01_2022-10-01,overlapping_2y_episode,2020-10-01,2022-10-01 00:00:00,8,4,least_trades,0.90000000,1000.00000000,1,3868,15472,14752,14752,0.95346432,0.95346432,0.95346432,22754.60000000,937528.00000000,28346.40000000,8,1600.00000000,2600.00000000,4800.00000000,16,24,16,0,False,4,0.50000000,0,4,8,8,17400.00000000,15660.00000000,13460.00000000,31843.50000000,9939.15000000,10860.00000000,20799.15000000,39519.15000000,7.99967308,166.37500000,439.50085324
episode_2020-10-01_2022-10-01,overlapping_2y_episode,2020-10-01,2022-10-01 00:00:00,8,4,max_headroom,0.90000000,1000.00000000,1,3868,15472,14750,14750,0.95333506,0.95346432,0.95320579,22754.54444444,937482.00000000,28394.50000000,8,1600.00000000,2600.00000000,2400.00000000,4,12,4,0,False,4,0.50000000,0,4,8,8,6800.00000000,6120.00000000,6320.00000000,23229.50000000,4471.56000000,3720.00000000,8191.56000000,24626.55000000,3.15060000,490.97916667,262.32553726
episode_2020-10-01_2022-10-01,overlapping_2y_episode,2020-10-01,2022-10-01 00:00:00,8,4,protect_frozen,0.90000000,1000.00000000,1,3868,15472,14752,14752,0.95346432,0.95346432,0.95346432,22754.60000000,937528.00000000,28346.40000000,8,1600.00000000,2600.00000000,3200.00000000,8,16,8,0,False,4,0.50000000,0,4,8,8,14600.00000000,13140.00000000,12540.00000000,29846.55000000,8531.23500000,9940.00000000,18471.23500000,36801.89500000,7.10432115,166.37500000,0.48412292
episode_2020-10-01_2022-10-01,overlapping_2y_episode,2020-10-01,2022-10-01 00:00:00,8,4,stable_hash,0.90000000,1000.00000000,1,3868,15472,14638,14638,0.94609617,0.95346432,0.92916236,22584.23888889,933512.50000000,27463.60000000,8,1600.00000000,2600.00000000,3000.00000000,7,15,7,0,False,1,0.14285714,0,6,8,8,10800.00000000,9720.00000000,9320.00000000,27157.90000000,6451.15500000,6720.00000000,13171.15500000,31162.11000000,5.06582885,203.37500000,398.57206061
episode_2020-10-01_2022-10-01,overlapping_2y_episode,2020-10-01,2022-10-01 00:00:00,10,4,round_robin,0.90000000,1000.00000000,1,3868,15472,15030,15030,0.97143226,0.99405377,0.95346432,23033.29444444,950609.50000000,29839.50000000,10,2000.00000000,3000.00000000,3800.00000000,9,19,9,0,False,2,0.20000000,0,8,10,9,9600.00000000,8640.00000000,7840.00000000,28239.05000000,4125.19500000,4840.00000000,8965.19500000,30255.14500000,2.98839833,433.95833333,530.55074215
episode_2020-10-01_2022-10-01,overlapping_2y_episode,2020-10-01,2022-10-01 00:00:00,10,4,least_trades,0.90000000,1000.00000000,1,3868,15472,15066,15066,0.97375905,0.99405377,0.95346432,23067.98888889,952342.00000000,30035.70000000,10,2000.00000000,3000.00000000,3400.00000000,7,17,7,0,False,2,0.20000000,0,8,10,9,6400.00000000,5760.00000000,5360.00000000,27172.65000000,2614.72500000,2360.00000000,4974.72500000,26815.38500000,1.65824167,509.52083333,350.60007131
episode_2020-10-01_2022-10-01,overlapping_2y_episode,2020-10-01,2022-10-01 00:00:00,10,4,max_headroom,0.90000000,1000.00000000,1,3868,15472,15066,15066,0.97375905,0.99405377,0.95346432,23067.98888889,952342.00000000,30035.70000000,10,2000.00000000,3000.00000000,2800.00000000,4,14,4,0,False,2,0.20000000,0,8,10,8,7600.00000000,6840.00000000,7040.00000000,24967.30000000,4378.95000000,4040.00000000,8418.95000000,26510.57000000,2.80631667,484.95833333,546.53036512
episode_2020-10-01_2022-10-01,overlapping_2y_episode,2020-10-01,2022-10-01 00:00:00,10,4,protect_frozen,0.90000000,1000.00000000,1,3868,15472,15066,15066,0.97375905,0.99405377,0.95346432,23067.98888889,952342.00000000,30035.70000000,10,2000.00000000,3000.00000000,4200.00000000,11,21,11,0,False,4,0.40000000,0,6,10,10,7600.00000000,6840.00000000,5640.00000000,30629.85000000,4166.86500000,2640.00000000,6806.86500000,30206.86500000,2.26895500,515.70833333,359.14121178
episode_2020-10-01_2022-10-01,overlapping_2y_episode,2020-10-01,2022-10-01 00:00:00,10,4,stable_hash,0.90000000,1000.00000000,1,3868,15472,15066,15066,0.97375905,0.99405377,0.95346432,23067.98888889,952342.00000000,30035.70000000,10,2000.00000000,3000.00000000,3400.00000000,7,17,7,0,False,1,0.10000000,0,9,10,9,10200.00000000,9180.00000000,8780.00000000,29251.60000000,5748.70500000,5780.00000000,11528.70500000,32106.44000000,3.84290167,378.72916667,533.81847102
episode_2020-10-01_2022-10-01,overlapping_2y_episode,2020-10-01,2022-10-01 00:00:00,12,4,round_robin,0.90000000,1000.00000000,1,3868,15472,15380,15380,0.99405377,0.99405377,0.99405377,23381.37777778,967156.00000000,31725.00000000,12,2400.00000000,3400.00000000,3200.00000000,4,16,4,0,False,4,0.33333333,0,8,12,4,6000.00000000,5400.00000000,5600.00000000,24496.40000000,2827.80000000,2200.00000000,5027.80000000,24246.76000000,1.47876471,524.93750000,523.02889234
episode_2020-10-01_2022-10-01,overlapping_2y_episode,2020-10-01,2022-10-01 00:00:00,12,4,least_trades,0.90000000,1000.00000000,1,3868,15472,15380,15380,0.99405377,0.99405377,0.99405377,23381.37777778,967156.00000000,31725.00000000,12,2400.00000000,3400.00000000,3200.00000000,4,16,4,0,False,4,0.33333333,0,8,12,8,8800.00000000,7920.00000000,8120.00000000,32116.40000000,5206.77000000,4720.00000000,9926.77000000,33624.76000000,2.91963824,501.77083333,0.00000000
episode_2020-10-01_2022-10-01,overlapping_2y_episode,2020-10-01,2022-10-01 00:00:00,12,4,max_headroom,0.90000000,1000.00000000,1,3868,15472,15380,15380,0.99405377,0.99405377,0.99405377,23381.37777778,967156.00000000,31725.00000000,12,2400.00000000,3400.00000000,2400.00000000,0,12,0,0,False,0,0.00000000,0,12,12,8,11200.00000000,10080.00000000,11080.00000000,20525.00000000,4745.88000000,7680.00000000,12425.88000000,30768.06000000,3.65467059,496.95833333,662.18141187
episode_2020-10-01_2022-10-01,overlapping_2y_episode,2020-10-01,2022-10-01 00:00:00,12,4,protect_frozen,0.90000000,1000.00000000,1,3868,15472,15380,15380,0.99405377,0.99405377,0.99405377,23381.37777778,967156.00000000,31725.00000000,12,2400.00000000,3400.00000000,3600.00000000,6,18,6,0,False,4,0.33333333,0,8,12,12,8000.00000000,7200.00000000,7000.00000000,34606.75000000,3382.42500000,3600.00000000,6982.42500000,34746.07500000,2.05365441,509.52083333,205.80713396
episode_2020-10-01_2022-10-01,overlapping_2y_episode,2020-10-01,2022-10-01 00:00:00,12,4,stable_hash,0.90000000,1000.00000000,1,3868,15472,15380,15380,0.99405377,0.99405377,0.99405377,23381.37777778,967156.00000000,31725.00000000,12,2400.00000000,3400.00000000,4000.00000000,8,20,8,0,False,1,0.08333333,0,11,12,10,8800.00000000,7920.00000000,7320.00000000,32160.70000000,5834.61000000,3920.00000000,9754.61000000,32864.63000000,2.86900294,393.77083333,456.11188929
episode_2020-10-01_2022-10-01,overlapping_2y_episode,2020-10-01,2022-10-01 00:00:00,15,4,round_robin,0.90000000,1000.00000000,1,3868,15472,15446,15446,0.99831954,0.99974147,0.99405377,23419.07777778,970522.00000000,29753.70000000,15,3000.00000000,4000.00000000,5000.00000000,10,25,10,0,False,2,0.13333333,0,13,15,9,9000.00000000,8100.00000000,7100.00000000,33794.40000000,5210.64000000,3100.00000000,8310.64000000,33514.96000000,2.07766000,174.43750000,349.65580536
episode_2020-10-01_2022-10-01,overlapping_2y_episode,2020-10-01,2022-10-01 00:00:00,15,4,least_trades,0.90000000,1000.00000000,1,3868,15472,15442,15442,0.99806101,0.99974147,0.99405377,23417.13888889,970387.00000000,29846.90000000,15,3000.00000000,4000.00000000,5400.00000000,12,27,12,0,False,2,0.13333333,0,13,15,12,9800.00000000,8820.00000000,7420.00000000,33617.15000000,3994.74000000,3420.00000000,7414.74000000,35069.44500000,1.85368500,379.75000000,150.47385893
episode_2020-10-01_2022-10-01,overlapping_2y_episode,2020-10-01,2022-10-01 00:00:00,15,4,max_headroom,0.90000000,1000.00000000,1,3868,15472,15446,15446,0.99831954,0.99974147,0.99405377,23419.07777778,970522.00000000,29753.70000000,15,3000.00000000,4000.00000000,3000.00000000,0,15,0,0,False,0,0.00000000,0,15,15,8,10200.00000000,9180.00000000,10180.00000000,19553.70000000,5037.57000000,6180.00000000,11217.57000000,28881.51000000,2.80439250,397.66666667,579.23782872
episode_2020-10-01_2022-10-01,overlapping_2y_episode,2020-10-01,2022-10-01 00:00:00,15,4,protect_frozen,0.90000000,1000.00000000,1,3868,15472,15446,15446,0.99831954,0.99974147,0.99405377,23419.07777778,970522.00000000,29753.70000000,15,3000.00000000,4000.00000000,5400.00000000,12,27,12,0,False,3,0.20000000,0,12,15,15,5600.00000000,5040.00000000,3640.00000000,40594.15000000,3030.39000000,-360.00000000,2670.39000000,36174.73500000,0.66759750,558.66666667,199.65899818
episode_2020-10-01_2022-10-01,overlapping_2y_episode,2020-10-01,2022-10-01 00:00:00,15,4,stable_hash,0.90000000,1000.00000000,1,3868,15472,15446,15446,0.99831954,0.99974147,0.99405377,23419.07777778,970522.00000000,29753.70000000,15,3000.00000000,4000.00000000,5000.00000000,10,25,10,0,False,1,0.06666667,0,14,15,10,7000.00000000,6300.00000000,5300.00000000,33347.20000000,4269.96000000,1300.00000000,5569.96000000,31349.06500000,1.39249000,435.66666667,366.55994811
episode_2020-10-01_2022-10-01,overlapping_2y_episode,2020-10-01,2022-10-01 00:00:00,20,4,round_robin,0.90000000,1000.00000000,1,3868,15472,15472,15472,1.00000000,1.00000000,1.00000000,23433.93333333,971816.00000000,29322.40000000,20,4000.00000000,5000.00000000,4000.00000000,0,20,0,0,False,0,0.00000000,0,20,20,8,800.00000000,720.00000000,1720.00000000,28522.40000000,55.26000000,-3280.00000000,-3224.74000000,22390.16000000,-0.64494800,586.87500000,2.57681975
episode_2020-10-01_2022-10-01,overlapping_2y_episode,2020-10-01,2022-10-01 00:00:00,20,4,least_trades,0.90000000,1000.00000000,1,3868,15472,15470,15470,0.99987073,1.00000000,0.99974147,23432.78888889,971730.00000000,29209.50000000,18,4000.00000000,5000.00000000,6400.00000000,12,32,12,0,False,4,0.20000000,0,16,20,14,4800.00000000,4320.00000000,2920.00000000,43624.75000000,3864.37500000,-2080.00000000,1784.37500000,37182.27500000,0.35687500,550.70833333,122.95969868
episode_2020-10-01_2022-10-01,overlapping_2y_episode,2020-10-01,2022-10-01 00:00:00,20,4,max_headroom,0.90000000,1000.00000000,1,3868,15472,15472,15472,1.00000000,1.00000000,1.00000000,23433.93333333,971816.00000000,29322.40000000,20,4000.00000000,5000.00000000,4000.00000000,0,20,0,0,False,0,0.00000000,0,20,20,8,10400.00000000,9360.00000000,10360.00000000,18922.40000000,4416.66000000,5360.00000000,9776.66000000,27881.06000000,1.95533200,508.12500000,560.40399713
episode_2020-10-01_2022-10-01,overlapping_2y_episode,2020-10-01,2022-10-01 00:00:00,20,4,protect_frozen,0.90000000,1000.00000000,1,3868,15472,15467,15467,0.99967684,0.99974147,0.99948294,23429.85555556,971588.00000000,29030.65000000,16,4000.00000000,5000.00000000,6400.00000000,12,32,12,0,False,4,0.20000000,0,13,20,12,1600.00000000,1440.00000000,40.00000000,41142.65000000,2684.02500000,-4960.00000000,-2275.97500000,32068.38500000,-0.45519500,645.89583333,292.17807498
episode_2020-10-01_2022-10-01,overlapping_2y_episode,2020-10-01,2022-10-01 00:00:00,20,4,stable_hash,0.90000000,1000.00000000,1,3868,15472,15472,15472,1.00000000,1.00000000,1.00000000,23433.93333333,971816.00000000,29322.40000000,20,4000.00000000,5000.00000000,5800.00000000,9,29,9,0,False,1,0.05000000,0,19,20,10,6400.00000000,5760.00000000,4960.00000000,35276.15000000,4707.18000000,-40.00000000,4667.18000000,33026.40500000,0.93343600,435.66666667,293.69989360
episode_2020-10-01_2022-10-01,overlapping_2y_episode,2020-10-01,2022-10-01 00:00:00,20,6,round_robin,0.90000000,1000.00000000,1,3868,23208,23106,23106,0.99560496,0.99896587,0.99379524,35088.43333333,1452392.00000000,46867.69999999,20,4000.00000000,5000.00000000,6200.00000000,11,31,11,0,False,2,0.10000000,0,16,20,16,12600.00000000,11340.00000000,10140.00000000,49773.70000000,7637.53500000,5140.00000000,12777.53500000,50006.71000000,2.55550700,474.62500000,349.63396574
episode_2020-10-01_2022-10-01,overlapping_2y_episode,2020-10-01,2022-10-01 00:00:00,20,6,least_trades,0.90000000,1000.00000000,1,3868,23208,23067,23067,0.99392451,0.99793175,0.98578077,35058.80000000,1451833.50000000,46439.14999999,20,4000.00000000,5000.00000000,8200.00000000,21,41,21,0,False,6,0.30000000,1,14,20,20,13800.00000000,12420.00000000,9220.00000000,58922.75000000,8070.88500000,4220.00000000,12290.88500000,57250.47500000,2.45817700,400.43750000,236.82311437
episode_2020-10-01_2022-10-01,overlapping_2y_episode,2020-10-01,2022-10-01 00:00:00,20,6,max_headroom,0.90000000,1000.00000000,1,3868,23208,23114,23114,0.99594967,0.99974147,0.99405377,35097.20000000,1452978.00000000,46273.29999999,20,4000.00000000,5000.00000000,4400.00000000,2,22,2,0,False,2,0.10000000,0,18,20,14,14400.00000000,12960.00000000,13560.00000000,33972.60000000,6393.96000000,8560.00000000,14953.96000000,43276.51000000,2.99079200,399.43750000,622.18248127
episode_2020-10-01_2022-10-01,overlapping_2y_episode,2020-10-01,2022-10-01 00:00:00,20,6,protect_frozen,0.90000000,1000.00000000,1,3868,23208,22972,22972,0.98983109,0.99741468,0.98655636,34987.62777778,1449452.00000000,46301.89999999,20,4000.00000000,5000.00000000,8600.00000000,23,43,23,0,False,4,0.20000000,0,12,20,20,18400.00000000,16560.00000000,12960.00000000,60598.00000000,11031.79500000,7960.00000000,18991.79500000,62498.20000000,3.79835900,371.72916667,196.55559010
episode_2020-10-01_2022-10-01,overlapping_2y_episode,2020-10-01,2022-10-01 00:00:00,20,6,stable_hash,0.90000000,1000.00000000,1,3868,23208,23114,23114,0.99594967,0.99974147,0.99405377,35097.20000000,1452978.00000000,46273.29999999,20,4000.00000000,5000.00000000,7000.00000000,15,35,15,0,False,1,0.05000000,0,19,20,13,13200.00000000,11880.00000000,9880.00000000,47062.25000000,9367.20000000,4880.00000000,14247.20000000,47266.76000000,2.84944000,399.02083333,458.63851506
episode_2020-10-01_2022-10-01,overlapping_2y_episode,2020-10-01,2022-10-01 00:00:00,24,6,round_robin,0.90000000,1000.00000000,1,3868,23208,23202,23202,0.99974147,0.99974147,0.99974147,35147.46666667,1457466.00000000,43644.89999999,24,4800.00000000,5800.00000000,7200.00000000,12,36,12,0,False,6,0.25000000,1,18,24,16,12000.00000000,10800.00000000,9400.00000000,51289.15000000,6622.83000000,3600.00000000,10222.83000000,50343.12000000,1.76255690,533.35416667,403.50619359
episode_2020-10-01_2022-10-01,overlapping_2y_episode,2020-10-01,2022-10-01 00:00:00,24,6,least_trades,0.90000000,1000.00000000,1,3868,23208,23202,23202,0.99974147,0.99974147,0.99974147,35147.46666667,1457466.00000000,43644.89999999,24,4800.00000000,5800.00000000,8800.00000000,20,44,20,0,False,6,0.25000000,1,18,24,16,13000.00000000,11700.00000000,8700.00000000,59192.45000000,8264.74500000,2900.00000000,11164.74500000,57396.48500000,1.92495603,399.02083333,115.89661790
episode_2020-10-01_2022-10-01,overlapping_2y_episode,2020-10-01,2022-10-01 00:00:00,24,6,max_headroom,0.90000000,1000.00000000,1,3868,23208,23202,23202,0.99974147,0.99974147,0.99974147,35147.46666667,1457466.00000000,43644.89999999,24,4800.00000000,5800.00000000,4800.00000000,0,24,0,0,False,0,0.00000000,0,24,24,12,10800.00000000,9720.00000000,10720.00000000,32844.90000000,7727.40000000,4920.00000000,12647.40000000,34480.41000000,2.18058621,494.70833333,689.27040231
episode_2020-10-01_2022-10-01,overlapping_2y_episode,2020-10-01,2022-10-01 00:00:00,24,6,protect_frozen,0.90000000,1000.00000000,1,3868,23208,23196,23196,0.99948294,0.99974147,0.99870734,35141.61111111,1457004.00000000,43725.19999999,24,4800.00000000,5800.00000000,8400.00000000,18,42,18,0,False,6,0.25000000,1,18,24,22,6400.00000000,5760.00000000,3160.00000000,59738.35000000,3620.43000000,-2640.00000000,980.43000000,51124.51500000,0.16903966,537.66666667,271.50552161
episode_2020-10-01_2022-10-01,overlapping_2y_episode,2020-10-01,2022-10-01 00:00:00,24,6,stable_hash,0.90000000,1000.00000000,1,3868,23208,23202,23202,0.99974147,0.99974147,0.99974147,35147.46666667,1457466.00000000,43644.89999999,24,4800.00000000,5800.00000000,7800.00000000,15,39,15,0,False,2,0.08333333,0,22,24,14,11000.00000000,9900.00000000,7900.00000000,50087.75000000,6141.51000000,2100.00000000,8241.51000000,48075.19500000,1.42095000,469.66666667,352.53533856
episode_2020-10-01_2022-10-01,overlapping_2y_episode,2020-10-01,2022-10-01 00:00:00,25,6,round_robin,0.90000000,1000.00000000,1,3868,23208,23203,23203,0.99978456,1.00000000,0.99974147,35148.03888889,1457509.00000000,43701.34999999,25,5000.00000000,6000.00000000,7800.00000000,14,39,14,0,False,2,0.08000000,0,23,25,16,9800.00000000,8820.00000000,7020.00000000,53840.80000000,5106.37500000,1020.00000000,6126.37500000,49580.85000000,1.02106250,354.95833333,321.47252200
episode_2020-10-01_2022-10-01,overlapping_2y_episode,2020-10-01,2022-10-01 00:00:00,25,6,least_trades,0.90000000,1000.00000000,1,3868,23208,23196,23196,0.99948294,1.00000000,0.99819028,35144.08333333,1457223.50000000,43994.19999999,25,5000.00000000,6000.00000000,9400.00000000,22,47,22,0,False,6,0.24000000,1,19,25,16,13000.00000000,11700.00000000,8300.00000000,56009.25000000,7099.56000000,2300.00000000,9399.56000000,53570.48000000,1.56659333,391.43750000,149.42583445
episode_2020-10-01_2022-10-01,overlapping_2y_episode,2020-10-01,2022-10-01 00:00:00,25,6,max_headroom,0.90000000,1000.00000000,1,3868,23208,23203,23203,0.99978456,1.00000000,0.99974147,35148.03888889,1457509.00000000,43701.34999999,25,5000.00000000,6000.00000000,5000.00000000,0,25,0,0,False,0,0.00000000,0,25,25,12,16200.00000000,14580.00000000,15580.00000000,27501.35000000,7751.47500000,9580.00000000,17331.47500000,45250.28500000,2.88857917,398.87500000,604.51635677
episode_2020-10-01_2022-10-01,overlapping_2y_episode,2020-10-01,2022-10-01 00:00:00,25,6,protect_frozen,0.90000000,1000.00000000,1,3868,23208,23198,23198,0.99956911,0.99974147,0.99870734,35145.50555556,1457194.50000000,43920.59999999,24,5000.00000000,6000.00000000,9200.00000000,21,46,21,0,False,4,0.16000000,0,21,25,25,7400.00000000,6660.00000000,3460.00000000,69339.40000000,4641.25500000,-2540.00000000,2101.25500000,59865.46000000,0.35020917,537.66666667,182.83744037
episode_2020-10-01_2022-10-01,overlapping_2y_episode,2020-10-01,2022-10-01 00:00:00,25,6,stable_hash,0.90000000,1000.00000000,1,3868,23208,23199,23199,0.99961220,1.00000000,0.99896587,35146.48333333,1457271.00000000,43943.54999999,25,5000.00000000,6000.00000000,8400.00000000,17,42,17,0,False,1,0.04347826,0,22,25,15,13000.00000000,11700.00000000,9300.00000000,52019.45000000,8394.70500000,3300.00000000,11694.70500000,51565.42500000,1.94911750,400.62500000,364.52367605
episode_2020-10-01_2022-10-01,overlapping_2y_episode,2020-10-01,2022-10-01 00:00:00,30,6,round_robin,0.90000000,1000.00000000,1,3868,23208,23208,23208,1.00000000,1.00000000,1.00000000,35150.90000000,1457724.00000000,43983.59999999,30,6000.00000000,7000.00000000,6000.00000000,0,30,0,0,False,0,0.00000000,0,30,30,12,1200.00000000,1080.00000000,2080.00000000,42783.60000000,82.89000000,-4920.00000000,-4837.11000000,33585.24000000,-0.69101571,586.87500000,2.57681975
episode_2020-10-01_2022-10-01,overlapping_2y_episode,2020-10-01,2022-10-01 00:00:00,30,6,least_trades,0.90000000,1000.00000000,1,3868,23208,23208,23208,1.00000000,1.00000000,1.00000000,35150.90000000,1457724.00000000,43983.59999999,30,6000.00000000,7000.00000000,9200.00000000,16,46,16,0,False,6,0.20000000,1,24,30,16,8200.00000000,7380.00000000,5180.00000000,63467.90000000,5118.43500000,-1820.00000000,3298.43500000,55301.11000000,0.47120500,480.87500000,99.26494290
episode_2020-10-01_2022-10-01,overlapping_2y_episode,2020-10-01,2022-10-01 00:00:00,30,6,max_headroom,0.90000000,1000.00000000,1,3868,23208,23208,23208,1.00000000,1.00000000,1.00000000,35150.90000000,1457724.00000000,43983.59999999,30,6000.00000000,7000.00000000,6000.00000000,0,30,0,0,False,0,0.00000000,0,30,30,12,15600.00000000,14040.00000000,15040.00000000,28383.60000000,6624.99000000,8040.00000000,14664.99000000,41821.59000000,2.09499857,508.12500000,560.40399713
episode_2020-10-01_2022-10-01,overlapping_2y_episode,2020-10-01,2022-10-01 00:00:00,30,6,protect_frozen,0.90000000,1000.00000000,1,3868,23208,23199,23199,0.99961220,1.00000000,0.99922441,35146.73888889,1457346.00000000,43868.54999999,25,6000.00000000,7000.00000000,10200.00000000,21,51,21,0,False,6,0.23076923,2,20,30,20,3600.00000000,3240.00000000,40.00000000,68679.00000000,4322.61000000,-6960.00000000,-2637.39000000,54851.10000000,-0.37677000,596.95833333,220.48582721
episode_2020-10-01_2022-10-01,overlapping_2y_episode,2020-10-01,2022-10-01 00:00:00,30,6,stable_hash,0.90000000,1000.00000000,1,3868,23208,23208,23208,1.00000000,1.00000000,1.00000000,35150.90000000,1457724.00000000,43983.59999999,30,6000.00000000,7000.00000000,9200.00000000,16,46,16,0,False,1,0.03333333,0,29,30,18,11000.00000000,9900.00000000,7700.00000000,57125.75000000,8461.39500000,700.00000000,9161.39500000,53585.30500000,1.30877071,172.16666667,284.72525744
episode_2020-10-01_2022-10-01,overlapping_2y_episode,2020-10-01,2022-10-01 00:00:00,35,6,round_robin,0.90000000,1000.00000000,1,3868,23208,23208,23208,1.00000000,1.00000000,1.00000000,35150.90000000,1457724.00000000,43983.59999999,30,7000.00000000,8000.00000000,10800.00000000,19,54,19,0,False,2,0.05714286,0,33,35,18,10200.00000000,9180.00000000,6380.00000000,61239.30000000,6697.98000000,-1620.00000000,5077.98000000,56119.23000000,0.63474750,477.33333333,253.60773825
episode_2020-10-01_2022-10-01,overlapping_2y_episode,2020-10-01,2022-10-01 00:00:00,35,6,least_trades,0.90000000,1000.00000000,1,3868,23208,23208,23208,1.00000000,1.00000000,1.00000000,35150.90000000,1457724.00000000,43983.59999999,30,7000.00000000,8000.00000000,9800.00000000,14,49,14,0,False,3,0.08571429,0,32,35,15,9000.00000000,8100.00000000,6300.00000000,55323.05000000,4096.66500000,-1700.00000000,2396.66500000,49840.07500000,0.29958312,428.58333333,59.61101117
episode_2020-10-01_2022-10-01,overlapping_2y_episode,2020-10-01,2022-10-01 00:00:00,35,6,max_headroom,0.90000000,1000.00000000,1,3868,23208,23208,23208,1.00000000,1.00000000,1.00000000,35150.90000000,1457724.00000000,43983.59999999,30,7000.00000000,8000.00000000,7000.00000000,0,35,0,0,False,0,0.00000000,0,35,35,16,17200.00000000,15480.00000000,16480.00000000,26783.60000000,5028.79500000,8480.00000000,13508.79500000,42233.51000000,1.68859937,194.91666667,495.53344252
episode_2020-10-01_2022-10-01,overlapping_2y_episode,2020-10-01,2022-10-01 00:00:00,35,6,protect_frozen,0.90000000,1000.00000000,1,3868,23208,23207,23207,0.99995691,1.00000000,0.99974147,35150.32777778,1457681.00000000,43927.14999999,29,7000.00000000,8000.00000000,11200.00000000,21,56,24,0,False,4,0.14285714,0,23,32,25,3600.00000000,3240.00000000,40.00000000,75976.35000000,4278.91500000,-7960.00000000,-3681.08500000,60418.71500000,-0.46013562,571.95833333,140.16744660
episode_2020-10-01_2022-10-01,overlapping_2y_episode,2020-10-01,2022-10-01 00:00:00,35,6,stable_hash,0.90000000,1000.00000000,1,3868,23208,23208,23208,1.00000000,1.00000000,1.00000000,35150.90000000,1457724.00000000,43983.59999999,30,7000.00000000,8000.00000000,10800.00000000,19,54,19,0,False,1,0.03125000,0,31,35,18,10200.00000000,9180.00000000,6380.00000000,59003.85000000,4765.50000000,-1620.00000000,3145.50000000,52455.87000000,0.39318750,161.37500000,235.68709107
episode_2020-10-01_2022-10-01,overlapping_2y_episode,2020-10-01,2022-10-01 00:00:00,40,6,round_robin,0.90000000,1000.00000000,1,3868,23208,23208,23208,1.00000000,1.00000000,1.00000000,35150.90000000,1457724.00000000,43983.59999999,30,8000.00000000,9000.00000000,12600.00000000,23,63,23,0,False,3,0.07500000,0,37,40,15,22400.00000000,20160.00000000,16560.00000000,62381.55000000,19819.35000000,7560.00000000,27379.35000000,70201.75500000,3.04215000,377.47916667,204.22132449
episode_2020-10-01_2022-10-01,overlapping_2y_episode,2020-10-01,2022-10-01 00:00:00,40,6,least_trades,0.90000000,1000.00000000,1,3868,23208,23208,23208,1.00000000,1.00000000,1.00000000,35150.90000000,1457724.00000000,43983.59999999,30,8000.00000000,9000.00000000,12400.00000000,22,62,22,0,False,4,0.10000000,0,34,40,25,7600.00000000,6840.00000000,3440.00000000,68969.30000000,6139.80000000,-5560.00000000,579.80000000,61961.69000000,0.06442222,414.16666667,29.63848849
episode_2020-10-01_2022-10-01,overlapping_2y_episode,2020-10-01,2022-10-01 00:00:00,40,6,max_headroom,0.90000000,1000.00000000,1,3868,23208,23208,23208,1.00000000,1.00000000,1.00000000,35150.90000000,1457724.00000000,43983.59999999,30,8000.00000000,9000.00000000,8000.00000000,0,40,0,0,False,0,0.00000000,0,40,40,16,14800.00000000,13320.00000000,14320.00000000,29183.60000000,4043.52000000,5320.00000000,9363.52000000,41781.25000000,1.04039111,484.95833333,427.22975084
episode_2020-10-01_2022-10-01,overlapping_2y_episode,2020-10-01,2022-10-01 00:00:00,40,6,protect_frozen,0.90000000,1000.00000000,1,3868,23208,23208,23208,1.00000000,1.00000000,1.00000000,35150.90000000,1457724.00000000,43983.59999999,30,8000.00000000,9000.00000000,12800.00000000,24,64,26,0,False,4,0.12121212,0,26,38,27,4400.00000000,3960.00000000,160.00000000,88633.95000000,5987.97000000,-8840.00000000,-2852.03000000,70930.55500000,-0.31689222,571.95833333,171.89000098
episode_2020-10-01_2022-10-01,overlapping_2y_episode,2020-10-01,2022-10-01 00:00:00,40,6,stable_hash,0.90000000,1000.00000000,1,3868,23208,23208,23208,1.00000000,1.00000000,1.00000000,35150.90000000,1457724.00000000,43983.59999999,30,8000.00000000,9000.00000000,11400.00000000,17,57,17,0,False,2,0.05000000,0,38,40,18,8200.00000000,7380.00000000,4980.00000000,60408.50000000,5613.93000000,-4020.00000000,1593.93000000,51045.91500000,0.17710333,200.22916667,217.44904576
episode_2020-10-01_2022-10-01,overlapping_2y_episode,2020-10-01,2022-10-01 00:00:00,25,8,round_robin,0.90000000,1000.00000000,1,3868,30944,30775,30775,0.99453852,0.99793175,0.99405377,46770.98333333,1935251.50000000,62936.74999998,25,5000.00000000,6000.00000000,8000.00000000,15,40,15,0,False,1,0.04000000,0,24,25,19,16800.00000000,15120.00000000,13120.00000000,61478.15000000,8131.86000000,7120.00000000,15251.86000000,62450.33500000,2.54197667,196.37500000,425.46322238
episode_2020-10-01_2022-10-01,overlapping_2y_episode,2020-10-01,2022-10-01 00:00:00,25,8,least_trades,0.90000000,1000.00000000,1,3868,30944,30782,30782,0.99476474,0.99974147,0.99405377,46775.32222222,1935434.00000000,62792.89999998,25,5000.00000000,6000.00000000,9400.00000000,22,47,22,0,False,5,0.20000000,1,20,25,22,19400.00000000,17460.00000000,14060.00000000,66840.90000000,7456.45500000,8060.00000000,15516.45500000,68242.73000000,2.58607583,217.79166667,234.44100665
episode_2020-10-01_2022-10-01,overlapping_2y_episode,2020-10-01,2022-10-01 00:00:00,25,8,max_headroom,0.90000000,1000.00000000,1,3868,30944,30782,30782,0.99476474,0.99974147,0.99405377,46775.32222222,1935434.00000000,62792.89999998,25,5000.00000000,6000.00000000,5200.00000000,1,26,1,0,False,1,0.04000000,0,24,25,16,18400.00000000,16560.00000000,17360.00000000,45710.05000000,10176.34500000,11360.00000000,21536.34500000,56487.75500000,3.58939083,487.20833333,599.66539203
episode_2020-10-01_2022-10-01,overlapping_2y_episode,2020-10-01,2022-10-01 00:00:00,25,8,protect_frozen,0.90000000,1000.00000000,1,3868,30944,30670,30670,0.99114529,0.99793175,0.98241986,46674.50555556,1931910.00000000,62780.49999998,25,5000.00000000,6000.00000000,9400.00000000,22,47,22,0,False,5,0.20000000,1,20,25,25,18200.00000000,16380.00000000,12980.00000000,71809.75000000,8303.98500000,6980.00000000,15283.98500000,71608.77500000,2.54733083,386.56250000,262.24339839
episode_2020-10-01_2022-10-01,overlapping_2y_episode,2020-10-01,2022-10-01 00:00:00,25,8,stable_hash,0.90000000,1000.00000000,1,3868,30944,30699,30699,0.99208247,0.99793175,0.98190279,46703.01666667,1932363.50000000,62803.04999998,25,5000.00000000,6000.00000000,8600.00000000,18,43,18,0,False,1,0.04347826,0,22,25,16,20000.00000000,18000.00000000,15400.00000000,60604.90000000,11801.65500000,9400.00000000,21201.65500000,64174.09000000,3.53360917,399.66666667,453.90704952
episode_2020-10-01_2022-10-01,overlapping_2y_episode,2020-10-01,2022-10-01 00:00:00,30,8,round_robin,0.90000000,1000.00000000,1,3868,30944,30871,30871,0.99764090,0.99974147,0.99405377,46826.40555556,1940447.50000000,59987.94999998,30,6000.00000000,7000.00000000,10400.00000000,22,52,22,0,False,2,0.06896552,0,26,30,19,19600.00000000,17640.00000000,14240.00000000,70735.75000000,12699.00000000,7240.00000000,19939.00000000,71626.58500000,2.84842857,161.97916667,356.45561513
episode_2020-10-01_2022-10-01,overlapping_2y_episode,2020-10-01,2022-10-01 00:00:00,30,8,least_trades,0.90000000,1000.00000000,1,3868,30944,30814,30814,0.99579886,0.99844881,0.98888314,46781.62222222,1939004.00000000,59809.29999998,30,6000.00000000,7000.00000000,11800.00000000,29,59,29,0,False,6,0.20000000,1,21,30,22,17800.00000000,16020.00000000,11220.00000000,74506.75000000,8174.43000000,4220.00000000,12394.43000000,71276.07500000,1.77063286,355.45833333,173.59142644
episode_2020-10-01_2022-10-01,overlapping_2y_episode,2020-10-01,2022-10-01 00:00:00,30,8,max_headroom,0.90000000,1000.00000000,1,3868,30944,30892,30892,0.99831954,0.99974147,0.99405377,46838.15555556,1941044.00000000,59507.39999998,30,6000.00000000,7000.00000000,6000.00000000,0,30,0,0,False,0,0.00000000,0,30,30,16,20400.00000000,18360.00000000,19360.00000000,39107.40000000,10075.14000000,12360.00000000,22435.14000000,57763.02000000,3.20502000,397.66666667,579.23782872
episode_2020-10-01_2022-10-01,overlapping_2y_episode,2020-10-01,2022-10-01 00:00:00,30,8,protect_frozen,0.90000000,1000.00000000,1,3868,30944,30780,30780,0.99470010,0.99844881,0.98448811,46754.60555556,1937694.50000000,60397.49999998,30,6000.00000000,7000.00000000,11400.00000000,27,57,27,0,False,5,0.16666667,2,22,30,30,16000.00000000,14400.00000000,10000.00000000,85577.95000000,9364.50000000,3000.00000000,12364.50000000,80020.15500000,1.76635714,397.66666667,227.91672212
episode_2020-10-01_2022-10-01,overlapping_2y_episode,2020-10-01,2022-10-01 00:00:00,30,8,stable_hash,0.90000000,1000.00000000,1,3868,30944,30889,30889,0.99822260,0.99974147,0.99405377,46835.75555556,1940996.50000000,59558.04999998,30,6000.00000000,7000.00000000,9200.00000000,16,46,16,0,False,1,0.03571429,0,27,30,19,15800.00000000,14220.00000000,12020.00000000,64234.85000000,7998.39000000,5020.00000000,13018.39000000,62832.31000000,1.85977000,435.95833333,373.45626101
episode_2020-10-01_2022-10-01,overlapping_2y_episode,2020-10-01,2022-10-01 00:00:00,32,8,round_robin,0.90000000,1000.00000000,1,3868,30944,30936,30936,0.99974147,0.99974147,0.99974147,46863.28888889,1943288.00000000,58193.19999999,32,6400.00000000,7400.00000000,9600.00000000,16,48,16,0,False,8,0.25000000,2,24,32,24,12800.00000000,11520.00000000,9320.00000000,71786.55000000,6980.44500000,1920.00000000,8900.44500000,66527.89500000,1.20276284,533.35416667,402.75489672
episode_2020-10-01_2022-10-01,overlapping_2y_episode,2020-10-01,2022-10-01 00:00:00,32,8,least_trades,0.90000000,1000.00000000,1,3868,30944,30936,30936,0.99974147,0.99974147,0.99974147,46863.28888889,1943288.00000000,58193.19999999,32,6400.00000000,7400.00000000,10600.00000000,21,53,21,0,False,8,0.25000000,2,24,32,24,14600.00000000,13140.00000000,9940.00000000,66994.95000000,9088.96500000,2540.00000000,11628.96500000,68160.08000000,1.57148176,399.02083333,143.17209583
episode_2020-10-01_2022-10-01,overlapping_2y_episode,2020-10-01,2022-10-01 00:00:00,32,8,max_headroom,0.90000000,1000.00000000,1,3868,30944,30936,30936,0.99974147,0.99974147,0.99974147,46863.28888889,1943288.00000000,58193.19999999,32,6400.00000000,7400.00000000,6400.00000000,0,32,0,0,False,0,0.00000000,0,32,32,16,14400.00000000,12960.00000000,13960.00000000,43793.20000000,10303.20000000,6560.00000000,16863.20000000,45973.88000000,2.27881081,494.70833333,689.27040231
episode_2020-10-01_2022-10-01,overlapping_2y_episode,2020-10-01,2022-10-01 00:00:00,32,8,protect_frozen,0.90000000,1000.00000000,1,3868,30944,30920,30920,0.99922441,0.99974147,0.99819028,46849.95555556,1942195.00000000,58668.99999999,32,6400.00000000,7400.00000000,11400.00000000,25,57,25,0,False,8,0.25000000,1,24,32,27,8400.00000000,7560.00000000,3560.00000000,81009.85000000,7429.32000000,-3840.00000000,3589.32000000,69068.86500000,0.48504324,529.35416667,236.29876935
episode_2020-10-01_2022-10-01,overlapping_2y_episode,2020-10-01,2022-10-01 00:00:00,32,8,stable_hash,0.90000000,1000.00000000,1,3868,30944,30930,30930,0.99954757,0.99974147,0.99896587,46858.48888889,1943193.00000000,58294.49999999,32,6400.00000000,7400.00000000,9800.00000000,17,49,17,0,False,2,0.06250000,0,30,32,19,15200.00000000,13680.00000000,11280.00000000,64374.80000000,8368.65000000,3880.00000000,12248.65000000,62181.64000000,1.65522297,294.41666667,338.50865480
episode_2020-10-01_2022-10-01,overlapping_2y_episode,2020-10-01,2022-10-01 00:00:00,35,8,round_robin,0.90000000,1000.00000000,1,3868,30944,30939,30939,0.99983842,1.00000000,0.99974147,46865.00555556,1943417.00000000,58362.54999999,35,7000.00000000,8000.00000000,10400.00000000,17,52,17,0,False,2,0.05714286,0,33,35,20,9000.00000000,8100.00000000,5700.00000000,71607.60000000,5373.85500000,-2300.00000000,3073.85500000,62146.84000000,0.38423187,181.70833333,324.25821910
episode_2020-10-01_2022-10-01,overlapping_2y_episode,2020-10-01,2022-10-01 00:00:00,35,8,least_trades,0.90000000,1000.00000000,1,3868,30944,30939,30939,0.99983842,1.00000000,0.99974147,46865.00555556,1943417.00000000,58362.54999999,35,7000.00000000,8000.00000000,9800.00000000,14,49,14,0,False,3,0.08571429,0,32,35,25,9400.00000000,8460.00000000,6660.00000000,68620.30000000,4061.25000000,-1340.00000000,2721.25000000,60739.16500000,0.34015625,470.97916667,146.73036217
episode_2020-10-01_2022-10-01,overlapping_2y_episode,2020-10-01,2022-10-01 00:00:00,35,8,max_headroom,0.90000000,1000.00000000,1,3868,30944,30939,30939,0.99983842,1.00000000,0.99974147,46865.00555556,1943417.00000000,58362.54999999,35,7000.00000000,8000.00000000,7000.00000000,0,35,0,0,False,0,0.00000000,0,35,35,16,21800.00000000,19620.00000000,20620.00000000,36562.55000000,10852.69500000,12620.00000000,23472.69500000,58509.29000000,2.93408687,397.66666667,631.73016327
episode_2020-10-01_2022-10-01,overlapping_2y_episode,2020-10-01,2022-10-01 00:00:00,35,8,protect_frozen,0.90000000,1000.00000000,1,3868,30944,30923,30923,0.99932135,0.99974147,0.99844881,46855.38333333,1942366.50000000,59005.34999998,32,7000.00000000,8000.00000000,12600.00000000,28,63,28,0,False,8,0.22857143,2,27,35,32,8200.00000000,7380.00000000,2780.00000000,92186.05000000,6829.06500000,-5220.00000000,1609.06500000,77747.44500000,0.20113312,515.60416667,260.71018236
episode_2020-10-01_2022-10-01,overlapping_2y_episode,2020-10-01,2022-10-01 00:00:00,35,8,stable_hash,0.90000000,1000.00000000,1,3868,30944,30939,30939,0.99983842,1.00000000,0.99974147,46865.00555556,1943417.00000000,58362.54999999,35,7000.00000000,8000.00000000,11000.00000000,20,55,20,0,False,1,0.02941176,0,33,35,17,13200.00000000,11880.00000000,8880.00000000,66671.10000000,6767.82000000,880.00000000,7647.82000000,61043.02000000,0.95597750,253.95833333,318.31735672
episode_2020-10-01_2022-10-01,overlapping_2y_episode,2020-10-01,2022-10-01 00:00:00,40,8,round_robin,0.90000000,1000.00000000,1,3868,30944,30944,30944,1.00000000,1.00000000,1.00000000,46867.86666667,1943632.00000000,58644.79999999,40,8000.00000000,9000.00000000,8000.00000000,0,40,0,0,False,0,0.00000000,0,40,40,16,1600.00000000,1440.00000000,2440.00000000,57044.80000000,110.52000000,-6560.00000000,-6449.48000000,44780.32000000,-0.71660889,586.87500000,2.57681975
episode_2020-10-01_2022-10-01,overlapping_2y_episode,2020-10-01,2022-10-01 00:00:00,40,8,least_trades,0.90000000,1000.00000000,1,3868,30944,30944,30944,1.00000000,1.00000000,1.00000000,46867.86666667,1943632.00000000,58644.79999999,40,8000.00000000,9000.00000000,12000.00000000,20,60,20,0,False,8,0.20000000,2,32,40,26,13800.00000000,12420.00000000,9420.00000000,71566.20000000,5350.14000000,420.00000000,5770.14000000,68981.46000000,0.64112667,398.87500000,90.48723667
episode_2020-10-01_2022-10-01,overlapping_2y_episode,2020-10-01,2022-10-01 00:00:00,40,8,max_headroom,0.90000000,1000.00000000,1,3868,30944,30944,30944,1.00000000,1.00000000,1.00000000,46867.86666667,1943632.00000000,58644.79999999,40,8000.00000000,9000.00000000,8000.00000000,0,40,0,0,False,0,0.00000000,0,40,40,16,20800.00000000,18720.00000000,19720.00000000,37844.80000000,8833.32000000,10720.00000000,19553.32000000,55762.12000000,2.17259111,508.12500000,560.40399713
episode_2020-10-01_2022-10-01,overlapping_2y_episode,2020-10-01,2022-10-01 00:00:00,40,8,protect_frozen,0.90000000,1000.00000000,1,3868,30944,30935,30935,0.99970915,1.00000000,0.99922441,46863.70555556,1943254.00000000,58529.74999999,35,8000.00000000,9000.00000000,13600.00000000,28,68,28,0,False,8,0.20000000,1,29,40,31,5400.00000000,4860.00000000,260.00000000,95791.80000000,6187.72500000,-8740.00000000,-2552.27500000,77608.79000000,-0.28358611,537.66666667,214.27232089
episode_2020-10-01_2022-10-01,overlapping_2y_episode,2020-10-01,2022-10-01 00:00:00,40,8,stable_hash,0.90000000,1000.00000000,1,3868,30944,30944,30944,1.00000000,1.00000000,1.00000000,46867.86666667,1943632.00000000,58644.79999999,40,8000.00000000,9000.00000000,12000.00000000,20,60,20,0,False,1,0.02500000,0,39,40,18,15800.00000000,14220.00000000,11220.00000000,70849.40000000,8435.70000000,2220.00000000,10655.70000000,67058.38500000,1.18396667,200.97916667,273.07455026
episode_2021-01-01_2023-01-01,overlapping_2y_episode,2021-01-01,2023-01-01 00:00:00,1,1,round_robin,0.90000000,1000.00000000,1,3824,3824,2833,2833,0.74084728,0.74084728,0.74084728,4453.07222222,189992.00000000,796.85000000,1,200.00000000,1200.00000000,800.00000000,3,4,3,3,False,1,1.00000000,0,0,1,1,1600.00000000,1440.00000000,1840.00000000,1672.35000000,0.00000000,640.00000000,640.00000000,2145.11500000,0.53333333,410.43750000,0.00000000
episode_2021-01-01_2023-01-01,overlapping_2y_episode,2021-01-01,2023-01-01 00:00:00,1,1,least_trades,0.90000000,1000.00000000,1,3824,3824,2833,2833,0.74084728,0.74084728,0.74084728,4453.07222222,189992.00000000,796.85000000,1,200.00000000,1200.00000000,800.00000000,3,4,3,3,False,1,1.00000000,0,0,1,1,1600.00000000,1440.00000000,1840.00000000,1672.35000000,0.00000000,640.00000000,640.00000000,2145.11500000,0.53333333,410.43750000,0.00000000
episode_2021-01-01_2023-01-01,overlapping_2y_episode,2021-01-01,2023-01-01 00:00:00,1,1,max_headroom,0.90000000,1000.00000000,1,3824,3824,2833,2833,0.74084728,0.74084728,0.74084728,4453.07222222,189992.00000000,796.85000000,1,200.00000000,1200.00000000,800.00000000,3,4,3,3,False,1,1.00000000,0,0,1,1,1600.00000000,1440.00000000,1840.00000000,1672.35000000,0.00000000,640.00000000,640.00000000,2145.11500000,0.53333333,410.43750000,0.00000000
episode_2021-01-01_2023-01-01,overlapping_2y_episode,2021-01-01,2023-01-01 00:00:00,1,1,protect_frozen,0.90000000,1000.00000000,1,3824,3824,2833,2833,0.74084728,0.74084728,0.74084728,4453.07222222,189992.00000000,796.85000000,1,200.00000000,1200.00000000,800.00000000,3,4,3,3,False,1,1.00000000,0,0,1,1,1600.00000000,1440.00000000,1840.00000000,1672.35000000,0.00000000,640.00000000,640.00000000,2145.11500000,0.53333333,410.43750000,0.00000000
episode_2021-01-01_2023-01-01,overlapping_2y_episode,2021-01-01,2023-01-01 00:00:00,1,1,stable_hash,0.90000000,1000.00000000,1,3824,3824,2833,2833,0.74084728,0.74084728,0.74084728,4453.07222222,189992.00000000,796.85000000,1,200.00000000,1200.00000000,800.00000000,3,4,3,3,False,1,1.00000000,0,0,1,1,1600.00000000,1440.00000000,1840.00000000,1672.35000000,0.00000000,640.00000000,640.00000000,2145.11500000,0.53333333,410.43750000,0.00000000
episode_2021-01-01_2023-01-01,overlapping_2y_episode,2021-01-01,2023-01-01 00:00:00,2,1,round_robin,0.90000000,1000.00000000,1,3824,3824,3660,3660,0.95711297,0.95711297,0.95711297,5515.10555556,234750.50000000,6869.00000000,2,400.00000000,1400.00000000,600.00000000,1,3,1,0,False,1,0.50000000,0,1,2,2,3000.00000000,2700.00000000,3500.00000000,5668.75000000,1178.46000000,2100.00000000,3278.46000000,7201.87500000,2.34175714,399.87500000,289.50000000
episode_2021-01-01_2023-01-01,overlapping_2y_episode,2021-01-01,2023-01-01 00:00:00,2,1,least_trades,0.90000000,1000.00000000,1,3824,3824,3660,3660,0.95711297,0.95711297,0.95711297,5515.10555556,234750.50000000,6869.00000000,2,400.00000000,1400.00000000,800.00000000,2,4,2,0,False,1,0.50000000,0,1,2,2,2800.00000000,2520.00000000,3120.00000000,6542.10000000,2062.30500000,1720.00000000,3782.30500000,7607.89000000,2.70164643,411.89583333,337.00000000
episode_2021-01-01_2023-01-01,overlapping_2y_episode,2021-01-01,2023-01-01 00:00:00,2,1,max_headroom,0.90000000,1000.00000000,1,3824,3824,3660,3660,0.95711297,0.95711297,0.95711297,5515.10555556,234750.50000000,6869.00000000,2,400.00000000,1400.00000000,600.00000000,1,3,1,0,False,1,0.50000000,0,1,2,2,3000.00000000,2700.00000000,3500.00000000,6248.70000000,943.83000000,2100.00000000,3043.83000000,7723.83000000,2.17416429,392.95833333,306.00000000
episode_2021-01-01_2023-01-01,overlapping_2y_episode,2021-01-01,2023-01-01 00:00:00,2,1,protect_frozen,0.90000000,1000.00000000,1,3824,3824,3660,3660,0.95711297,0.95711297,0.95711297,5515.10555556,234750.50000000,6869.00000000,2,400.00000000,1400.00000000,800.00000000,2,4,2,0,False,1,0.50000000,0,1,2,2,2400.00000000,2160.00000000,2760.00000000,5787.20000000,1130.49000000,1360.00000000,2490.49000000,6568.48000000,1.77892143,423.70833333,375.00000000
episode_2021-01-01_2023-01-01,overlapping_2y_episode,2021-01-01,2023-01-01 00:00:00,2,1,stable_hash,0.90000000,1000.00000000,1,3824,3824,3660,3660,0.95711297,0.95711297,0.95711297,5515.10555556,234750.50000000,6869.00000000,2,400.00000000,1400.00000000,800.00000000,2,4,2,0,False,1,0.50000000,0,1,2,2,2800.00000000,2520.00000000,3120.00000000,4421.65000000,220.54500000,1720.00000000,1940.54500000,5699.48500000,1.38610357,420.95833333,689.50000000
episode_2021-01-01_2023-01-01,overlapping_2y_episode,2021-01-01,2023-01-01 00:00:00,3,1,round_robin,0.90000000,1000.00000000,1,3824,3824,3801,3801,0.99398536,0.99398536,0.99398536,5653.98333333,241709.00000000,7423.45000000,3,600.00000000,1600.00000000,800.00000000,1,4,1,0,False,1,0.33333333,0,2,3,1,1600.00000000,1440.00000000,2240.00000000,5464.50000000,899.59500000,640.00000000,1539.59500000,5558.05000000,0.96224687,441.66666667,444.30044890
episode_2021-01-01_2023-01-01,overlapping_2y_episode,2021-01-01,2023-01-01 00:00:00,3,1,least_trades,0.90000000,1000.00000000,1,3824,3824,3801,3801,0.99398536,0.99398536,0.99398536,5653.98333333,241709.00000000,7423.45000000,3,600.00000000,1600.00000000,800.00000000,1,4,1,0,False,1,0.33333333,0,2,3,2,2800.00000000,2520.00000000,3320.00000000,6401.50000000,637.96500000,1720.00000000,2357.96500000,7481.35000000,1.47372812,291.97916667,0.47140452
episode_2021-01-01_2023-01-01,overlapping_2y_episode,2021-01-01,2023-01-01 00:00:00,3,1,max_headroom,0.90000000,1000.00000000,1,3824,3824,3801,3801,0.99398536,0.99398536,0.99398536,5653.98333333,241709.00000000,7423.45000000,3,600.00000000,1600.00000000,600.00000000,0,3,0,0,False,0,0.00000000,0,3,3,2,2400.00000000,2160.00000000,3160.00000000,5023.45000000,491.53500000,1560.00000000,2051.53500000,6731.53500000,1.28220937,402.70833333,789.39512709
episode_2021-01-01_2023-01-01,overlapping_2y_episode,2021-01-01,2023-01-01 00:00:00,3,1,protect_frozen,0.90000000,1000.00000000,1,3824,3824,3801,3801,0.99398536,0.99398536,0.99398536,5653.98333333,241709.00000000,7423.45000000,3,600.00000000,1600.00000000,1200.00000000,3,6,3,0,False,1,0.33333333,0,2,3,3,2000.00000000,1800.00000000,2200.00000000,7905.75000000,697.18500000,600.00000000,1297.18500000,7715.17500000,0.81074062,441.89583333,122.80155627
episode_2021-01-01_2023-01-01,overlapping_2y_episode,2021-01-01,2023-01-01 00:00:00,3,1,stable_hash,0.90000000,1000.00000000,1,3824,3824,3801,3801,0.99398536,0.99398536,0.99398536,5653.98333333,241709.00000000,7423.45000000,3,600.00000000,1600.00000000,1200.00000000,3,6,3,0,False,1,0.33333333,0,2,3,2,4800.00000000,4320.00000000,4720.00000000,8070.15000000,2899.44000000,3120.00000000,6019.44000000,10510.21500000,3.76215000,339.66666667,552.76537116
episode_2021-01-01_2023-01-01,overlapping_2y_episode,2021-01-01,2023-01-01 00:00:00,4,1,round_robin,0.90000000,1000.00000000,1,3824,3824,3823,3823,0.99973849,0.99973849,0.99973849,5666.55000000,242831.00000000,6766.35000000,4,800.00000000,1800.00000000,1000.00000000,1,5,1,0,False,1,0.25000000,0,3,4,3,3000.00000000,2700.00000000,3500.00000000,6534.15000000,1769.13000000,1700.00000000,3469.13000000,8901.84500000,1.92729444,420.95833333,279.30482900
episode_2021-01-01_2023-01-01,overlapping_2y_episode,2021-01-01,2023-01-01 00:00:00,4,1,least_trades,0.90000000,1000.00000000,1,3824,3824,3823,3823,0.99973849,0.99973849,0.99973849,5666.55000000,242831.00000000,6766.35000000,4,800.00000000,1800.00000000,1000.00000000,1,5,1,0,False,1,0.25000000,0,3,4,2,1600.00000000,1440.00000000,2240.00000000,5280.45000000,0.00000000,440.00000000,440.00000000,5192.40500000,0.24444444,306.87500000,0.43301270
episode_2021-01-01_2023-01-01,overlapping_2y_episode,2021-01-01,2023-01-01 00:00:00,4,1,max_headroom,0.90000000,1000.00000000,1,3824,3824,3823,3823,0.99973849,0.99973849,0.99973849,5666.55000000,242831.00000000,6766.35000000,4,800.00000000,1800.00000000,800.00000000,0,4,0,0,False,0,0.00000000,0,4,4,2,2600.00000000,2340.00000000,3340.00000000,4166.35000000,479.61000000,1540.00000000,2019.61000000,6644.39500000,1.12200556,399.31250000,751.38517919
episode_2021-01-01_2023-01-01,overlapping_2y_episode,2021-01-01,2023-01-01 00:00:00,4,1,protect_frozen,0.90000000,1000.00000000,1,3824,3824,3823,3823,0.99973849,0.99973849,0.99973849,5666.55000000,242831.00000000,6766.35000000,4,800.00000000,1800.00000000,1200.00000000,2,6,2,0,False,1,0.25000000,0,3,4,4,800.00000000,720.00000000,1320.00000000,8523.65000000,0.00000000,-480.00000000,-480.00000000,7191.28500000,-0.26666667,614.89583333,181.26137895
episode_2021-01-01_2023-01-01,overlapping_2y_episode,2021-01-01,2023-01-01 00:00:00,4,1,stable_hash,0.90000000,1000.00000000,1,3824,3824,3823,3823,0.99973849,0.99973849,0.99973849,5666.55000000,242831.00000000,6766.35000000,4,800.00000000,1800.00000000,1400.00000000,3,7,3,0,False,1,0.25000000,0,3,4,2,2400.00000000,2160.00000000,2560.00000000,7188.25000000,1443.51000000,760.00000000,2203.51000000,7353.26500000,1.22417222,378.70833333,389.74502883
episode_2021-01-01_2023-01-01,overlapping_2y_episode,2021-01-01,2023-01-01 00:00:00,5,1,round_robin,0.90000000,1000.00000000,1,3824,3824,3824,3824,1.00000000,1.00000000,1.00000000,5667.12222222,242874.00000000,6822.80000000,5,1000.00000000,2000.00000000,1000.00000000,0,5,0,0,False,0,0.00000000,0,5,5,2,200.00000000,180.00000000,1180.00000000,6622.80000000,0.00000000,-820.00000000,-820.00000000,5140.52000000,-0.41000000,573.77083333,2.63818119
episode_2021-01-01_2023-01-01,overlapping_2y_episode,2021-01-01,2023-01-01 00:00:00,5,1,least_trades,0.90000000,1000.00000000,1,3824,3824,3824,3824,1.00000000,1.00000000,1.00000000,5667.12222222,242874.00000000,6822.80000000,5,1000.00000000,2000.00000000,1400.00000000,2,7,2,0,False,1,0.20000000,0,4,5,4,1400.00000000,1260.00000000,1860.00000000,9849.55000000,50.94000000,-140.00000000,-89.06000000,8724.59500000,-0.04453000,479.95833333,0.40000000
episode_2021-01-01_2023-01-01,overlapping_2y_episode,2021-01-01,2023-01-01 00:00:00,5,1,max_headroom,0.90000000,1000.00000000,1,3824,3824,3824,3824,1.00000000,1.00000000,1.00000000,5667.12222222,242874.00000000,6822.80000000,5,1000.00000000,2000.00000000,1000.00000000,0,5,0,0,False,0,0.00000000,0,5,5,3,2400.00000000,2160.00000000,3160.00000000,4422.80000000,0.00000000,1160.00000000,1160.00000000,6272.00000000,0.58000000,416.12500000,451.01902399
episode_2021-01-01_2023-01-01,overlapping_2y_episode,2021-01-01,2023-01-01 00:00:00,5,1,protect_frozen,0.90000000,1000.00000000,1,3824,3824,3824,3824,1.00000000,1.00000000,1.00000000,5667.12222222,242874.00000000,6822.80000000,5,1000.00000000,2000.00000000,1600.00000000,3,8,3,0,False,1,0.20000000,0,4,5,5,800.00000000,720.00000000,1120.00000000,11451.95000000,278.82000000,-880.00000000,-601.18000000,9426.75500000,-0.30059000,598.25000000,128.40000000
episode_2021-01-01_2023-01-01,overlapping_2y_episode,2021-01-01,2023-01-01 00:00:00,5,1,stable_hash,0.90000000,1000.00000000,1,3824,3824,3824,3824,1.00000000,1.00000000,1.00000000,5667.12222222,242874.00000000,6822.80000000,5,1000.00000000,2000.00000000,1600.00000000,3,8,3,0,False,1,0.20000000,0,4,5,3,4000.00000000,3600.00000000,4000.00000000,9946.10000000,2229.97500000,2000.00000000,4229.97500000,11643.50000000,2.11498750,327.91666667,299.65219839
episode_2021-01-01_2023-01-01,overlapping_2y_episode,2021-01-01,2023-01-01 00:00:00,6,1,round_robin,0.90000000,1000.00000000,1,3824,3824,3824,3824,1.00000000,1.00000000,1.00000000,5667.12222222,242874.00000000,6822.80000000,5,1200.00000000,2200.00000000,1400.00000000,1,7,1,0,False,1,0.16666667,0,5,6,2,400.00000000,360.00000000,1160.00000000,7930.70000000,0.00000000,-1040.00000000,-1040.00000000,6097.63000000,-0.47272727,417.52083333,125.67020331
episode_2021-01-01_2023-01-01,overlapping_2y_episode,2021-01-01,2023-01-01 00:00:00,6,1,least_trades,0.90000000,1000.00000000,1,3824,3824,3824,3824,1.00000000,1.00000000,1.00000000,5667.12222222,242874.00000000,6822.80000000,5,1200.00000000,2200.00000000,1800.00000000,3,9,3,0,False,1,0.16666667,0,5,6,3,1800.00000000,1620.00000000,2020.00000000,9575.80000000,540.40500000,-180.00000000,360.40500000,8734.81500000,0.16382045,304.10416667,111.65522329
episode_2021-01-01_2023-01-01,overlapping_2y_episode,2021-01-01,2023-01-01 00:00:00,6,1,max_headroom,0.90000000,1000.00000000,1,3824,3824,3824,3824,1.00000000,1.00000000,1.00000000,5667.12222222,242874.00000000,6822.80000000,5,1200.00000000,2200.00000000,1200.00000000,0,6,0,0,False,0,0.00000000,0,6,6,2,3200.00000000,2880.00000000,3880.00000000,3622.80000000,839.56500000,1680.00000000,2519.56500000,7496.70000000,1.14525682,291.97916667,624.44099445
episode_2021-01-01_2023-01-01,overlapping_2y_episode,2021-01-01,2023-01-01 00:00:00,6,1,protect_frozen,0.90000000,1000.00000000,1,3824,3824,3824,3824,1.00000000,1.00000000,1.00000000,5667.12222222,242874.00000000,6822.80000000,5,1200.00000000,2200.00000000,1800.00000000,3,9,3,0,False,1,0.16666667,0,5,6,3,0.00000000,0.00000000,400.00000000,10247.75000000,165.01500000,-1800.00000000,-1634.98500000,8007.57000000,-0.74317500,,219.05611914
episode_2021-01-01_2023-01-01,overlapping_2y_episode,2021-01-01,2023-01-01 00:00:00,6,1,stable_hash,0.90000000,1000.00000000,1,3824,3824,3824,3824,1.00000000,1.00000000,1.00000000,5667.12222222,242874.00000000,6822.80000000,5,1200.00000000,2200.00000000,1600.00000000,2,8,2,0,False,1,0.16666667,0,5,6,3,2000.00000000,1800.00000000,2400.00000000,8968.65000000,861.16500000,200.00000000,1061.16500000,8759.18000000,0.48234773,341.12500000,181.70802282
episode_2021-01-01_2023-01-01,overlapping_2y_episode,2021-01-01,2023-01-01 00:00:00,8,1,round_robin,0.90000000,1000.00000000,1,3824,3824,3824,3824,1.00000000,1.00000000,1.00000000,5667.12222222,242874.00000000,6822.80000000,5,1600.00000000,2600.00000000,1800.00000000,1,9,1,0,False,1,0.12500000,0,7,8,4,1400.00000000,1260.00000000,2060.00000000,7858.70000000,625.09500000,-540.00000000,85.09500000,8237.79000000,0.03272885,409.62500000,51.87665660
episode_2021-01-01_2023-01-01,overlapping_2y_episode,2021-01-01,2023-01-01 00:00:00,8,1,least_trades,0.90000000,1000.00000000,1,3824,3824,3824,3824,1.00000000,1.00000000,1.00000000,5667.12222222,242874.00000000,6822.80000000,5,1600.00000000,2600.00000000,2400.00000000,4,12,4,0,False,1,0.12500000,0,7,8,4,1600.00000000,1440.00000000,1640.00000000,12282.70000000,1099.80000000,-960.00000000,139.80000000,10094.43000000,0.05376923,432.27083333,0.50000000
episode_2021-01-01_2023-01-01,overlapping_2y_episode,2021-01-01,2023-01-01 00:00:00,8,1,max_headroom,0.90000000,1000.00000000,1,3824,3824,3824,3824,1.00000000,1.00000000,1.00000000,5667.12222222,242874.00000000,6822.80000000,5,1600.00000000,2600.00000000,1600.00000000,0,8,0,0,False,0,0.00000000,0,8,8,3,2400.00000000,2160.00000000,3160.00000000,4422.80000000,0.00000000,560.00000000,560.00000000,7084.23500000,0.21538462,416.12500000,347.11885573
episode_2021-01-01_2023-01-01,overlapping_2y_episode,2021-01-01,2023-01-01 00:00:00,8,1,protect_frozen,0.90000000,1000.00000000,1,3824,3824,3824,3824,1.00000000,1.00000000,1.00000000,5667.12222222,242874.00000000,6822.80000000,5,1600.00000000,2600.00000000,2000.00000000,2,10,2,0,False,1,0.12500000,0,7,8,4,0.00000000,0.00000000,600.00000000,11471.30000000,200.34000000,-2000.00000000,-1799.66000000,8807.29000000,-0.69217692,,102.21882165
episode_2021-01-01_2023-01-01,overlapping_2y_episode,2021-01-01,2023-01-01 00:00:00,8,1,stable_hash,0.90000000,1000.00000000,1,3824,3824,3824,3824,1.00000000,1.00000000,1.00000000,5667.12222222,242874.00000000,6822.80000000,5,1600.00000000,2600.00000000,2000.00000000,2,10,2,0,False,1,0.12500000,0,7,8,4,1800.00000000,1620.00000000,2220.00000000,9174.50000000,864.00000000,-380.00000000,484.00000000,9304.22500000,0.18615385,293.70833333,172.53966935
episode_2021-01-01_2023-01-01,overlapping_2y_episode,2021-01-01,2023-01-01 00:00:00,10,1,round_robin,0.90000000,1000.00000000,1,3824,3824,3824,3824,1.00000000,1.00000000,1.00000000,5667.12222222,242874.00000000,6822.80000000,5,2000.00000000,3000.00000000,2600.00000000,3,13,3,0,False,1,0.10000000,0,9,10,3,2000.00000000,1800.00000000,2200.00000000,10981.00000000,992.88000000,-800.00000000,192.88000000,11263.91500000,0.06429333,451.70833333,113.77258018
episode_2021-01-01_2023-01-01,overlapping_2y_episode,2021-01-01,2023-01-01 00:00:00,10,1,least_trades,0.90000000,1000.00000000,1,3824,3824,3824,3824,1.00000000,1.00000000,1.00000000,5667.12222222,242874.00000000,6822.80000000,5,2000.00000000,3000.00000000,2400.00000000,2,12,2,0,False,1,0.10000000,0,9,10,1,200.00000000,180.00000000,780.00000000,11014.60000000,0.00000000,-2220.00000000,-2220.00000000,7902.61500000,-0.74000000,479.72916667,0.40000000
episode_2021-01-01_2023-01-01,overlapping_2y_episode,2021-01-01,2023-01-01 00:00:00,10,1,max_headroom,0.90000000,1000.00000000,1,3824,3824,3824,3824,1.00000000,1.00000000,1.00000000,5667.12222222,242874.00000000,6822.80000000,5,2000.00000000,3000.00000000,2000.00000000,0,10,0,0,False,0,0.00000000,0,10,10,4,3200.00000000,2880.00000000,3880.00000000,3622.80000000,0.00000000,880.00000000,880.00000000,7404.19000000,0.29333333,399.31250000,353.62584747
episode_2021-01-01_2023-01-01,overlapping_2y_episode,2021-01-01,2023-01-01 00:00:00,10,1,protect_frozen,0.90000000,1000.00000000,1,3824,3824,3824,3824,1.00000000,1.00000000,1.00000000,5667.12222222,242874.00000000,6822.80000000,5,2000.00000000,3000.00000000,2600.00000000,3,13,3,0,False,1,0.10000000,0,9,10,4,0.00000000,0.00000000,400.00000000,12596.35000000,214.06500000,-2600.00000000,-2385.93500000,9877.28500000,-0.79531167,,88.98095302
episode_2021-01-01_2023-01-01,overlapping_2y_episode,2021-01-01,2023-01-01 00:00:00,10,1,stable_hash,0.90000000,1000.00000000,1,3824,3824,3824,3824,1.00000000,1.00000000,1.00000000,5667.12222222,242874.00000000,6822.80000000,5,2000.00000000,3000.00000000,2200.00000000,1,11,1,0,False,1,0.10000000,0,9,10,2,2000.00000000,1800.00000000,2600.00000000,7260.70000000,640.17000000,-400.00000000,240.17000000,9188.69000000,0.08005667,308.43750000,77.68680712
episode_2021-01-01_2023-01-01,overlapping_2y_episode,2021-01-01,2023-01-01 00:00:00,12,1,round_robin,0.90000000,1000.00000000,1,3824,3824,3824,3824,1.00000000,1.00000000,1.00000000,5667.12222222,242874.00000000,6822.80000000,5,2400.00000000,3400.00000000,2600.00000000,1,13,1,0,False,1,0.08333333,0,11,12,2,0.00000000,0.00000000,800.00000000,9159.85000000,180.49500000,-2600.00000000,-2419.50500000,7485.04000000,-0.71161912,,80.33000512
episode_2021-01-01_2023-01-01,overlapping_2y_episode,2021-01-01,2023-01-01 00:00:00,12,1,least_trades,0.90000000,1000.00000000,1,3824,3824,3824,3824,1.00000000,1.00000000,1.00000000,5667.12222222,242874.00000000,6822.80000000,5,2400.00000000,3400.00000000,2600.00000000,1,13,1,0,False,1,0.08333333,0,11,12,2,600.00000000,540.00000000,1340.00000000,8551.20000000,0.00000000,-2060.00000000,-2060.00000000,7530.04000000,-0.60588235,409.77083333,29.80165916
episode_2021-01-01_2023-01-01,overlapping_2y_episode,2021-01-01,2023-01-01 00:00:00,12,1,max_headroom,0.90000000,1000.00000000,1,3824,3824,3824,3824,1.00000000,1.00000000,1.00000000,5667.12222222,242874.00000000,6822.80000000,5,2400.00000000,3400.00000000,2400.00000000,0,12,0,0,False,0,0.00000000,0,12,12,5,2000.00000000,1800.00000000,2800.00000000,4822.80000000,0.00000000,-600.00000000,-600.00000000,7577.08500000,-0.17647059,420.95833333,248.54353520
episode_2021-01-01_2023-01-01,overlapping_2y_episode,2021-01-01,2023-01-01 00:00:00,12,1,protect_frozen,0.90000000,1000.00000000,1,3824,3824,3824,3824,1.00000000,1.00000000,1.00000000,5667.12222222,242874.00000000,6822.80000000,5,2400.00000000,3400.00000000,3200.00000000,4,16,4,0,False,1,0.08333333,0,11,12,4,0.00000000,0.00000000,200.00000000,14277.40000000,263.29500000,-3200.00000000,-2936.70500000,10659.37000000,-0.86373676,,49.45003090
episode_2021-01-01_2023-01-01,overlapping_2y_episode,2021-01-01,2023-01-01 00:00:00,12,1,stable_hash,0.90000000,1000.00000000,1,3824,3824,3824,3824,1.00000000,1.00000000,1.00000000,5667.12222222,242874.00000000,6822.80000000,5,2400.00000000,3400.00000000,2600.00000000,1,13,1,0,False,1,0.08333333,0,11,12,2,1200.00000000,1080.00000000,1880.00000000,7276.40000000,747.18000000,-1520.00000000,-772.82000000,7545.79000000,-0.22730000,341.95833333,81.01165897
episode_2021-01-01_2023-01-01,overlapping_2y_episode,2021-01-01,2023-01-01 00:00:00,15,1,round_robin,0.90000000,1000.00000000,1,3824,3824,3824,3824,1.00000000,1.00000000,1.00000000,5667.12222222,242874.00000000,6822.80000000,5,3000.00000000,4000.00000000,3000.00000000,0,15,0,0,False,0,0.00000000,0,15,15,1,600.00000000,540.00000000,1540.00000000,6222.80000000,0.00000000,-2460.00000000,-2460.00000000,6178.20000000,-0.61500000,494.87500000,0.24944383
episode_2021-01-01_2023-01-01,overlapping_2y_episode,2021-01-01,2023-01-01 00:00:00,15,1,least_trades,0.90000000,1000.00000000,1,3824,3824,3824,3824,1.00000000,1.00000000,1.00000000,5667.12222222,242874.00000000,6822.80000000,5,3000.00000000,4000.00000000,3000.00000000,0,15,0,0,False,0,0.00000000,0,15,15,1,600.00000000,540.00000000,1540.00000000,6222.80000000,0.00000000,-2460.00000000,-2460.00000000,6178.20000000,-0.61500000,494.87500000,0.24944383
episode_2021-01-01_2023-01-01,overlapping_2y_episode,2021-01-01,2023-01-01 00:00:00,15,1,max_headroom,0.90000000,1000.00000000,1,3824,3824,3824,3824,1.00000000,1.00000000,1.00000000,5667.12222222,242874.00000000,6822.80000000,5,3000.00000000,4000.00000000,3000.00000000,0,15,0,0,False,0,0.00000000,0,15,15,2,1600.00000000,1440.00000000,2440.00000000,5222.80000000,82.71000000,-1560.00000000,-1477.29000000,6774.09000000,-0.36932250,417.91666667,210.33258320
episode_2021-01-01_2023-01-01,overlapping_2y_episode,2021-01-01,2023-01-01 00:00:00,15,1,protect_frozen,0.90000000,1000.00000000,1,3824,3824,3824,3824,1.00000000,1.00000000,1.00000000,5667.12222222,242874.00000000,6822.80000000,5,3000.00000000,4000.00000000,3000.00000000,0,15,0,0,False,0,0.00000000,0,15,15,3,0.00000000,0.00000000,1000.00000000,6822.80000000,81.58500000,-3000.00000000,-2918.41500000,6615.96000000,-0.72960375,,27.13292383
episode_2021-01-01_2023-01-01,overlapping_2y_episode,2021-01-01,2023-01-01 00:00:00,15,1,stable_hash,0.90000000,1000.00000000,1,3824,3824,3824,3824,1.00000000,1.00000000,1.00000000,5667.12222222,242874.00000000,6822.80000000,5,3000.00000000,4000.00000000,3400.00000000,2,17,2,0,False,1,0.06666667,0,14,15,1,200.00000000,180.00000000,780.00000000,11250.80000000,165.10500000,-3220.00000000,-3054.89500000,7741.91000000,-0.76372375,474.62500000,73.65004337
episode_2021-01-01_2023-01-01,overlapping_2y_episode,2021-01-01,2023-01-01 00:00:00,20,1,round_robin,0.90000000,1000.00000000,1,3824,3824,3824,3824,1.00000000,1.00000000,1.00000000,5667.12222222,242874.00000000,6822.80000000,5,4000.00000000,5000.00000000,4400.00000000,2,22,2,0,False,1,0.05000000,0,19,20,0,0.00000000,0.00000000,600.00000000,11605.00000000,0.00000000,-4400.00000000,-4400.00000000,8691.31000000,-0.88000000,,36.77771064
episode_2021-01-01_2023-01-01,overlapping_2y_episode,2021-01-01,2023-01-01 00:00:00,20,1,least_trades,0.90000000,1000.00000000,1,3824,3824,3824,3824,1.00000000,1.00000000,1.00000000,5667.12222222,242874.00000000,6822.80000000,5,4000.00000000,5000.00000000,4200.00000000,1,21,1,0,False,1,0.05000000,0,19,20,1,0.00000000,0.00000000,800.00000000,9239.00000000,0.00000000,-4200.00000000,-4200.00000000,8195.52000000,-0.84000000,,0.00000000
episode_2021-01-01_2023-01-01,overlapping_2y_episode,2021-01-01,2023-01-01 00:00:00,20,1,max_headroom,0.90000000,1000.00000000,1,3824,3824,3824,3824,1.00000000,1.00000000,1.00000000,5667.12222222,242874.00000000,6822.80000000,5,4000.00000000,5000.00000000,4000.00000000,0,20,0,0,False,0,0.00000000,0,20,20,4,1400.00000000,1260.00000000,2260.00000000,5422.80000000,0.00000000,-2740.00000000,-2740.00000000,6528.38000000,-0.54800000,445.66666667,163.57310292
episode_2021-01-01_2023-01-01,overlapping_2y_episode,2021-01-01,2023-01-01 00:00:00,20,1,protect_frozen,0.90000000,1000.00000000,1,3824,3824,3824,3824,1.00000000,1.00000000,1.00000000,5667.12222222,242874.00000000,6822.80000000,5,4000.00000000,5000.00000000,4200.00000000,1,21,1,0,False,1,0.05000000,0,19,20,2,0.00000000,0.00000000,800.00000000,9239.00000000,38.34000000,-4200.00000000,-4161.66000000,8528.38500000,-0.83233200,,22.20360331
episode_2021-01-01_2023-01-01,overlapping_2y_episode,2021-01-01,2023-01-01 00:00:00,20,1,stable_hash,0.90000000,1000.00000000,1,3824,3824,3824,3824,1.00000000,1.00000000,1.00000000,5667.12222222,242874.00000000,6822.80000000,5,4000.00000000,5000.00000000,4200.00000000,1,21,1,0,False,1,0.05000000,0,19,20,0,0.00000000,0.00000000,800.00000000,9238.10000000,0.00000000,-4200.00000000,-4200.00000000,7998.91500000,-0.84000000,,36.75105441
episode_2021-01-01_2023-01-01,overlapping_2y_episode,2021-01-01,2023-01-01 00:00:00,4,2,round_robin,0.90000000,1000.00000000,1,3824,7648,7319,7319,0.95698222,0.95711297,0.95685146,11029.55555556,469446.00000000,13782.05000000,4,800.00000000,1800.00000000,1200.00000000,2,6,2,0,False,2,0.50000000,0,2,4,4,6000.00000000,5400.00000000,6000.00000000,11381.55000000,2428.47000000,4200.00000000,6628.47000000,14443.39500000,3.68248333,399.87500000,289.75021570
episode_2021-01-01_2023-01-01,overlapping_2y_episode,2021-01-01,2023-01-01 00:00:00,4,2,least_trades,0.90000000,1000.00000000,1,3824,7648,7320,7320,0.95711297,0.95711297,0.95711297,11030.21111111,469501.00000000,13738.00000000,4,800.00000000,1800.00000000,1600.00000000,4,8,4,0,False,2,0.50000000,0,2,4,4,5600.00000000,5040.00000000,5240.00000000,12959.65000000,4065.12000000,3440.00000000,7505.12000000,15103.68500000,4.16951111,411.89583333,337.75018505
episode_2021-01-01_2023-01-01,overlapping_2y_episode,2021-01-01,2023-01-01 00:00:00,4,2,max_headroom,0.90000000,1000.00000000,1,3824,7648,7319,7319,0.95698222,0.95711297,0.95685146,11029.59444444,469434.50000000,13805.55000000,4,800.00000000,1800.00000000,1200.00000000,2,6,2,0,False,2,0.50000000,0,2,4,4,6000.00000000,5400.00000000,6000.00000000,12564.95000000,1948.45500000,4200.00000000,6148.45500000,15508.45500000,3.41580833,398.97916667,553.34545042
episode_2021-01-01_2023-01-01,overlapping_2y_episode,2021-01-01,2023-01-01 00:00:00,4,2,protect_frozen,0.90000000,1000.00000000,1,3824,7648,7319,7319,0.95698222,0.95711297,0.95685146,11029.99444444,469432.50000000,13807.55000000,4,800.00000000,1800.00000000,1600.00000000,4,8,4,0,False,2,0.50000000,0,2,4,4,5000.00000000,4500.00000000,4700.00000000,11374.40000000,2212.33500000,2900.00000000,5112.33500000,13136.96000000,2.84018611,423.70833333,375.50033289
episode_2021-01-01_2023-01-01,overlapping_2y_episode,2021-01-01,2023-01-01 00:00:00,4,2,stable_hash,0.90000000,1000.00000000,1,3824,7648,7320,7320,0.95711297,0.95711297,0.95711297,11030.21111111,469501.00000000,13738.00000000,4,800.00000000,1800.00000000,1600.00000000,4,8,4,0,False,1,0.25000000,0,3,4,4,6000.00000000,5400.00000000,5600.00000000,11368.85000000,1056.91500000,3800.00000000,4856.91500000,14031.96500000,2.69828611,392.95833333,378.10803681
episode_2021-01-01_2023-01-01,overlapping_2y_episode,2021-01-01,2023-01-01 00:00:00,5,2,round_robin,0.90000000,1000.00000000,1,3824,7648,7461,7461,0.97554916,0.99398536,0.95711297,11169.08888889,476459.50000000,14292.45000000,5,1000.00000000,2000.00000000,1800.00000000,4,9,4,0,False,1,0.20000000,0,4,5,4,5200.00000000,4680.00000000,4880.00000000,12230.40000000,1569.78000000,2880.00000000,4449.78000000,13887.36000000,2.22489000,411.89583333,500.82276306
episode_2021-01-01_2023-01-01,overlapping_2y_episode,2021-01-01,2023-01-01 00:00:00,5,2,least_trades,0.90000000,1000.00000000,1,3824,7648,7461,7461,0.97554916,0.99398536,0.95711297,11169.08888889,476459.50000000,14292.45000000,5,1000.00000000,2000.00000000,1600.00000000,3,8,3,0,False,1,0.20000000,0,4,5,5,4200.00000000,3780.00000000,4180.00000000,12416.05000000,793.57500000,2180.00000000,2973.57500000,13354.44500000,1.48678750,417.52083333,221.90033799
episode_2021-01-01_2023-01-01,overlapping_2y_episode,2021-01-01,2023-01-01 00:00:00,5,2,max_headroom,0.90000000,1000.00000000,1,3824,7648,7461,7461,0.97554916,0.99398536,0.95711297,11169.08888889,476459.50000000,14292.45000000,5,1000.00000000,2000.00000000,1000.00000000,0,5,0,0,False,0,0.00000000,0,5,5,4,5200.00000000,4680.00000000,5680.00000000,9092.45000000,724.36500000,3680.00000000,4404.36500000,13563.21500000,2.20218250,307.66666667,732.82587291
episode_2021-01-01_2023-01-01,overlapping_2y_episode,2021-01-01,2023-01-01 00:00:00,5,2,protect_frozen,0.90000000,1000.00000000,1,3824,7648,7461,7461,0.97554916,0.99398536,0.95711297,11169.08888889,476459.50000000,14292.45000000,5,1000.00000000,2000.00000000,1600.00000000,3,8,3,0,False,1,0.20000000,0,4,5,5,4400.00000000,3960.00000000,4360.00000000,13065.40000000,1658.11500000,2360.00000000,4018.11500000,14118.86000000,2.00905750,423.60416667,205.20000000
episode_2021-01-01_2023-01-01,overlapping_2y_episode,2021-01-01,2023-01-01 00:00:00,5,2,stable_hash,0.90000000,1000.00000000,1,3824,7648,7461,7461,0.97554916,0.99398536,0.95711297,11169.08888889,476459.50000000,14292.45000000,5,1000.00000000,2000.00000000,1600.00000000,3,8,3,0,False,1,0.20000000,0,4,5,5,4200.00000000,3780.00000000,4180.00000000,11915.80000000,2282.08500000,2180.00000000,4462.08500000,12904.22000000,2.23104250,307.43750000,411.53877096
episode_2021-01-01_2023-01-01,overlapping_2y_episode,2021-01-01,2023-01-01 00:00:00,6,2,round_robin,0.90000000,1000.00000000,1,3824,7648,7602,7602,0.99398536,0.99398536,0.99398536,11307.96666667,483418.00000000,14846.90000000,6,1200.00000000,2200.00000000,1600.00000000,2,8,2,0,False,2,0.33333333,0,4,6,2,3200.00000000,2880.00000000,3480.00000000,10929.00000000,1799.19000000,1280.00000000,3079.19000000,11116.10000000,1.39963182,441.66666667,444.30044890
episode_2021-01-01_2023-01-01,overlapping_2y_episode,2021-01-01,2023-01-01 00:00:00,6,2,least_trades,0.90000000,1000.00000000,1,3824,7648,7602,7602,0.99398536,0.99398536,0.99398536,11307.96666667,483418.00000000,14846.90000000,6,1200.00000000,2200.00000000,1600.00000000,2,8,2,0,False,2,0.33333333,0,4,6,4,5800.00000000,5220.00000000,5820.00000000,12603.00000000,1149.30000000,3620.00000000,4769.30000000,14962.70000000,2.16786364,287.95833333,0.47140452
episode_2021-01-01_2023-01-01,overlapping_2y_episode,2021-01-01,2023-01-01 00:00:00,6,2,max_headroom,0.90000000,1000.00000000,1,3824,7648,7602,7602,0.99398536,0.99398536,0.99398536,11307.96666667,483418.00000000,14846.90000000,6,1200.00000000,2200.00000000,1200.00000000,0,6,0,0,False,0,0.00000000,0,6,6,4,4800.00000000,4320.00000000,5320.00000000,10046.90000000,983.07000000,3120.00000000,4103.07000000,13463.07000000,1.86503182,402.70833333,789.39512709
episode_2021-01-01_2023-01-01,overlapping_2y_episode,2021-01-01,2023-01-01 00:00:00,6,2,protect_frozen,0.90000000,1000.00000000,1,3824,7648,7602,7602,0.99398536,0.99398536,0.99398536,11307.96666667,483418.00000000,14846.90000000,6,1200.00000000,2200.00000000,2400.00000000,6,12,6,0,False,2,0.33333333,0,4,6,6,4600.00000000,4140.00000000,3940.00000000,15302.00000000,1124.64000000,1740.00000000,2864.64000000,15511.80000000,1.30210909,423.70833333,123.15527688
episode_2021-01-01_2023-01-01,overlapping_2y_episode,2021-01-01,2023-01-01 00:00:00,6,2,stable_hash,0.90000000,1000.00000000,1,3824,7648,7602,7602,0.99398536,0.99398536,0.99398536,11307.96666667,483418.00000000,14846.90000000,6,1200.00000000,2200.00000000,2200.00000000,5,11,5,0,False,1,0.16666667,0,5,6,5,6400.00000000,5760.00000000,5760.00000000,13750.20000000,3134.88000000,3560.00000000,6694.88000000,16074.32000000,3.04312727,301.77083333,463.95402071
episode_2021-01-01_2023-01-01,overlapping_2y_episode,2021-01-01,2023-01-01 00:00:00,8,2,round_robin,0.90000000,1000.00000000,1,3824,7648,7646,7646,0.99973849,0.99973849,0.99973849,11333.10000000,485662.00000000,13532.70000000,8,1600.00000000,2600.00000000,2000.00000000,2,10,2,0,False,2,0.25000000,0,6,8,6,6000.00000000,5400.00000000,6000.00000000,13068.30000000,3538.26000000,3400.00000000,6938.26000000,17803.69000000,2.66856154,420.95833333,279.30482900
episode_2021-01-01_2023-01-01,overlapping_2y_episode,2021-01-01,2023-01-01 00:00:00,8,2,least_trades,0.90000000,1000.00000000,1,3824,7648,7646,7646,0.99973849,0.99973849,0.99973849,11333.10000000,485662.00000000,13532.70000000,8,1600.00000000,2600.00000000,2000.00000000,2,10,2,0,False,2,0.25000000,0,6,8,4,3200.00000000,2880.00000000,3480.00000000,10560.90000000,234.40500000,880.00000000,1114.40500000,10384.81000000,0.42861731,306.87500000,0.43301270
episode_2021-01-01_2023-01-01,overlapping_2y_episode,2021-01-01,2023-01-01 00:00:00,8,2,max_headroom,0.90000000,1000.00000000,1,3824,7648,7646,7646,0.99973849,0.99973849,0.99973849,11333.10000000,485662.00000000,13532.70000000,8,1600.00000000,2600.00000000,1600.00000000,0,8,0,0,False,0,0.00000000,0,8,8,4,5200.00000000,4680.00000000,5680.00000000,8332.70000000,959.22000000,3080.00000000,4039.22000000,13288.79000000,1.55354615,399.31250000,751.38517919
episode_2021-01-01_2023-01-01,overlapping_2y_episode,2021-01-01,2023-01-01 00:00:00,8,2,protect_frozen,0.90000000,1000.00000000,1,3824,7648,7646,7646,0.99973849,0.99973849,0.99973849,11333.10000000,485662.00000000,13532.70000000,8,1600.00000000,2600.00000000,2400.00000000,4,12,4,0,False,2,0.25000000,0,6,8,8,600.00000000,540.00000000,740.00000000,17922.75000000,0.00000000,-1860.00000000,-1860.00000000,14270.47500000,-0.71538462,614.89583333,183.29684770
episode_2021-01-01_2023-01-01,overlapping_2y_episode,2021-01-01,2023-01-01 00:00:00,8,2,stable_hash,0.90000000,1000.00000000,1,3824,7648,7646,7646,0.99973849,0.99973849,0.99973849,11333.10000000,485662.00000000,13532.70000000,8,1600.00000000,2600.00000000,2600.00000000,5,13,5,0,False,1,0.12500000,0,7,8,6,6200.00000000,5580.00000000,5580.00000000,14348.40000000,2810.65500000,2980.00000000,5790.65500000,17631.55000000,2.22717500,343.66666667,345.99268417
episode_2021-01-01_2023-01-01,overlapping_2y_episode,2021-01-01,2023-01-01 00:00:00,10,2,round_robin,0.90000000,1000.00000000,1,3824,7648,7648,7648,1.00000000,1.00000000,1.00000000,11334.24444444,485748.00000000,13645.60000000,10,2000.00000000,3000.00000000,2000.00000000,0,10,0,0,False,0,0.00000000,0,10,10,4,400.00000000,360.00000000,1360.00000000,13245.60000000,0.00000000,-1640.00000000,-1640.00000000,10281.04000000,-0.54666667,573.77083333,2.63818119
episode_2021-01-01_2023-01-01,overlapping_2y_episode,2021-01-01,2023-01-01 00:00:00,10,2,least_trades,0.90000000,1000.00000000,1,3824,7648,7648,7648,1.00000000,1.00000000,1.00000000,11334.24444444,485748.00000000,13645.60000000,10,2000.00000000,3000.00000000,2800.00000000,4,14,4,0,False,2,0.20000000,0,8,10,7,2600.00000000,2340.00000000,2540.00000000,19665.55000000,879.48000000,-460.00000000,419.48000000,17238.99500000,0.13982667,479.95833333,0.30000000
episode_2021-01-01_2023-01-01,overlapping_2y_episode,2021-01-01,2023-01-01 00:00:00,10,2,max_headroom,0.90000000,1000.00000000,1,3824,7648,7648,7648,1.00000000,1.00000000,1.00000000,11334.24444444,485748.00000000,13645.60000000,10,2000.00000000,3000.00000000,2000.00000000,0,10,0,0,False,0,0.00000000,0,10,10,6,4800.00000000,4320.00000000,5320.00000000,8845.60000000,0.00000000,2320.00000000,2320.00000000,12544.00000000,0.77333333,416.12500000,451.01902399
episode_2021-01-01_2023-01-01,overlapping_2y_episode,2021-01-01,2023-01-01 00:00:00,10,2,protect_frozen,0.90000000,1000.00000000,1,3824,7648,7647,7647,0.99986925,1.00000000,0.99973849,11333.67222222,485705.00000000,13589.15000000,9,2000.00000000,3000.00000000,3200.00000000,6,16,6,0,False,2,0.20000000,0,8,10,9,1600.00000000,1440.00000000,1240.00000000,22574.35000000,1203.61500000,-1760.00000000,-556.38500000,18995.39500000,-0.18546167,558.41666667,111.97772100
episode_2021-01-01_2023-01-01,overlapping_2y_episode,2021-01-01,2023-01-01 00:00:00,10,2,stable_hash,0.90000000,1000.00000000,1,3824,7648,7648,7648,1.00000000,1.00000000,1.00000000,11334.24444444,485748.00000000,13645.60000000,10,2000.00000000,3000.00000000,2800.00000000,4,14,4,0,False,1,0.10000000,0,9,10,5,4200.00000000,3780.00000000,3980.00000000,15804.20000000,1720.26000000,980.00000000,2700.26000000,15738.47000000,0.90008667,404.95833333,273.95444877
episode_2021-01-01_2023-01-01,overlapping_2y_episode,2021-01-01,2023-01-01 00:00:00,12,2,round_robin,0.90000000,1000.00000000,1,3824,7648,7648,7648,1.00000000,1.00000000,1.00000000,11334.24444444,485748.00000000,13645.60000000,10,2400.00000000,3400.00000000,2800.00000000,2,14,2,0,False,2,0.16666667,0,10,12,6,800.00000000,720.00000000,1320.00000000,15861.40000000,236.34000000,-2080.00000000,-1843.66000000,12349.07000000,-0.54225294,417.52083333,125.89545928
episode_2021-01-01_2023-01-01,overlapping_2y_episode,2021-01-01,2023-01-01 00:00:00,12,2,least_trades,0.90000000,1000.00000000,1,3824,7648,7648,7648,1.00000000,1.00000000,1.00000000,11334.24444444,485748.00000000,13645.60000000,10,2400.00000000,3400.00000000,3600.00000000,6,18,6,0,False,2,0.16666667,0,10,12,6,4200.00000000,3780.00000000,3580.00000000,20492.70000000,1530.63000000,180.00000000,1710.63000000,18841.14000000,0.50312647,304.10416667,0.00000000
episode_2021-01-01_2023-01-01,overlapping_2y_episode,2021-01-01,2023-01-01 00:00:00,12,2,max_headroom,0.90000000,1000.00000000,1,3824,7648,7648,7648,1.00000000,1.00000000,1.00000000,11334.24444444,485748.00000000,13645.60000000,10,2400.00000000,3400.00000000,2400.00000000,0,12,0,0,False,0,0.00000000,0,12,12,4,6400.00000000,5760.00000000,6760.00000000,7245.60000000,1679.13000000,3360.00000000,5039.13000000,14993.40000000,1.48209706,291.97916667,624.44099445
episode_2021-01-01_2023-01-01,overlapping_2y_episode,2021-01-01,2023-01-01 00:00:00,12,2,protect_frozen,0.90000000,1000.00000000,1,3824,7648,7648,7648,1.00000000,1.00000000,1.00000000,11334.24444444,485748.00000000,13645.60000000,10,2400.00000000,3400.00000000,3600.00000000,6,18,6,0,False,2,0.16666667,0,10,12,9,400.00000000,360.00000000,160.00000000,23664.45000000,719.68500000,-3240.00000000,-2520.31500000,18991.03500000,-0.74126912,626.93750000,246.09487500
episode_2021-01-01_2023-01-01,overlapping_2y_episode,2021-01-01,2023-01-01 00:00:00,12,2,stable_hash,0.90000000,1000.00000000,1,3824,7648,7648,7648,1.00000000,1.00000000,1.00000000,11334.24444444,485748.00000000,13645.60000000,10,2400.00000000,3400.00000000,3600.00000000,6,18,6,0,False,1,0.08333333,0,11,12,6,4400.00000000,3960.00000000,3760.00000000,20610.65000000,2575.12500000,360.00000000,2935.12500000,20200.86000000,0.86327206,305.66666667,234.44335670
episode_2021-01-01_2023-01-01,overlapping_2y_episode,2021-01-01,2023-01-01 00:00:00,15,2,round_robin,0.90000000,1000.00000000,1,3824,7648,7648,7648,1.00000000,1.00000000,1.00000000,11334.24444444,485748.00000000,13645.60000000,10,3000.00000000,4000.00000000,4000.00000000,5,20,5,0,False,1,0.06666667,0,14,15,3,1400.00000000,1260.00000000,1260.00000000,15900.40000000,1031.40000000,-2740.00000000,-1708.60000000,13510.13000000,-0.42715000,423.70833333,204.75476931
episode_2021-01-01_2023-01-01,overlapping_2y_episode,2021-01-01,2023-01-01 00:00:00,15,2,least_trades,0.90000000,1000.00000000,1,3824,7648,7648,7648,1.00000000,1.00000000,1.00000000,11334.24444444,485748.00000000,13645.60000000,10,3000.00000000,4000.00000000,3400.00000000,2,17,2,0,False,1,0.06666667,0,14,15,8,2000.00000000,1800.00000000,2400.00000000,14541.25000000,1014.97500000,-1600.00000000,-585.02500000,16232.82500000,-0.14625625,467.91666667,0.00000000
episode_2021-01-01_2023-01-01,overlapping_2y_episode,2021-01-01,2023-01-01 00:00:00,15,2,max_headroom,0.90000000,1000.00000000,1,3824,7648,7648,7648,1.00000000,1.00000000,1.00000000,11334.24444444,485748.00000000,13645.60000000,10,3000.00000000,4000.00000000,3000.00000000,0,15,0,0,False,0,0.00000000,0,15,15,5,6000.00000000,5400.00000000,6400.00000000,7645.60000000,435.10500000,2400.00000000,2835.10500000,12771.15000000,0.70877625,307.02083333,528.27200906
episode_2021-01-01_2023-01-01,overlapping_2y_episode,2021-01-01,2023-01-01 00:00:00,15,2,protect_frozen,0.90000000,1000.00000000,1,3824,7648,7648,7648,1.00000000,1.00000000,1.00000000,11334.24444444,485748.00000000,13645.60000000,10,3000.00000000,4000.00000000,3200.00000000,1,16,1,0,False,1,0.06666667,0,14,15,4,0.00000000,0.00000000,800.00000000,15954.75000000,179.77500000,-3200.00000000,-3020.22500000,13193.18500000,-0.75505625,,119.34376118
episode_2021-01-01_2023-01-01,overlapping_2y_episode,2021-01-01,2023-01-01 00:00:00,15,2,stable_hash,0.90000000,1000.00000000,1,3824,7648,7648,7648,1.00000000,1.00000000,1.00000000,11334.24444444,485748.00000000,13645.60000000,10,3000.00000000,4000.00000000,3600.00000000,3,18,3,0,False,1,0.06666667,0,14,15,6,2200.00000000,1980.00000000,2380.00000000,17815.70000000,1131.07500000,-1620.00000000,-488.92500000,15357.42000000,-0.12223125,279.72916667,132.53148892
episode_2021-01-01_2023-01-01,overlapping_2y_episode,2021-01-01,2023-01-01 00:00:00,20,2,round_robin,0.90000000,1000.00000000,1,3824,7648,7648,7648,1.00000000,1.00000000,1.00000000,11334.24444444,485748.00000000,13645.60000000,10,4000.00000000,5000.00000000,5200.00000000,6,26,6,0,False,2,0.10000000,0,18,20,6,4000.00000000,3600.00000000,3400.00000000,21962.00000000,1985.76000000,-1600.00000000,385.76000000,22527.83000000,0.07715200,451.70833333,113.77258018
episode_2021-01-01_2023-01-01,overlapping_2y_episode,2021-01-01,2023-01-01 00:00:00,20,2,least_trades,0.90000000,1000.00000000,1,3824,7648,7648,7648,1.00000000,1.00000000,1.00000000,11334.24444444,485748.00000000,13645.60000000,10,4000.00000000,5000.00000000,4600.00000000,3,23,3,0,False,2,0.10000000,0,18,20,5,400.00000000,360.00000000,760.00000000,19836.05000000,0.00000000,-4240.00000000,-4240.00000000,15556.13000000,-0.84800000,479.72916667,0.49749372
episode_2021-01-01_2023-01-01,overlapping_2y_episode,2021-01-01,2023-01-01 00:00:00,20,2,max_headroom,0.90000000,1000.00000000,1,3824,7648,7648,7648,1.00000000,1.00000000,1.00000000,11334.24444444,485748.00000000,13645.60000000,10,4000.00000000,5000.00000000,4000.00000000,0,20,0,0,False,0,0.00000000,0,20,20,8,6400.00000000,5760.00000000,6760.00000000,7245.60000000,0.00000000,1760.00000000,1760.00000000,14808.38000000,0.35200000,399.31250000,353.62584747
episode_2021-01-01_2023-01-01,overlapping_2y_episode,2021-01-01,2023-01-01 00:00:00,20,2,protect_frozen,0.90000000,1000.00000000,1,3824,7648,7648,7648,1.00000000,1.00000000,1.00000000,11334.24444444,485748.00000000,13645.60000000,10,4000.00000000,5000.00000000,5000.00000000,5,25,9,0,False,2,0.10000000,0,16,16,10,0.00000000,0.00000000,0.00000000,29678.00000000,450.27000000,-5000.00000000,-4549.73000000,22779.76000000,-0.90994600,,116.41943298
episode_2021-01-01_2023-01-01,overlapping_2y_episode,2021-01-01,2023-01-01 00:00:00,20,2,stable_hash,0.90000000,1000.00000000,1,3824,7648,7648,7648,1.00000000,1.00000000,1.00000000,11334.24444444,485748.00000000,13645.60000000,10,4000.00000000,5000.00000000,4800.00000000,4,24,4,0,False,1,0.05000000,0,19,20,5,1400.00000000,1260.00000000,1460.00000000,21080.60000000,136.66500000,-3540.00000000,-3403.33500000,16073.16000000,-0.68066700,272.35416667,116.58833561
episode_2021-01-01_2023-01-01,overlapping_2y_episode,2021-01-01,2023-01-01 00:00:00,6,3,round_robin,0.90000000,1000.00000000,1,3824,11472,10978,10978,0.95693863,0.95711297,0.95685146,16544.00555556,704141.50000000,20695.10000000,6,1200.00000000,2200.00000000,1800.00000000,3,9,3,0,False,3,0.50000000,0,3,6,6,9000.00000000,8100.00000000,8500.00000000,17094.35000000,3496.18500000,6300.00000000,9796.18500000,21684.91500000,4.45281136,307.66666667,290.16743251
episode_2021-01-01_2023-01-01,overlapping_2y_episode,2021-01-01,2023-01-01 00:00:00,6,3,least_trades,0.90000000,1000.00000000,1,3824,11472,10979,10979,0.95702580,0.95711297,0.95685146,16544.18333333,704188.50000000,20671.05000000,6,1200.00000000,2200.00000000,2400.00000000,6,12,6,0,False,3,0.50000000,0,3,6,6,8400.00000000,7560.00000000,7360.00000000,19492.20000000,6115.59000000,5160.00000000,11275.59000000,22702.98000000,5.12526818,411.89583333,338.33399015
episode_2021-01-01_2023-01-01,overlapping_2y_episode,2021-01-01,2023-01-01 00:00:00,6,3,max_headroom,0.90000000,1000.00000000,1,3824,11472,10978,10978,0.95693863,0.95711297,0.95685146,16544.08333333,704118.50000000,20742.10000000,6,1200.00000000,2200.00000000,1800.00000000,3,9,3,0,False,3,0.50000000,0,3,6,6,9400.00000000,8460.00000000,8860.00000000,18481.20000000,2593.08000000,6660.00000000,9253.08000000,23293.08000000,4.20594545,392.95833333,218.05631281
episode_2021-01-01_2023-01-01,overlapping_2y_episode,2021-01-01,2023-01-01 00:00:00,6,3,protect_frozen,0.90000000,1000.00000000,1,3824,11472,10978,10978,0.95693863,0.95711297,0.95685146,16544.88333333,704114.50000000,20746.10000000,6,1200.00000000,2200.00000000,2400.00000000,6,12,6,0,False,3,0.50000000,0,3,6,6,7400.00000000,6660.00000000,6460.00000000,17161.60000000,3364.78500000,4260.00000000,7624.78500000,19705.44000000,3.46581136,423.70833333,376.00044326
episode_2021-01-01_2023-01-01,overlapping_2y_episode,2021-01-01,2023-01-01 00:00:00,6,3,stable_hash,0.90000000,1000.00000000,1,3824,11472,10980,10980,0.95711297,0.95711297,0.95711297,16545.31666667,704251.50000000,20607.00000000,6,1200.00000000,2200.00000000,1800.00000000,3,9,3,0,False,1,0.16666667,0,5,6,6,7200.00000000,6480.00000000,6880.00000000,15819.20000000,2794.63500000,4680.00000000,7474.63500000,18917.28000000,3.39756136,325.70833333,488.83523696
episode_2021-01-01_2023-01-01,overlapping_2y_episode,2021-01-01,2023-01-01 00:00:00,8,3,round_robin,0.90000000,1000.00000000,1,3824,11472,11262,11262,0.98169456,0.99398536,0.95711297,16823.07222222,718168.50000000,21715.90000000,8,1600.00000000,2600.00000000,2400.00000000,4,12,4,0,False,1,0.12500000,0,7,8,6,8400.00000000,7560.00000000,7760.00000000,17526.00000000,3181.41000000,5160.00000000,8341.41000000,21137.74500000,3.20823462,311.45833333,429.41784721
episode_2021-01-01_2023-01-01,overlapping_2y_episode,2021-01-01,2023-01-01 00:00:00,8,3,least_trades,0.90000000,1000.00000000,1,3824,11472,11262,11262,0.98169456,0.99398536,0.95711297,16823.07222222,718168.50000000,21715.90000000,8,1600.00000000,2600.00000000,2400.00000000,4,12,4,0,False,1,0.12500000,0,7,8,7,7000.00000000,6300.00000000,6500.00000000,19141.50000000,3306.01500000,3900.00000000,7206.01500000,21127.35000000,2.77154423,405.70833333,194.15763570
episode_2021-01-01_2023-01-01,overlapping_2y_episode,2021-01-01,2023-01-01 00:00:00,8,3,max_headroom,0.90000000,1000.00000000,1,3824,11472,11262,11262,0.98169456,0.99398536,0.95711297,16823.07222222,718168.50000000,21715.90000000,8,1600.00000000,2600.00000000,1600.00000000,0,8,0,0,False,0,0.00000000,0,8,8,5,6800.00000000,6120.00000000,7120.00000000,14915.90000000,1206.81000000,4520.00000000,5726.81000000,18858.57500000,2.20261923,307.66666667,720.78095667
episode_2021-01-01_2023-01-01,overlapping_2y_episode,2021-01-01,2023-01-01 00:00:00,8,3,protect_frozen,0.90000000,1000.00000000,1,3824,11472,11262,11262,0.98169456,0.99398536,0.95711297,16823.07222222,718168.50000000,21715.90000000,8,1600.00000000,2600.00000000,3000.00000000,7,15,7,0,False,2,0.25000000,0,6,8,8,7400.00000000,6660.00000000,6260.00000000,22229.95000000,3782.74500000,3660.00000000,7442.74500000,23666.95500000,2.86259423,423.60416667,139.46947471
episode_2021-01-01_2023-01-01,overlapping_2y_episode,2021-01-01,2023-01-01 00:00:00,8,3,stable_hash,0.90000000,1000.00000000,1,3824,11472,11262,11262,0.98169456,0.99398536,0.95711297,16823.07222222,718168.50000000,21715.90000000,8,1600.00000000,2600.00000000,2400.00000000,4,12,4,0,False,1,0.12500000,0,7,8,7,7000.00000000,6300.00000000,6500.00000000,17838.15000000,3446.91000000,3900.00000000,7346.91000000,20197.56000000,2.82573462,301.77083333,457.44396856
episode_2021-01-01_2023-01-01,overlapping_2y_episode,2021-01-01,2023-01-01 00:00:00,10,3,round_robin,0.90000000,1000.00000000,1,3824,11472,11425,11425,0.99590307,0.99973849,0.99398536,16974.51666667,726249.00000000,21613.25000000,10,2000.00000000,3000.00000000,3200.00000000,6,16,6,0,False,1,0.10000000,0,9,10,8,7400.00000000,6660.00000000,6460.00000000,22199.25000000,3299.94000000,3460.00000000,6759.94000000,23439.32500000,2.25331333,325.47916667,380.00796044
episode_2021-01-01_2023-01-01,overlapping_2y_episode,2021-01-01,2023-01-01 00:00:00,10,3,least_trades,0.90000000,1000.00000000,1,3824,11472,11425,11425,0.99590307,0.99973849,0.99398536,16974.51666667,726249.00000000,21613.25000000,10,2000.00000000,3000.00000000,3800.00000000,9,19,9,0,False,2,0.20000000,0,8,10,9,8000.00000000,7200.00000000,6400.00000000,24044.90000000,3721.77000000,3400.00000000,7121.77000000,25040.41000000,2.37392333,389.87500000,28.08843178
episode_2021-01-01_2023-01-01,overlapping_2y_episode,2021-01-01,2023-01-01 00:00:00,10,3,max_headroom,0.90000000,1000.00000000,1,3824,11472,11425,11425,0.99590307,0.99973849,0.99398536,16974.51666667,726249.00000000,21613.25000000,10,2000.00000000,3000.00000000,2000.00000000,0,10,0,0,False,0,0.00000000,0,10,10,5,6800.00000000,6120.00000000,7120.00000000,14813.25000000,1643.35500000,4120.00000000,5763.35500000,18966.76000000,1.92111833,305.66666667,788.68729545
episode_2021-01-01_2023-01-01,overlapping_2y_episode,2021-01-01,2023-01-01 00:00:00,10,3,protect_frozen,0.90000000,1000.00000000,1,3824,11472,11425,11425,0.99590307,0.99973849,0.99398536,16974.51666667,726249.00000000,21613.25000000,10,2000.00000000,3000.00000000,4000.00000000,10,20,10,0,False,2,0.20000000,0,8,10,9,8200.00000000,7380.00000000,6380.00000000,25292.10000000,4403.92500000,3380.00000000,7783.92500000,27181.62500000,2.59464167,395.95833333,139.68951285
episode_2021-01-01_2023-01-01,overlapping_2y_episode,2021-01-01,2023-01-01 00:00:00,10,3,stable_hash,0.90000000,1000.00000000,1,3824,11472,11425,11425,0.99590307,0.99973849,0.99398536,16974.51666667,726249.00000000,21613.25000000,10,2000.00000000,3000.00000000,3200.00000000,6,16,6,0,False,1,0.10000000,0,9,10,7,8800.00000000,7920.00000000,7720.00000000,20988.15000000,4327.42500000,4720.00000000,9047.42500000,23650.46500000,3.01580833,307.66666667,355.56322926
episode_2021-01-01_2023-01-01,overlapping_2y_episode,2021-01-01,2023-01-01 00:00:00,12,3,round_robin,0.90000000,1000.00000000,1,3824,11472,11469,11469,0.99973849,0.99973849,0.99973849,16999.65000000,728493.00000000,20299.05000000,12,2400.00000000,3400.00000000,3000.00000000,3,15,3,0,False,3,0.25000000,0,9,12,9,9000.00000000,8100.00000000,8500.00000000,19602.45000000,5307.39000000,5100.00000000,10407.39000000,26705.53500000,3.06099706,420.95833333,279.30482900
episode_2021-01-01_2023-01-01,overlapping_2y_episode,2021-01-01,2023-01-01 00:00:00,12,3,least_trades,0.90000000,1000.00000000,1,3824,11472,11469,11469,0.99973849,0.99973849,0.99973849,16999.65000000,728493.00000000,20299.05000000,12,2400.00000000,3400.00000000,3000.00000000,3,15,3,0,False,3,0.25000000,0,9,12,6,4800.00000000,4320.00000000,4720.00000000,15841.35000000,709.06500000,1320.00000000,2029.06500000,15577.21500000,0.59678382,306.87500000,0.43301270
episode_2021-01-01_2023-01-01,overlapping_2y_episode,2021-01-01,2023-01-01 00:00:00,12,3,max_headroom,0.90000000,1000.00000000,1,3824,11472,11469,11469,0.99973849,0.99973849,0.99973849,16999.65000000,728493.00000000,20299.05000000,12,2400.00000000,3400.00000000,2400.00000000,0,12,0,0,False,0,0.00000000,0,12,12,6,7800.00000000,7020.00000000,8020.00000000,12499.05000000,1438.83000000,4620.00000000,6058.83000000,19933.18500000,1.78200882,399.31250000,751.38517919
episode_2021-01-01_2023-01-01,overlapping_2y_episode,2021-01-01,2023-01-01 00:00:00,12,3,protect_frozen,0.90000000,1000.00000000,1,3824,11472,11467,11467,0.99956416,0.99973849,0.99921548,16997.37222222,728351.00000000,20249.15000000,12,2400.00000000,3400.00000000,3600.00000000,6,18,6,0,False,3,0.25000000,0,9,12,11,1600.00000000,1440.00000000,1240.00000000,26122.90000000,436.27500000,-2160.00000000,-1723.72500000,21864.28500000,-0.50697794,613.16666667,176.65282965
episode_2021-01-01_2023-01-01,overlapping_2y_episode,2021-01-01,2023-01-01 00:00:00,12,3,stable_hash,0.90000000,1000.00000000,1,3824,11472,11469,11469,0.99973849,0.99973849,0.99973849,16999.65000000,728493.00000000,20299.05000000,12,2400.00000000,3400.00000000,3400.00000000,5,17,5,0,False,1,0.08333333,0,11,12,9,6000.00000000,5400.00000000,5400.00000000,22360.85000000,1501.42500000,2000.00000000,3501.42500000,22962.12500000,1.02983088,378.70833333,327.54171702
episode_2021-01-01_2023-01-01,overlapping_2y_episode,2021-01-01,2023-01-01 00:00:00,15,3,round_robin,0.90000000,1000.00000000,1,3824,11472,11472,11472,1.00000000,1.00000000,1.00000000,17001.36666667,728622.00000000,20468.40000000,15,3000.00000000,4000.00000000,3000.00000000,0,15,0,0,False,0,0.00000000,0,15,15,6,600.00000000,540.00000000,1540.00000000,19868.40000000,0.00000000,-2460.00000000,-2460.00000000,15421.56000000,-0.61500000,573.77083333,2.63818119
episode_2021-01-01_2023-01-01,overlapping_2y_episode,2021-01-01,2023-01-01 00:00:00,15,3,least_trades,0.90000000,1000.00000000,1,3824,11472,11472,11472,1.00000000,1.00000000,1.00000000,17001.36666667,728622.00000000,20468.40000000,15,3000.00000000,4000.00000000,4200.00000000,6,21,6,0,False,3,0.20000000,0,12,15,10,3600.00000000,3240.00000000,3040.00000000,29621.50000000,3551.94000000,-960.00000000,2591.94000000,25699.35000000,0.64798500,479.95833333,0.00000000
episode_2021-01-01_2023-01-01,overlapping_2y_episode,2021-01-01,2023-01-01 00:00:00,15,3,max_headroom,0.90000000,1000.00000000,1,3824,11472,11472,11472,1.00000000,1.00000000,1.00000000,17001.36666667,728622.00000000,20468.40000000,15,3000.00000000,4000.00000000,3000.00000000,0,15,0,0,False,0,0.00000000,0,15,15,9,7200.00000000,6480.00000000,7480.00000000,13268.40000000,0.00000000,3480.00000000,3480.00000000,18816.00000000,0.87000000,416.12500000,451.01902399
episode_2021-01-01_2023-01-01,overlapping_2y_episode,2021-01-01,2023-01-01 00:00:00,15,3,protect_frozen,0.90000000,1000.00000000,1,3824,11472,11471,11471,0.99991283,1.00000000,0.99973849,17000.79444444,728579.00000000,20411.95000000,14,3000.00000000,4000.00000000,4800.00000000,9,24,9,0,False,3,0.20000000,0,12,15,14,1800.00000000,1620.00000000,820.00000000,34618.50000000,1259.46000000,-3180.00000000,-1920.54000000,27976.65000000,-0.48013500,504.95833333,111.20551545
episode_2021-01-01_2023-01-01,overlapping_2y_episode,2021-01-01,2023-01-01 00:00:00,15,3,stable_hash,0.90000000,1000.00000000,1,3824,11472,11472,11472,1.00000000,1.00000000,1.00000000,17001.36666667,728622.00000000,20468.40000000,15,3000.00000000,4000.00000000,4200.00000000,6,21,6,0,False,1,0.06666667,0,14,15,8,5400.00000000,4860.00000000,4660.00000000,22474.30000000,1876.59000000,660.00000000,2536.59000000,21688.77000000,0.63414750,343.66666667,283.67245588
episode_2021-01-01_2023-01-01,overlapping_2y_episode,2021-01-01,2023-01-01 00:00:00,20,3,round_robin,0.90000000,1000.00000000,1,3824,11472,11472,11472,1.00000000,1.00000000,1.00000000,17001.36666667,728622.00000000,20468.40000000,15,4000.00000000,5000.00000000,5400.00000000,7,27,7,0,False,1,0.05000000,0,19,20,6,6000.00000000,5400.00000000,5000.00000000,23332.15000000,4701.60000000,0.00000000,4701.60000000,24319.57500000,0.94032000,423.70833333,178.27346269
episode_2021-01-01_2023-01-01,overlapping_2y_episode,2021-01-01,2023-01-01 00:00:00,20,3,least_trades,0.90000000,1000.00000000,1,3824,11472,11472,11472,1.00000000,1.00000000,1.00000000,17001.36666667,728622.00000000,20468.40000000,15,4000.00000000,5000.00000000,5400.00000000,7,27,7,0,False,1,0.05000000,0,19,20,7,3000.00000000,2700.00000000,2300.00000000,27265.05000000,1497.46500000,-2700.00000000,-1202.53500000,25272.49500000,-0.24050700,451.87500000,96.32262195
episode_2021-01-01_2023-01-01,overlapping_2y_episode,2021-01-01,2023-01-01 00:00:00,20,3,max_headroom,0.90000000,1000.00000000,1,3824,11472,11472,11472,1.00000000,1.00000000,1.00000000,17001.36666667,728622.00000000,20468.40000000,15,4000.00000000,5000.00000000,4000.00000000,0,20,0,0,False,0,0.00000000,0,20,20,12,7400.00000000,6660.00000000,7660.00000000,13068.40000000,0.00000000,2660.00000000,2660.00000000,18228.38000000,0.53200000,306.87500000,364.45677384
episode_2021-01-01_2023-01-01,overlapping_2y_episode,2021-01-01,2023-01-01 00:00:00,20,3,protect_frozen,0.90000000,1000.00000000,1,3824,11472,11472,11472,1.00000000,1.00000000,1.00000000,17001.36666667,728622.00000000,20468.40000000,15,4000.00000000,5000.00000000,5200.00000000,6,26,8,0,False,1,0.05555556,0,17,18,12,400.00000000,360.00000000,160.00000000,35704.35000000,860.17500000,-4840.00000000,-3979.82500000,28237.43000000,-0.79596500,649.31250000,193.07889547
episode_2021-01-01_2023-01-01,overlapping_2y_episode,2021-01-01,2023-01-01 00:00:00,20,3,stable_hash,0.90000000,1000.00000000,1,3824,11472,11472,11472,1.00000000,1.00000000,1.00000000,17001.36666667,728622.00000000,20468.40000000,15,4000.00000000,5000.00000000,5600.00000000,8,28,8,0,False,1,0.05000000,0,19,20,7,6800.00000000,6120.00000000,5520.00000000,25626.20000000,3086.14500000,520.00000000,3606.14500000,25455.58000000,0.72122900,272.35416667,214.52787698
episode_2021-01-01_2023-01-01,overlapping_2y_episode,2021-01-01,2023-01-01 00:00:00,8,4,round_robin,0.90000000,1000.00000000,1,3824,15296,14637,14637,0.95691684,0.95711297,0.95685146,22058.45555556,938837.00000000,27608.15000000,8,1600.00000000,2600.00000000,2400.00000000,4,12,4,0,False,4,0.50000000,0,4,8,8,12000.00000000,10800.00000000,11000.00000000,22807.15000000,4531.99500000,8400.00000000,12931.99500000,28926.43500000,4.97384423,307.66666667,290.37580714
episode_2021-01-01_2023-01-01,overlapping_2y_episode,2021-01-01,2023-01-01 00:00:00,8,4,least_trades,0.90000000,1000.00000000,1,3824,15296,14638,14638,0.95698222,0.95711297,0.95685146,22058.15555556,938876.00000000,27604.10000000,8,1600.00000000,2600.00000000,3200.00000000,8,16,8,0,False,4,0.50000000,0,4,8,8,11400.00000000,10260.00000000,9660.00000000,25788.20000000,7953.16500000,7060.00000000,15013.16500000,30269.38000000,5.77429423,411.89583333,338.75064576
episode_2021-01-01_2023-01-01,overlapping_2y_episode,2021-01-01,2023-01-01 00:00:00,8,4,max_headroom,0.90000000,1000.00000000,1,3824,15296,14637,14637,0.95691684,0.95711297,0.95685146,22058.57222222,938802.50000000,27678.65000000,8,1600.00000000,2600.00000000,2400.00000000,4,12,4,0,False,4,0.50000000,0,4,8,8,13000.00000000,11700.00000000,11900.00000000,24197.45000000,3057.70500000,9300.00000000,12357.70500000,31077.70500000,4.75296346,392.95833333,402.46550706
episode_2021-01-01_2023-01-01,overlapping_2y_episode,2021-01-01,2023-01-01 00:00:00,8,4,protect_frozen,0.90000000,1000.00000000,1,3824,15296,14637,14637,0.95691684,0.95711297,0.95685146,22059.77222222,938796.50000000,27684.65000000,8,1600.00000000,2600.00000000,3200.00000000,8,16,8,0,False,4,0.50000000,0,4,8,8,9800.00000000,8820.00000000,8220.00000000,22840.25000000,4559.89500000,5620.00000000,10179.89500000,26176.22500000,3.91534423,423.70833333,376.62595420
episode_2021-01-01_2023-01-01,overlapping_2y_episode,2021-01-01,2023-01-01 00:00:00,8,4,stable_hash,0.90000000,1000.00000000,1,3824,15296,14640,14640,0.95711297,0.95711297,0.95711297,22060.42222222,939002.00000000,27476.00000000,8,1600.00000000,2600.00000000,2800.00000000,6,14,6,0,False,1,0.12500000,0,7,8,8,11400.00000000,10260.00000000,10060.00000000,19973.70000000,3100.27500000,7460.00000000,10560.27500000,25436.33000000,4.06164423,325.70833333,550.97702992
episode_2021-01-01_2023-01-01,overlapping_2y_episode,2021-01-01,2023-01-01 00:00:00,10,4,round_robin,0.90000000,1000.00000000,1,3824,15296,14922,14922,0.97554916,0.99398536,0.95711297,22338.17777778,952919.00000000,28584.90000000,10,2000.00000000,3000.00000000,3800.00000000,9,19,9,0,False,2,0.20000000,0,8,10,9,11400.00000000,10260.00000000,9460.00000000,24681.25000000,3105.04500000,6460.00000000,9565.04500000,28673.12500000,3.18834833,388.87500000,487.10722639
episode_2021-01-01_2023-01-01,overlapping_2y_episode,2021-01-01,2023-01-01 00:00:00,10,4,least_trades,0.90000000,1000.00000000,1,3824,15296,14922,14922,0.97554916,0.99398536,0.95711297,22338.17777778,952919.00000000,28584.90000000,10,2000.00000000,3000.00000000,3400.00000000,7,17,7,0,False,2,0.20000000,0,8,10,9,9800.00000000,8820.00000000,8420.00000000,22900.35000000,3287.11500000,5420.00000000,8707.11500000,26030.31500000,2.90237167,398.41666667,201.40012413
episode_2021-01-01_2023-01-01,overlapping_2y_episode,2021-01-01,2023-01-01 00:00:00,10,4,max_headroom,0.90000000,1000.00000000,1,3824,15296,14922,14922,0.97554916,0.99398536,0.95711297,22338.17777778,952919.00000000,28584.90000000,10,2000.00000000,3000.00000000,2000.00000000,0,10,0,0,False,0,0.00000000,0,10,10,8,10400.00000000,9360.00000000,10360.00000000,18184.90000000,1448.73000000,7360.00000000,8808.73000000,27126.43000000,2.93624333,307.66666667,732.82587291
episode_2021-01-01_2023-01-01,overlapping_2y_episode,2021-01-01,2023-01-01 00:00:00,10,4,protect_frozen,0.90000000,1000.00000000,1,3824,15296,14922,14922,0.97554916,0.99398536,0.95711297,22338.17777778,952919.00000000,28584.90000000,10,2000.00000000,3000.00000000,3600.00000000,8,18,8,0,False,2,0.20000000,0,8,10,10,7600.00000000,6840.00000000,6240.00000000,24201.15000000,1987.83000000,3240.00000000,5227.83000000,25021.03500000,1.74261000,423.60416667,153.47315726
episode_2021-01-01_2023-01-01,overlapping_2y_episode,2021-01-01,2023-01-01 00:00:00,10,4,stable_hash,0.90000000,1000.00000000,1,3824,15296,14922,14922,0.97554916,0.99398536,0.95711297,22338.17777778,952919.00000000,28584.90000000,10,2000.00000000,3000.00000000,3400.00000000,7,17,7,0,False,1,0.10000000,0,9,10,7,10000.00000000,9000.00000000,8600.00000000,21828.95000000,5293.30500000,5600.00000000,10893.30500000,25345.01000000,3.63110167,306.87500000,487.65796415
episode_2021-01-01_2023-01-01,overlapping_2y_episode,2021-01-01,2023-01-01 00:00:00,12,4,round_robin,0.90000000,1000.00000000,1,3824,15296,15204,15204,0.99398536,0.99398536,0.99398536,22615.93333333,966836.00000000,29693.80000000,12,2400.00000000,3400.00000000,3200.00000000,4,16,4,0,False,4,0.33333333,0,8,12,6,6000.00000000,5400.00000000,5600.00000000,22258.00000000,2071.80000000,2200.00000000,4271.80000000,22232.20000000,1.25641176,441.66666667,444.30457521
episode_2021-01-01_2023-01-01,overlapping_2y_episode,2021-01-01,2023-01-01 00:00:00,12,4,least_trades,0.90000000,1000.00000000,1,3824,15296,15204,15204,0.99398536,0.99398536,0.99398536,22615.93333333,966836.00000000,29693.80000000,12,2400.00000000,3400.00000000,3200.00000000,4,16,4,0,False,4,0.33333333,0,8,12,8,11800.00000000,10620.00000000,10820.00000000,25006.00000000,2424.78000000,7420.00000000,9844.78000000,29925.40000000,2.89552353,287.22916667,0.47140452
episode_2021-01-01_2023-01-01,overlapping_2y_episode,2021-01-01,2023-01-01 00:00:00,12,4,max_headroom,0.90000000,1000.00000000,1,3824,15296,15204,15204,0.99398536,0.99398536,0.99398536,22615.93333333,966836.00000000,29693.80000000,12,2400.00000000,3400.00000000,2400.00000000,0,12,0,0,False,0,0.00000000,0,12,12,8,9600.00000000,8640.00000000,9640.00000000,20093.80000000,1966.14000000,6240.00000000,8206.14000000,26926.14000000,2.41357059,402.70833333,789.39512709
episode_2021-01-01_2023-01-01,overlapping_2y_episode,2021-01-01,2023-01-01 00:00:00,12,4,protect_frozen,0.90000000,1000.00000000,1,3824,15296,15204,15204,0.99398536,0.99398536,0.99398536,22615.93333333,966836.00000000,29693.80000000,12,2400.00000000,3400.00000000,4800.00000000,12,24,12,0,False,4,0.33333333,0,8,12,12,8800.00000000,7920.00000000,6520.00000000,31291.15000000,2877.12000000,3120.00000000,5997.12000000,31282.03500000,1.76385882,423.70833333,109.31411798
episode_2021-01-01_2023-01-01,overlapping_2y_episode,2021-01-01,2023-01-01 00:00:00,12,4,stable_hash,0.90000000,1000.00000000,1,3824,15296,15204,15204,0.99398536,0.99398536,0.99398536,22615.93333333,966836.00000000,29693.80000000,12,2400.00000000,3400.00000000,3600.00000000,6,18,6,0,False,1,0.08333333,0,11,12,8,9400.00000000,8460.00000000,8260.00000000,25236.70000000,3976.15500000,4860.00000000,8836.15500000,27644.89500000,2.59886912,306.87500000,379.80748047
episode_2021-01-01_2023-01-01,overlapping_2y_episode,2021-01-01,2023-01-01 00:00:00,15,4,round_robin,0.90000000,1000.00000000,1,3824,15296,15270,15270,0.99830021,0.99973849,0.99398536,22653.63333333,970202.00000000,27722.50000000,15,3000.00000000,4000.00000000,4400.00000000,7,22,7,0,False,1,0.06666667,0,14,15,11,7000.00000000,6300.00000000,5900.00000000,28479.10000000,1225.35000000,1900.00000000,3125.35000000,27981.05500000,0.78133750,417.91666667,343.32146258
episode_2021-01-01_2023-01-01,overlapping_2y_episode,2021-01-01,2023-01-01 00:00:00,15,4,least_trades,0.90000000,1000.00000000,1,3824,15296,15270,15270,0.99830021,0.99973849,0.99398536,22653.63333333,970202.00000000,27722.50000000,15,3000.00000000,4000.00000000,5200.00000000,11,26,11,0,False,2,0.13333333,0,13,15,11,7600.00000000,6840.00000000,5640.00000000,31368.45000000,2821.09500000,1640.00000000,4461.09500000,29871.60500000,1.11527375,130.70833333,14.35022261
episode_2021-01-01_2023-01-01,overlapping_2y_episode,2021-01-01,2023-01-01 00:00:00,15,4,max_headroom,0.90000000,1000.00000000,1,3824,15296,15270,15270,0.99830021,0.99973849,0.99398536,22653.63333333,970202.00000000,27722.50000000,15,3000.00000000,4000.00000000,3000.00000000,0,15,0,0,False,0,0.00000000,0,15,15,8,11200.00000000,10080.00000000,11080.00000000,16522.50000000,1258.06500000,7080.00000000,8338.06500000,25671.57000000,2.08451625,306.87500000,725.23274425
episode_2021-01-01_2023-01-01,overlapping_2y_episode,2021-01-01,2023-01-01 00:00:00,15,4,protect_frozen,0.90000000,1000.00000000,1,3824,15296,15270,15270,0.99830021,0.99973849,0.99398536,22653.63333333,970202.00000000,27722.50000000,15,3000.00000000,4000.00000000,5600.00000000,13,28,13,0,False,4,0.26666667,0,11,15,15,8400.00000000,7560.00000000,5960.00000000,38219.05000000,3592.84500000,1960.00000000,5552.84500000,36357.14500000,1.38821125,423.70833333,37.84318521
episode_2021-01-01_2023-01-01,overlapping_2y_episode,2021-01-01,2023-01-01 00:00:00,15,4,stable_hash,0.90000000,1000.00000000,1,3824,15296,15270,15270,0.99830021,0.99973849,0.99398536,22653.63333333,970202.00000000,27722.50000000,15,3000.00000000,4000.00000000,4600.00000000,8,23,8,0,False,1,0.06666667,0,14,15,11,8600.00000000,7740.00000000,7140.00000000,28873.35000000,3207.73500000,3140.00000000,6347.73500000,29723.75000000,1.58693375,314.47916667,331.18552035
episode_2021-01-01_2023-01-01,overlapping_2y_episode,2021-01-01,2023-01-01 00:00:00,20,4,round_robin,0.90000000,1000.00000000,1,3824,15296,15296,15296,1.00000000,1.00000000,1.00000000,22668.48888889,971496.00000000,27291.20000000,20,4000.00000000,5000.00000000,4000.00000000,0,20,0,0,False,0,0.00000000,0,20,20,8,800.00000000,720.00000000,1720.00000000,26491.20000000,0.00000000,-3280.00000000,-3280.00000000,20562.08000000,-0.65600000,573.77083333,2.63818119
episode_2021-01-01_2023-01-01,overlapping_2y_episode,2021-01-01,2023-01-01 00:00:00,20,4,least_trades,0.90000000,1000.00000000,1,3824,15296,15296,15296,1.00000000,1.00000000,1.00000000,22668.48888889,971496.00000000,27291.20000000,20,4000.00000000,5000.00000000,5600.00000000,8,28,8,0,False,4,0.20000000,0,16,20,12,4800.00000000,4320.00000000,3720.00000000,39271.95000000,3122.68500000,-1280.00000000,1842.68500000,34064.75500000,0.36853700,479.95833333,0.21794495
episode_2021-01-01_2023-01-01,overlapping_2y_episode,2021-01-01,2023-01-01 00:00:00,20,4,max_headroom,0.90000000,1000.00000000,1,3824,15296,15296,15296,1.00000000,1.00000000,1.00000000,22668.48888889,971496.00000000,27291.20000000,20,4000.00000000,5000.00000000,4000.00000000,0,20,0,0,False,0,0.00000000,0,20,20,12,9600.00000000,8640.00000000,9640.00000000,17691.20000000,0.00000000,4640.00000000,4640.00000000,25088.00000000,0.92800000,416.12500000,451.01902399
episode_2021-01-01_2023-01-01,overlapping_2y_episode,2021-01-01,2023-01-01 00:00:00,20,4,protect_frozen,0.90000000,1000.00000000,1,3824,15296,15293,15293,0.99980387,1.00000000,0.99973849,22666.77222222,971367.00000000,27121.85000000,17,4000.00000000,5000.00000000,6400.00000000,12,32,12,0,False,4,0.20000000,0,16,20,18,3400.00000000,3060.00000000,1660.00000000,45585.60000000,2506.81500000,-3340.00000000,-833.18500000,37687.04000000,-0.16663700,504.95833333,182.64060337
episode_2021-01-01_2023-01-01,overlapping_2y_episode,2021-01-01,2023-01-01 00:00:00,20,4,stable_hash,0.90000000,1000.00000000,1,3824,15296,15296,15296,1.00000000,1.00000000,1.00000000,22668.48888889,971496.00000000,27291.20000000,20,4000.00000000,5000.00000000,6000.00000000,10,30,10,0,False,2,0.10000000,0,18,20,10,7600.00000000,6840.00000000,5840.00000000,29565.70000000,1948.41000000,840.00000000,2788.41000000,29822.11500000,0.55768200,305.66666667,291.73114335
episode_2021-01-01_2023-01-01,overlapping_2y_episode,2021-01-01,2023-01-01 00:00:00,20,6,round_robin,0.90000000,1000.00000000,1,3824,22944,22850,22850,0.99590307,0.99973849,0.99398536,33949.03333333,1452498.00000000,43226.49999998,20,4000.00000000,5000.00000000,6800.00000000,14,34,14,0,False,2,0.10000000,0,18,20,14,15600.00000000,14040.00000000,12240.00000000,42608.35000000,6244.69500000,7240.00000000,13484.69500000,46123.87000000,2.69693900,325.47916667,396.69614001
episode_2021-01-01_2023-01-01,overlapping_2y_episode,2021-01-01,2023-01-01 00:00:00,20,6,least_trades,0.90000000,1000.00000000,1,3824,22944,22847,22847,0.99577232,0.99973849,0.99398536,33946.63333333,1452450.50000000,43277.14999998,20,4000.00000000,5000.00000000,7400.00000000,17,37,17,0,False,3,0.15000000,0,17,20,17,15400.00000000,13860.00000000,11460.00000000,47893.50000000,5448.06000000,6460.00000000,11908.06000000,49564.15000000,2.38161200,311.45833333,58.04007236
episode_2021-01-01_2023-01-01,overlapping_2y_episode,2021-01-01,2023-01-01 00:00:00,20,6,max_headroom,0.90000000,1000.00000000,1,3824,22944,22850,22850,0.99590307,0.99973849,0.99398536,33949.03333333,1452498.00000000,43226.49999998,20,4000.00000000,5000.00000000,4000.00000000,0,20,0,0,False,0,0.00000000,0,20,20,10,13600.00000000,12240.00000000,13240.00000000,29626.50000000,3286.71000000,8240.00000000,11526.71000000,37933.52000000,2.30534200,305.66666667,788.68729545
episode_2021-01-01_2023-01-01,overlapping_2y_episode,2021-01-01,2023-01-01 00:00:00,20,6,protect_frozen,0.90000000,1000.00000000,1,3824,22944,22831,22831,0.99507497,0.99895397,0.99137029,33932.15000000,1451142.00000000,43742.44999998,20,4000.00000000,5000.00000000,6800.00000000,14,34,14,0,False,3,0.15000000,0,17,20,20,14200.00000000,12780.00000000,10980.00000000,52967.55000000,6638.22000000,5980.00000000,12618.22000000,53650.79500000,2.52364400,417.52083333,82.94725734
episode_2021-01-01_2023-01-01,overlapping_2y_episode,2021-01-01,2023-01-01 00:00:00,20,6,stable_hash,0.90000000,1000.00000000,1,3824,22944,22850,22850,0.99590307,0.99973849,0.99398536,33949.03333333,1452498.00000000,43226.49999998,20,4000.00000000,5000.00000000,6200.00000000,11,31,11,0,False,1,0.05000000,0,19,20,11,15200.00000000,13680.00000000,12480.00000000,37273.00000000,7964.46000000,7480.00000000,15444.46000000,43232.95000000,3.08889200,339.33333333,416.95665242
episode_2021-01-01_2023-01-01,overlapping_2y_episode,2021-01-01,2023-01-01 00:00:00,24,6,round_robin,0.90000000,1000.00000000,1,3824,22944,22938,22938,0.99973849,0.99973849,0.99973849,33999.30000000,1456986.00000000,40598.09999998,24,4800.00000000,5800.00000000,6600.00000000,9,33,9,0,False,6,0.25000000,1,18,24,15,17200.00000000,15480.00000000,14680.00000000,39798.80000000,11825.95500000,8880.00000000,20705.95500000,48893.28000000,3.56999224,420.95833333,325.51987267
episode_2021-01-01_2023-01-01,overlapping_2y_episode,2021-01-01,2023-01-01 00:00:00,24,6,least_trades,0.90000000,1000.00000000,1,3824,22944,22938,22938,0.99973849,0.99973849,0.99973849,33999.30000000,1456986.00000000,40598.09999998,24,4800.00000000,5800.00000000,6000.00000000,6,30,6,0,False,6,0.25000000,1,18,24,12,9600.00000000,8640.00000000,8440.00000000,31682.70000000,0.00000000,2640.00000000,2640.00000000,31319.13000000,0.45517241,306.87500000,0.43301270
episode_2021-01-01_2023-01-01,overlapping_2y_episode,2021-01-01,2023-01-01 00:00:00,24,6,max_headroom,0.90000000,1000.00000000,1,3824,22944,22938,22938,0.99973849,0.99973849,0.99973849,33999.30000000,1456986.00000000,40598.09999998,24,4800.00000000,5800.00000000,4800.00000000,0,24,0,0,False,0,0.00000000,0,24,24,12,15600.00000000,14040.00000000,15040.00000000,24998.10000000,2877.66000000,9240.00000000,12117.66000000,39866.37000000,2.08925172,399.31250000,751.38517919
episode_2021-01-01_2023-01-01,overlapping_2y_episode,2021-01-01,2023-01-01 00:00:00,24,6,protect_frozen,0.90000000,1000.00000000,1,3824,22944,22922,22922,0.99904114,0.99947699,0.99738494,33976.32777778,1456087.50000000,40404.39999998,24,4800.00000000,5800.00000000,7200.00000000,12,36,12,0,False,6,0.25000000,2,17,24,18,4400.00000000,3960.00000000,2560.00000000,48738.20000000,3128.89500000,-3240.00000000,-111.10500000,42238.39500000,-0.01915603,563.47916667,173.20403832
episode_2021-01-01_2023-01-01,overlapping_2y_episode,2021-01-01,2023-01-01 00:00:00,24,6,stable_hash,0.90000000,1000.00000000,1,3824,22944,22938,22938,0.99973849,0.99973849,0.99973849,33999.30000000,1456986.00000000,40598.09999998,24,4800.00000000,5800.00000000,7400.00000000,13,37,13,0,False,1,0.04166667,0,23,24,15,13600.00000000,12240.00000000,10640.00000000,42869.25000000,6922.57500000,4840.00000000,11762.57500000,44878.21000000,2.02803017,339.33333333,363.27937051
episode_2021-01-01_2023-01-01,overlapping_2y_episode,2021-01-01,2023-01-01 00:00:00,25,6,round_robin,0.90000000,1000.00000000,1,3824,22944,22939,22939,0.99978208,1.00000000,0.99973849,33999.87222222,1457029.00000000,40654.54999998,25,5000.00000000,6000.00000000,8200.00000000,16,41,16,0,False,1,0.04000000,0,24,25,12,17400.00000000,15660.00000000,13460.00000000,46096.80000000,8325.13500000,7460.00000000,15785.13500000,49267.02500000,2.63085583,343.95833333,279.98112508
episode_2021-01-01_2023-01-01,overlapping_2y_episode,2021-01-01,2023-01-01 00:00:00,25,6,least_trades,0.90000000,1000.00000000,1,3824,22944,22939,22939,0.99978208,1.00000000,0.99973849,33999.87222222,1457029.00000000,40654.54999998,25,5000.00000000,6000.00000000,7800.00000000,14,39,14,0,False,3,0.12000000,0,22,25,13,12200.00000000,10980.00000000,9180.00000000,43778.65000000,6301.75500000,3180.00000000,9481.75500000,43991.71500000,1.58029250,333.70833333,105.89380341
episode_2021-01-01_2023-01-01,overlapping_2y_episode,2021-01-01,2023-01-01 00:00:00,25,6,max_headroom,0.90000000,1000.00000000,1,3824,22944,22939,22939,0.99978208,1.00000000,0.99973849,33999.87222222,1457029.00000000,40654.54999998,25,5000.00000000,6000.00000000,5000.00000000,0,25,0,0,False,0,0.00000000,0,25,25,12,18200.00000000,16380.00000000,17380.00000000,22454.55000000,5008.00500000,11380.00000000,16388.00500000,44147.78500000,2.73133417,291.41666667,814.80771130
episode_2021-01-01_2023-01-01,overlapping_2y_episode,2021-01-01,2023-01-01 00:00:00,25,6,protect_frozen,0.90000000,1000.00000000,1,3824,22944,22931,22931,0.99943340,0.99973849,0.99895397,33995.56111111,1456685.50000000,40782.94999998,24,5000.00000000,6000.00000000,8600.00000000,18,43,18,0,False,3,0.14285714,0,18,25,23,6600.00000000,5940.00000000,3340.00000000,56243.85000000,2624.80500000,-2660.00000000,-35.19500000,48912.61000000,-0.00586583,473.12500000,66.14597191
episode_2021-01-01_2023-01-01,overlapping_2y_episode,2021-01-01,2023-01-01 00:00:00,25,6,stable_hash,0.90000000,1000.00000000,1,3824,22944,22939,22939,0.99978208,1.00000000,0.99973849,33999.87222222,1457029.00000000,40654.54999998,25,5000.00000000,6000.00000000,7200.00000000,11,36,11,0,False,1,0.04000000,0,24,25,17,11400.00000000,10260.00000000,9060.00000000,42263.25000000,4289.49000000,3060.00000000,7349.49000000,42935.71500000,1.22491500,336.25000000,313.61823927
episode_2021-01-01_2023-01-01,overlapping_2y_episode,2021-01-01,2023-01-01 00:00:00,30,6,round_robin,0.90000000,1000.00000000,1,3824,22944,22944,22944,1.00000000,1.00000000,1.00000000,34002.73333333,1457244.00000000,40936.79999998,30,6000.00000000,7000.00000000,6000.00000000,0,30,0,0,False,0,0.00000000,0,30,30,12,1200.00000000,1080.00000000,2080.00000000,39736.80000000,0.00000000,-4920.00000000,-4920.00000000,30843.12000000,-0.70285714,573.77083333,2.63818119
episode_2021-01-01_2023-01-01,overlapping_2y_episode,2021-01-01,2023-01-01 00:00:00,30,6,least_trades,0.90000000,1000.00000000,1,3824,22944,22944,22944,1.00000000,1.00000000,1.00000000,34002.73333333,1457244.00000000,40936.79999998,30,6000.00000000,7000.00000000,8400.00000000,12,42,12,0,False,6,0.20000000,2,24,30,18,8400.00000000,7560.00000000,6160.00000000,57303.30000000,3365.37000000,-840.00000000,2525.37000000,50732.97000000,0.36076714,479.95833333,0.33993463
episode_2021-01-01_2023-01-01,overlapping_2y_episode,2021-01-01,2023-01-01 00:00:00,30,6,max_headroom,0.90000000,1000.00000000,1,3824,22944,22944,22944,1.00000000,1.00000000,1.00000000,34002.73333333,1457244.00000000,40936.79999998,30,6000.00000000,7000.00000000,6000.00000000,0,30,0,0,False,0,0.00000000,0,30,30,18,14400.00000000,12960.00000000,13960.00000000,26536.80000000,0.00000000,6960.00000000,6960.00000000,37632.00000000,0.99428571,416.12500000,451.01902399
episode_2021-01-01_2023-01-01,overlapping_2y_episode,2021-01-01,2023-01-01 00:00:00,30,6,protect_frozen,0.90000000,1000.00000000,1,3824,22944,22942,22942,0.99991283,1.00000000,0.99973849,34001.58888889,1457158.00000000,40823.89999998,28,6000.00000000,7000.00000000,9800.00000000,19,49,19,0,False,6,0.20000000,3,23,30,25,5800.00000000,5220.00000000,2420.00000000,67940.90000000,4875.61500000,-4580.00000000,295.61500000,56972.93500000,0.04223071,500.64583333,227.04594738
episode_2021-01-01_2023-01-01,overlapping_2y_episode,2021-01-01,2023-01-01 00:00:00,30,6,stable_hash,0.90000000,1000.00000000,1,3824,22944,22944,22944,1.00000000,1.00000000,1.00000000,34002.73333333,1457244.00000000,40936.79999998,30,6000.00000000,7000.00000000,9000.00000000,15,45,15,0,False,1,0.03333333,0,29,30,14,14400.00000000,12960.00000000,10960.00000000,47230.30000000,6393.82500000,3960.00000000,10353.82500000,47611.80000000,1.47911786,378.97916667,292.90575655
episode_2021-01-01_2023-01-01,overlapping_2y_episode,2021-01-01,2023-01-01 00:00:00,35,6,round_robin,0.90000000,1000.00000000,1,3824,22944,22944,22944,1.00000000,1.00000000,1.00000000,34002.73333333,1457244.00000000,40936.79999998,30,7000.00000000,8000.00000000,10400.00000000,17,52,17,0,False,2,0.05714286,0,33,35,19,13600.00000000,12240.00000000,9840.00000000,57946.70000000,6332.44500000,1840.00000000,8172.44500000,57901.00000000,1.02155562,375.77083333,235.05142121
episode_2021-01-01_2023-01-01,overlapping_2y_episode,2021-01-01,2023-01-01 00:00:00,35,6,least_trades,0.90000000,1000.00000000,1,3824,22944,22944,22944,1.00000000,1.00000000,1.00000000,34002.73333333,1457244.00000000,40936.79999998,30,7000.00000000,8000.00000000,9400.00000000,12,47,12,0,False,4,0.11428571,0,31,35,13,5600.00000000,5040.00000000,3640.00000000,49139.10000000,1179.13500000,-4360.00000000,-3180.86500000,40429.44500000,-0.39760813,389.87500000,1.29551818
episode_2021-01-01_2023-01-01,overlapping_2y_episode,2021-01-01,2023-01-01 00:00:00,35,6,max_headroom,0.90000000,1000.00000000,1,3824,22944,22944,22944,1.00000000,1.00000000,1.00000000,34002.73333333,1457244.00000000,40936.79999998,30,7000.00000000,8000.00000000,7000.00000000,0,35,0,0,False,0,0.00000000,0,35,35,15,18600.00000000,16740.00000000,17740.00000000,22336.80000000,1817.55000000,9740.00000000,11557.55000000,41400.06500000,1.44469375,308.62500000,575.03099757
episode_2021-01-01_2023-01-01,overlapping_2y_episode,2021-01-01,2023-01-01 00:00:00,35,6,protect_frozen,0.90000000,1000.00000000,1,3824,22944,22944,22944,1.00000000,1.00000000,1.00000000,34002.73333333,1457244.00000000,40936.79999998,30,7000.00000000,8000.00000000,8000.00000000,5,40,12,0,False,2,0.05714286,0,28,28,20,200.00000000,180.00000000,180.00000000,55099.00000000,496.35000000,-7820.00000000,-7323.65000000,41907.07000000,-0.91545625,712.70833333,226.76139352
episode_2021-01-01_2023-01-01,overlapping_2y_episode,2021-01-01,2023-01-01 00:00:00,35,6,stable_hash,0.90000000,1000.00000000,1,3824,22944,22944,22944,1.00000000,1.00000000,1.00000000,34002.73333333,1457244.00000000,40936.79999998,30,7000.00000000,8000.00000000,10600.00000000,18,53,18,0,False,2,0.05714286,0,33,35,19,11800.00000000,10620.00000000,8020.00000000,55536.90000000,4908.64500000,20.00000000,4928.64500000,51590.85500000,0.61608062,172.58333333,243.48850034
episode_2021-01-01_2023-01-01,overlapping_2y_episode,2021-01-01,2023-01-01 00:00:00,40,6,round_robin,0.90000000,1000.00000000,1,3824,22944,22944,22944,1.00000000,1.00000000,1.00000000,34002.73333333,1457244.00000000,40936.79999998,30,8000.00000000,9000.00000000,10800.00000000,14,54,14,0,False,2,0.05000000,0,38,40,12,12000.00000000,10800.00000000,9000.00000000,46664.30000000,9403.20000000,0.00000000,9403.20000000,48639.15000000,1.04480000,423.70833333,178.27346269
episode_2021-01-01_2023-01-01,overlapping_2y_episode,2021-01-01,2023-01-01 00:00:00,40,6,least_trades,0.90000000,1000.00000000,1,3824,22944,22944,22944,1.00000000,1.00000000,1.00000000,34002.73333333,1457244.00000000,40936.79999998,30,8000.00000000,9000.00000000,10400.00000000,12,52,12,0,False,2,0.05000000,0,38,40,17,6800.00000000,6120.00000000,4720.00000000,50312.25000000,2482.11000000,-4280.00000000,-1797.89000000,44331.92500000,-0.19976556,423.70833333,104.13541364
episode_2021-01-01_2023-01-01,overlapping_2y_episode,2021-01-01,2023-01-01 00:00:00,40,6,max_headroom,0.90000000,1000.00000000,1,3824,22944,22944,22944,1.00000000,1.00000000,1.00000000,34002.73333333,1457244.00000000,40936.79999998,30,8000.00000000,9000.00000000,8000.00000000,0,40,0,0,False,0,0.00000000,0,40,40,24,14800.00000000,13320.00000000,14320.00000000,26136.80000000,0.00000000,5320.00000000,5320.00000000,36456.76000000,0.59111111,306.87500000,364.45677384
episode_2021-01-01_2023-01-01,overlapping_2y_episode,2021-01-01,2023-01-01 00:00:00,40,6,protect_frozen,0.90000000,1000.00000000,1,3824,22944,22941,22941,0.99986925,1.00000000,0.99973849,34001.01666667,1457115.00000000,40767.44999998,27,8000.00000000,9000.00000000,10600.00000000,13,53,19,0,False,2,0.05882353,0,27,34,25,1800.00000000,1620.00000000,20.00000000,61392.65000000,1797.25500000,-8980.00000000,-7182.74500000,51002.12000000,-0.79808278,557.62500000,195.74056209
episode_2021-01-01_2023-01-01,overlapping_2y_episode,2021-01-01,2023-01-01 00:00:00,40,6,stable_hash,0.90000000,1000.00000000,1,3824,22944,22944,22944,1.00000000,1.00000000,1.00000000,34002.73333333,1457244.00000000,40936.79999998,30,8000.00000000,9000.00000000,11000.00000000,15,55,15,0,False,1,0.02500000,0,39,40,17,10200.00000000,9180.00000000,7180.00000000,52204.10000000,3826.57500000,-1820.00000000,2006.57500000,48061.37500000,0.22295278,341.95833333,193.37272300
episode_2021-01-01_2023-01-01,overlapping_2y_episode,2021-01-01,2023-01-01 00:00:00,25,8,round_robin,0.90000000,1000.00000000,1,3824,30592,30427,30427,0.99460643,0.99895397,0.99398536,45242.03333333,1934746.50000000,58781.14999997,25,5000.00000000,6000.00000000,7600.00000000,13,38,13,0,False,2,0.08000000,0,23,25,21,21200.00000000,19080.00000000,17480.00000000,54913.70000000,7189.56000000,11480.00000000,18669.56000000,61054.88000000,3.11159333,110.95833333,366.31377588
episode_2021-01-01_2023-01-01,overlapping_2y_episode,2021-01-01,2023-01-01 00:00:00,25,8,least_trades,0.90000000,1000.00000000,1,3824,30592,30430,30430,0.99470450,0.99973849,0.99398536,45244.43333333,1934794.00000000,58730.49999997,25,5000.00000000,6000.00000000,8200.00000000,16,41,16,0,False,3,0.12000000,0,22,25,24,18800.00000000,16920.00000000,14720.00000000,59015.40000000,7433.73000000,8720.00000000,16153.73000000,61833.86000000,2.69228833,396.39583333,121.32894791
episode_2021-01-01_2023-01-01,overlapping_2y_episode,2021-01-01,2023-01-01 00:00:00,25,8,max_headroom,0.90000000,1000.00000000,1,3824,30592,30430,30430,0.99470450,0.99973849,0.99398536,45244.43333333,1934794.00000000,58730.49999997,25,5000.00000000,6000.00000000,5000.00000000,0,25,0,0,False,0,0.00000000,0,25,25,15,22800.00000000,20520.00000000,21520.00000000,35930.50000000,2578.00500000,15520.00000000,18098.00500000,50773.45000000,3.01633417,306.87500000,670.39445105
episode_2021-01-01_2023-01-01,overlapping_2y_episode,2021-01-01,2023-01-01 00:00:00,25,8,protect_frozen,0.90000000,1000.00000000,1,3824,30592,30427,30427,0.99460643,0.99895397,0.99398536,45243.00555556,1934586.00000000,58941.64999997,25,5000.00000000,6000.00000000,8800.00000000,19,44,19,0,False,6,0.24000000,1,19,25,24,18600.00000000,16740.00000000,13940.00000000,60559.40000000,6933.19500000,7940.00000000,14873.19500000,62443.46000000,2.47886583,398.41666667,180.44875616
episode_2021-01-01_2023-01-01,overlapping_2y_episode,2021-01-01,2023-01-01 00:00:00,25,8,stable_hash,0.90000000,1000.00000000,1,3824,30592,30430,30430,0.99470450,0.99973849,0.99398536,45244.43333333,1934794.00000000,58730.49999997,25,5000.00000000,6000.00000000,7600.00000000,13,38,13,0,False,1,0.04000000,0,24,25,17,20000.00000000,18000.00000000,16400.00000000,48992.25000000,9150.75000000,10400.00000000,19550.75000000,56717.73500000,3.25845833,340.70833333,401.24635824
episode_2021-01-01_2023-01-01,overlapping_2y_episode,2021-01-01,2023-01-01 00:00:00,30,8,round_robin,0.90000000,1000.00000000,1,3824,30592,30534,30534,0.99810408,0.99973849,0.99398536,45304.41111111,1939988.00000000,55867.29999997,30,6000.00000000,7000.00000000,9200.00000000,16,46,16,0,False,2,0.06666667,0,27,30,23,18400.00000000,16560.00000000,14360.00000000,61036.60000000,2330.46000000,7360.00000000,9690.46000000,62292.94000000,1.38435143,378.97916667,315.27415935
episode_2021-01-01_2023-01-01,overlapping_2y_episode,2021-01-01,2023-01-01 00:00:00,30,8,least_trades,0.90000000,1000.00000000,1,3824,30592,30540,30540,0.99830021,0.99973849,0.99398536,45307.26666667,1940404.00000000,55444.99999997,30,6000.00000000,7000.00000000,9600.00000000,18,48,18,0,False,2,0.06666667,0,28,30,25,24000.00000000,21600.00000000,19000.00000000,62054.65000000,8660.34000000,12000.00000000,20660.34000000,70777.15500000,2.95147714,130.70833333,96.04744777
episode_2021-01-01_2023-01-01,overlapping_2y_episode,2021-01-01,2023-01-01 00:00:00,30,8,max_headroom,0.90000000,1000.00000000,1,3824,30592,30540,30540,0.99830021,0.99973849,0.99398536,45307.26666667,1940404.00000000,55444.99999997,30,6000.00000000,7000.00000000,6000.00000000,0,30,0,0,False,0,0.00000000,0,30,30,16,22400.00000000,20160.00000000,21160.00000000,33045.00000000,2516.13000000,14160.00000000,16676.13000000,51343.14000000,2.38230429,306.87500000,725.23274425
episode_2021-01-01_2023-01-01,overlapping_2y_episode,2021-01-01,2023-01-01 00:00:00,30,8,protect_frozen,0.90000000,1000.00000000,1,3824,30592,30490,30490,0.99666579,0.99973849,0.99398536,45278.43333333,1938451.50000000,57219.99999997,30,6000.00000000,7000.00000000,11000.00000000,25,55,25,0,False,6,0.20000000,2,24,30,30,15400.00000000,13860.00000000,9860.00000000,78487.00000000,5079.91500000,2860.00000000,7939.91500000,73498.30000000,1.13427357,423.31250000,81.38318145
episode_2021-01-01_2023-01-01,overlapping_2y_episode,2021-01-01,2023-01-01 00:00:00,30,8,stable_hash,0.90000000,1000.00000000,1,3824,30592,30540,30540,0.99830021,0.99973849,0.99398536,45307.26666667,1940404.00000000,55444.99999997,30,6000.00000000,7000.00000000,8800.00000000,14,44,14,0,False,2,0.06666667,0,28,30,19,17400.00000000,15660.00000000,13860.00000000,52432.85000000,7523.95500000,6860.00000000,14383.95500000,56061.92000000,2.05485071,341.95833333,326.55297511
episode_2021-01-01_2023-01-01,overlapping_2y_episode,2021-01-01,2023-01-01 00:00:00,32,8,round_robin,0.90000000,1000.00000000,1,3824,30592,30584,30584,0.99973849,0.99973849,0.99973849,45332.40000000,1942648.00000000,54130.79999997,32,6400.00000000,7400.00000000,8400.00000000,10,42,10,0,False,8,0.25000000,1,24,32,22,22600.00000000,20340.00000000,19340.00000000,53535.80000000,12574.48500000,11940.00000000,24514.48500000,66841.53000000,3.31276824,420.95833333,307.33989734
episode_2021-01-01_2023-01-01,overlapping_2y_episode,2021-01-01,2023-01-01 00:00:00,32,8,least_trades,0.90000000,1000.00000000,1,3824,30592,30584,30584,0.99973849,0.99973849,0.99973849,45332.40000000,1942648.00000000,54130.79999997,32,6400.00000000,7400.00000000,8000.00000000,8,40,8,0,False,8,0.25000000,1,24,32,16,12800.00000000,11520.00000000,10920.00000000,42243.60000000,959.67000000,3520.00000000,4479.67000000,41539.24000000,0.60536081,306.87500000,0.43301270
episode_2021-01-01_2023-01-01,overlapping_2y_episode,2021-01-01,2023-01-01 00:00:00,32,8,max_headroom,0.90000000,1000.00000000,1,3824,30592,30584,30584,0.99973849,0.99973849,0.99973849,45332.40000000,1942648.00000000,54130.79999997,32,6400.00000000,7400.00000000,6400.00000000,0,32,0,0,False,0,0.00000000,0,32,32,16,20800.00000000,18720.00000000,19720.00000000,33330.80000000,3836.88000000,12320.00000000,16156.88000000,53155.16000000,2.18336216,399.31250000,751.38517919
episode_2021-01-01_2023-01-01,overlapping_2y_episode,2021-01-01,2023-01-01 00:00:00,32,8,protect_frozen,0.90000000,1000.00000000,1,3824,30592,30564,30564,0.99908473,0.99947699,0.99869247,45313.20555556,1941439.50000000,53950.29999997,32,6400.00000000,7400.00000000,9200.00000000,14,46,14,0,False,8,0.25000000,2,24,32,24,5000.00000000,4500.00000000,2700.00000000,62875.25000000,3246.43500000,-4700.00000000,-1453.56500000,53869.93000000,-0.19642770,504.95833333,256.87194151
episode_2021-01-01_2023-01-01,overlapping_2y_episode,2021-01-01,2023-01-01 00:00:00,32,8,stable_hash,0.90000000,1000.00000000,1,3824,30592,30584,30584,0.99973849,0.99973849,0.99973849,45332.40000000,1942648.00000000,54130.79999997,32,6400.00000000,7400.00000000,9800.00000000,17,49,17,0,False,1,0.03125000,0,31,32,21,18200.00000000,16380.00000000,13980.00000000,54534.45000000,6875.64000000,6580.00000000,13455.64000000,57417.67000000,1.81832973,322.70833333,299.50284164
episode_2021-01-01_2023-01-01,overlapping_2y_episode,2021-01-01,2023-01-01 00:00:00,35,8,round_robin,0.90000000,1000.00000000,1,3824,30592,30587,30587,0.99983656,1.00000000,0.99973849,45334.11666667,1942777.00000000,54300.14999997,35,7000.00000000,8000.00000000,9600.00000000,13,48,13,0,False,2,0.05714286,0,33,35,25,8400.00000000,7560.00000000,5960.00000000,56407.70000000,1697.04000000,-2040.00000000,-342.96000000,51847.05000000,-0.04287000,410.06250000,283.28234131
episode_2021-01-01_2023-01-01,overlapping_2y_episode,2021-01-01,2023-01-01 00:00:00,35,8,least_trades,0.90000000,1000.00000000,1,3824,30592,30587,30587,0.99983656,1.00000000,0.99973849,45334.11666667,1942777.00000000,54300.14999997,35,7000.00000000,8000.00000000,10400.00000000,17,52,17,0,False,4,0.11428571,0,31,35,24,13600.00000000,12240.00000000,9840.00000000,62652.20000000,6839.28000000,1840.00000000,8679.28000000,60499.70500000,1.08491000,378.93750000,116.51176344
episode_2021-01-01_2023-01-01,overlapping_2y_episode,2021-01-01,2023-01-01 00:00:00,35,8,max_headroom,0.90000000,1000.00000000,1,3824,30592,30587,30587,0.99983656,1.00000000,0.99973849,45334.11666667,1942777.00000000,54300.14999997,35,7000.00000000,8000.00000000,7000.00000000,0,35,0,0,False,0,0.00000000,0,35,35,18,22200.00000000,19980.00000000,20980.00000000,32100.15000000,2150.14500000,12980.00000000,15130.14500000,51990.23000000,1.89126812,306.87500000,664.69676745
episode_2021-01-01_2023-01-01,overlapping_2y_episode,2021-01-01,2023-01-01 00:00:00,35,8,protect_frozen,0.90000000,1000.00000000,1,3824,30592,30584,30584,0.99973849,0.99973849,0.99973849,45332.40000000,1942648.00000000,54130.79999997,32,7000.00000000,8000.00000000,12400.00000000,27,62,27,0,False,3,0.09090909,0,30,35,31,11400.00000000,10260.00000000,5860.00000000,81224.15000000,6303.82500000,-2140.00000000,4163.82500000,71266.65500000,0.52047812,474.62500000,229.19286237
episode_2021-01-01_2023-01-01,overlapping_2y_episode,2021-01-01,2023-01-01 00:00:00,35,8,stable_hash,0.90000000,1000.00000000,1,3824,30592,30587,30587,0.99983656,1.00000000,0.99973849,45334.11666667,1942777.00000000,54300.14999997,35,7000.00000000,8000.00000000,10400.00000000,17,52,17,0,False,1,0.02857143,0,34,35,20,15200.00000000,13680.00000000,11280.00000000,58438.80000000,6138.49500000,3280.00000000,9418.49500000,56572.78000000,1.17731187,343.95833333,289.89049868
episode_2021-01-01_2023-01-01,overlapping_2y_episode,2021-01-01,2023-01-01 00:00:00,40,8,round_robin,0.90000000,1000.00000000,1,3824,30592,30592,30592,1.00000000,1.00000000,1.00000000,45336.97777778,1942992.00000000,54582.39999997,40,8000.00000000,9000.00000000,8000.00000000,0,40,0,0,False,0,0.00000000,0,40,40,16,1600.00000000,1440.00000000,2440.00000000,52982.40000000,0.00000000,-6560.00000000,-6560.00000000,41124.16000000,-0.72888889,573.77083333,2.63818119
episode_2021-01-01_2023-01-01,overlapping_2y_episode,2021-01-01,2023-01-01 00:00:00,40,8,least_trades,0.90000000,1000.00000000,1,3824,30592,30592,30592,1.00000000,1.00000000,1.00000000,45336.97777778,1942992.00000000,54582.39999997,40,8000.00000000,9000.00000000,11200.00000000,16,56,16,0,False,8,0.20000000,2,32,40,24,10800.00000000,9720.00000000,7520.00000000,76356.55000000,2385.13500000,-1480.00000000,905.13500000,67240.89500000,0.10057056,479.95833333,0.41758233
episode_2021-01-01_2023-01-01,overlapping_2y_episode,2021-01-01,2023-01-01 00:00:00,40,8,max_headroom,0.90000000,1000.00000000,1,3824,30592,30592,30592,1.00000000,1.00000000,1.00000000,45336.97777778,1942992.00000000,54582.39999997,40,8000.00000000,9000.00000000,8000.00000000,0,40,0,0,False,0,0.00000000,0,40,40,24,19200.00000000,17280.00000000,18280.00000000,35382.40000000,0.00000000,9280.00000000,9280.00000000,50176.00000000,1.03111111,416.12500000,451.01902399
episode_2021-01-01_2023-01-01,overlapping_2y_episode,2021-01-01,2023-01-01 00:00:00,40,8,protect_frozen,0.90000000,1000.00000000,1,3824,30592,30584,30584,0.99973849,0.99973849,0.99973849,45332.40000000,1942648.00000000,54130.79999997,32,8000.00000000,9000.00000000,12800.00000000,24,64,24,0,False,8,0.20000000,3,28,40,31,7000.00000000,6300.00000000,2500.00000000,87480.80000000,5205.01500000,-6500.00000000,-1294.98500000,73440.34000000,-0.14388722,497.70833333,160.91531935
episode_2021-01-01_2023-01-01,overlapping_2y_episode,2021-01-01,2023-01-01 00:00:00,40,8,stable_hash,0.90000000,1000.00000000,1,3824,30592,30592,30592,1.00000000,1.00000000,1.00000000,45336.97777778,1942992.00000000,54582.39999997,40,8000.00000000,9000.00000000,11400.00000000,17,57,17,0,False,1,0.02500000,0,39,40,20,14400.00000000,12960.00000000,10560.00000000,63267.95000000,5510.07000000,1560.00000000,7070.07000000,59470.90500000,0.78556333,382.62500000,258.07130676
